CUSTOMER_ID,FIRST_NAME,LAST_NAME,CITY,STATE,ZIP
C000001,Ananya,Mehta,Delhi,Delhi,160015
C000002,Reyansh,Chowdhury,Hyderabad,Telangana,232096
C000003,Kiran,Sharma,Hyderabad,Telangana,741347
C000004,Vivaan,Singh,Hyderabad,Telangana,295340
C000005,Vivaan,Patel,Hyderabad,Telangana,220687
C000006,Saanvi,Gupta,Bengaluru,Karnataka,521357
C000007,Diya,Kumar,Chennai,Tamil Nadu,215878
C000008,Asha,Chowdhury,Hyderabad,Telangana,308286
C000009,Aarav,Patel,Hyderabad,Telangana,274899
C000010,Saanvi,Sharma,Kolkata,West Bengal,434767
C000011,Diya,Singh,Mumbai,Maharashtra,489989
C000012,Reyansh,Chowdhury,Hyderabad,Telangana,525515
C000013,Asha,Sharma,Kolkata,West Bengal,153585
C000014,Vivaan,Singh,Delhi,Delhi,481369
C000015,Diya,Singh,Mumbai,Maharashtra,174044
C000016,Reyansh,Sharma,Kolkata,West Bengal,552296
C000017,Diya,Sharma,Hyderabad,Telangana,219556
C000018,Ananya,Kumar,Pune,Maharashtra,636981
C000019,Diya,Reddy,Delhi,Delhi,310235
C000020,Ananya,Singh,Bengaluru,Karnataka,135939
C000021,Rahul,Sharma,Bengaluru,Karnataka,262906
C000022,Diya,Reddy,Bengaluru,Karnataka,652335
C000023,Saanvi,Singh,Chennai,Tamil Nadu,398249
C000024,Rahul,Sharma,Delhi,Delhi,185766
C000025,Ananya,Kumar,Ahmedabad,Gujarat,518923
C000026,Diya,Gupta,Ahmedabad,Gujarat,525192
C000027,Ananya,Sharma,Chennai,Tamil Nadu,678550
C000028,Rahul,Mehta,Chennai,Tamil Nadu,497261
C000029,Vivaan,Gupta,Hyderabad,Telangana,795440
C000030,Asha,Reddy,Pune,Maharashtra,762664
C000031,Aarav,Patel,Pune,Maharashtra,564589
C000032,Reyansh,Gupta,Hyderabad,Telangana,247848
C000033,Vivaan,Reddy,Mumbai,Maharashtra,727075
C000034,Diya,Reddy,Pune,Maharashtra,237948
C000035,Rahul,Kumar,Delhi,Delhi,689304
C000036,Aarav,Reddy,Hyderabad,Telangana,512690
C000037,Asha,Kumar,Mumbai,Maharashtra,609046
C000038,Rahul,Patel,Pune,Maharashtra,561269
C000039,Kiran,Mehta,Pune,Maharashtra,131959
C000040,Saanvi,Gupta,Delhi,Delhi,770890
C000041,Diya,Reddy,Kolkata,West Bengal,338576
C000042,Asha,Singh,Hyderabad,Telangana,647833
C000043,Rahul,Reddy,Chennai,Tamil Nadu,275838
C000044,Kiran,Gupta,Bengaluru,Karnataka,445674
C000045,Asha,Sharma,Kolkata,West Bengal,171087
C000046,Saanvi,Kumar,Hyderabad,Telangana,703128
C000047,Kiran,Mehta,Kolkata,West Bengal,228451
C000048,Priya,Chowdhury,Ahmedabad,Gujarat,557600
C000049,Asha,Chowdhury,Chennai,Tamil Nadu,549792
C000050,Vivaan,Gupta,Bengaluru,Karnataka,149353
C000051,Vivaan,Kumar,Pune,Maharashtra,303075
C000052,Ananya,Kumar,Hyderabad,Telangana,324283
C000053,Aarav,Sharma,Bengaluru,Karnataka,424877
C000054,Priya,Patel,Chennai,Tamil Nadu,175318
C000055,Rahul,Kumar,Ahmedabad,Gujarat,592690
C000056,Priya,Reddy,Kolkata,West Bengal,526880
C000057,Reyansh,Sharma,Chennai,Tamil Nadu,701460
C000058,Rahul,Kumar,Delhi,Delhi,203264
C000059,Asha,Chowdhury,Bengaluru,Karnataka,335281
C000060,Asha,Kumar,Mumbai,Maharashtra,747147
C000061,Priya,Singh,Delhi,Delhi,504070
C000062,Asha,Mehta,Ahmedabad,Gujarat,462228
C000063,Kiran,Reddy,Ahmedabad,Gujarat,541839
C000064,Reyansh,Chowdhury,Ahmedabad,Gujarat,379536
C000065,Saanvi,Kumar,Ahmedabad,Gujarat,427824
C000066,Asha,Chowdhury,Hyderabad,Telangana,367426
C000067,Saanvi,Chowdhury,Chennai,Tamil Nadu,287789
C000068,Saanvi,Kumar,Delhi,Delhi,623153
C000069,Diya,Mehta,Hyderabad,Telangana,235657
C000070,Reyansh,Singh,Delhi,Delhi,345167
C000071,Rahul,Singh,Chennai,Tamil Nadu,791669
C000072,Vivaan,Reddy,Chennai,Tamil Nadu,590671
C000073,Diya,Chowdhury,Kolkata,West Bengal,180467
C000074,Aarav,Kumar,Kolkata,West Bengal,293734
C000075,Rahul,Sharma,Kolkata,West Bengal,732794
C000076,Priya,Sharma,Kolkata,West Bengal,219751
C000077,Saanvi,Reddy,Pune,Maharashtra,491050
C000078,Asha,Kumar,Kolkata,West Bengal,571079
C000079,Ananya,Gupta,Ahmedabad,Gujarat,478452
C000080,Priya,Sharma,Kolkata,West Bengal,216081
C000081,Diya,Reddy,Kolkata,West Bengal,723333
C000082,Priya,Singh,Bengaluru,Karnataka,668986
C000083,Rahul,Sharma,Mumbai,Maharashtra,220078
C000084,Rahul,Singh,Delhi,Delhi,132671
C000085,Reyansh,Sharma,Ahmedabad,Gujarat,528400
C000086,Rahul,Mehta,Hyderabad,Telangana,465528
C000087,Priya,Mehta,Chennai,Tamil Nadu,720490
C000088,Rahul,Gupta,Pune,Maharashtra,161663
C000089,Saanvi,Patel,Kolkata,West Bengal,125708
C000090,Aarav,Sharma,Ahmedabad,Gujarat,421955
C000091,Ananya,Patel,Pune,Maharashtra,243883
C000092,Aarav,Kumar,Mumbai,Maharashtra,428394
C000093,Aarav,Singh,Chennai,Tamil Nadu,222547
C000094,Reyansh,Chowdhury,Chennai,Tamil Nadu,669042
C000095,Kiran,Kumar,Delhi,Delhi,252483
C000096,Saanvi,Mehta,Ahmedabad,Gujarat,768271
C000097,Kiran,Patel,Bengaluru,Karnataka,324835
C000098,Saanvi,Patel,Bengaluru,Karnataka,511896
C000099,Saanvi,Reddy,Mumbai,Maharashtra,194896
C000100,Ananya,Patel,Kolkata,West Bengal,587095
C000101,Vivaan,Gupta,Chennai,Tamil Nadu,181295
C000102,Kiran,Sharma,Delhi,Delhi,383255
C000103,Asha,Reddy,Pune,Maharashtra,409648
C000104,Vivaan,Mehta,Pune,Maharashtra,767162
C000105,Rahul,Chowdhury,Mumbai,Maharashtra,118155
C000106,Rahul,Mehta,Delhi,Delhi,576872
C000107,Reyansh,Reddy,Ahmedabad,Gujarat,484705
C000108,Asha,Gupta,Bengaluru,Karnataka,681542
C000109,Priya,Reddy,Ahmedabad,Gujarat,720269
C000110,Diya,Kumar,Hyderabad,Telangana,664594
C000111,Saanvi,Chowdhury,Delhi,Delhi,257718
C000112,Priya,Reddy,Chennai,Tamil Nadu,418987
C000113,Aarav,Chowdhury,Pune,Maharashtra,755263
C000114,Reyansh,Chowdhury,Pune,Maharashtra,468745
C000115,Diya,Gupta,Chennai,Tamil Nadu,217512
C000116,Saanvi,Gupta,Pune,Maharashtra,257443
C000117,Asha,Kumar,Mumbai,Maharashtra,580587
C000118,Ananya,Reddy,Delhi,Delhi,483616
C000119,Asha,Kumar,Ahmedabad,Gujarat,767409
C000120,Priya,Chowdhury,Ahmedabad,Gujarat,796976
C000121,Vivaan,Gupta,Mumbai,Maharashtra,475871
C000122,Rahul,Kumar,Chennai,Tamil Nadu,485037
C000123,Kiran,Mehta,Hyderabad,Telangana,227796
C000124,Asha,Mehta,Ahmedabad,Gujarat,401999
C000125,Asha,Mehta,Kolkata,West Bengal,302506
C000126,Priya,Gupta,Pune,Maharashtra,379544
C000127,Saanvi,Kumar,Hyderabad,Telangana,490002
C000128,Ananya,Mehta,Delhi,Delhi,649439
C000129,Asha,Singh,Delhi,Delhi,700978
C000130,Ananya,Chowdhury,Chennai,Tamil Nadu,638787
C000131,Kiran,Gupta,Hyderabad,Telangana,640583
C000132,Ananya,Gupta,Delhi,Delhi,498215
C000133,Diya,Singh,Chennai,Tamil Nadu,431184
C000134,Aarav,Singh,Hyderabad,Telangana,532515
C000135,Aarav,Sharma,Hyderabad,Telangana,778234
C000136,Reyansh,Chowdhury,Hyderabad,Telangana,488480
C000137,Aarav,Gupta,Delhi,Delhi,142711
C000138,Priya,Chowdhury,Ahmedabad,Gujarat,611157
C000139,Reyansh,Sharma,Pune,Maharashtra,294423
C000140,Priya,Patel,Hyderabad,Telangana,626349
C000141,Rahul,Chowdhury,Delhi,Delhi,767917
C000142,Kiran,Sharma,Delhi,Delhi,243272
C000143,Reyansh,Gupta,Bengaluru,Karnataka,753409
C000144,Ananya,Patel,Delhi,Delhi,187505
C000145,Kiran,Kumar,Kolkata,West Bengal,112869
C000146,Priya,Chowdhury,Kolkata,West Bengal,564351
C000147,Kiran,Reddy,Hyderabad,Telangana,422252
C000148,Kiran,Sharma,Hyderabad,Telangana,746584
C000149,Ananya,Kumar,Delhi,Delhi,728467
C000150,Vivaan,Singh,Hyderabad,Telangana,200272
C000151,Reyansh,Patel,Chennai,Tamil Nadu,148467
C000152,Aarav,Reddy,Bengaluru,Karnataka,590047
C000153,Kiran,Chowdhury,Ahmedabad,Gujarat,769347
C000154,Aarav,Kumar,Hyderabad,Telangana,168871
C000155,Saanvi,Chowdhury,Hyderabad,Telangana,238391
C000156,Ananya,Gupta,Delhi,Delhi,549430
C000157,Rahul,Patel,Chennai,Tamil Nadu,720704
C000158,Reyansh,Gupta,Chennai,Tamil Nadu,366687
C000159,Vivaan,Sharma,Bengaluru,Karnataka,217450
C000160,Saanvi,Gupta,Bengaluru,Karnataka,281890
C000161,Vivaan,Chowdhury,Ahmedabad,Gujarat,548741
C000162,Rahul,Gupta,Hyderabad,Telangana,391974
C000163,Priya,Patel,Ahmedabad,Gujarat,510109
C000164,Rahul,Mehta,Mumbai,Maharashtra,226381
C000165,Aarav,Patel,Hyderabad,Telangana,583125
C000166,Kiran,Sharma,Chennai,Tamil Nadu,681621
C000167,Kiran,Sharma,Hyderabad,Telangana,244508
C000168,Priya,Chowdhury,Bengaluru,Karnataka,509111
C000169,Reyansh,Reddy,Hyderabad,Telangana,260810
C000170,Vivaan,Chowdhury,Ahmedabad,Gujarat,402890
C000171,Rahul,Mehta,Pune,Maharashtra,683665
C000172,Vivaan,Singh,Pune,Maharashtra,470032
C000173,Rahul,Chowdhury,Pune,Maharashtra,479599
C000174,Rahul,Sharma,Hyderabad,Telangana,770960
C000175,Vivaan,Mehta,Ahmedabad,Gujarat,281836
C000176,Diya,Patel,Hyderabad,Telangana,155714
C000177,Asha,Sharma,Kolkata,West Bengal,737234
C000178,Rahul,Sharma,Ahmedabad,Gujarat,740271
C000179,Asha,Mehta,Chennai,Tamil Nadu,576960
C000180,Priya,Sharma,Ahmedabad,Gujarat,234123
C000181,Saanvi,Singh,Chennai,Tamil Nadu,415628
C000182,Priya,Chowdhury,Hyderabad,Telangana,192989
C000183,Aarav,Kumar,Delhi,Delhi,408356
C000184,Saanvi,Sharma,Bengaluru,Karnataka,288274
C000185,Vivaan,Kumar,Kolkata,West Bengal,797995
C000186,Priya,Patel,Delhi,Delhi,435352
C000187,Priya,Gupta,Bengaluru,Karnataka,521927
C000188,Rahul,Chowdhury,Hyderabad,Telangana,241373
C000189,Ananya,Chowdhury,Ahmedabad,Gujarat,548452
C000190,Rahul,Kumar,Bengaluru,Karnataka,225294
C000191,Vivaan,Gupta,Bengaluru,Karnataka,569451
C000192,Diya,Gupta,Kolkata,West Bengal,758307
C000193,Saanvi,Gupta,Mumbai,Maharashtra,175726
C000194,Reyansh,Chowdhury,Ahmedabad,Gujarat,251564
C000195,Diya,Mehta,Ahmedabad,Gujarat,487812
C000196,Priya,Mehta,Kolkata,West Bengal,378246
C000197,Ananya,Reddy,Chennai,Tamil Nadu,228015
C000198,Rahul,Sharma,Chennai,Tamil Nadu,364079
C000199,Priya,Reddy,Pune,Maharashtra,660929
C000200,Reyansh,Chowdhury,Kolkata,West Bengal,799944
C000201,Reyansh,Mehta,Mumbai,Maharashtra,798105
C000202,Priya,Patel,Delhi,Delhi,623758
C000203,Aarav,Singh,Ahmedabad,Gujarat,475890
C000204,Reyansh,Patel,Kolkata,West Bengal,555101
C000205,Saanvi,Mehta,Ahmedabad,Gujarat,146631
C000206,Vivaan,Mehta,Kolkata,West Bengal,182991
C000207,Diya,Chowdhury,Kolkata,West Bengal,114014
C000208,Kiran,Patel,Mumbai,Maharashtra,383237
C000209,Saanvi,Kumar,Chennai,Tamil Nadu,128070
C000210,Rahul,Patel,Delhi,Delhi,166958
C000211,Priya,Singh,Delhi,Delhi,192074
C000212,Aarav,Sharma,Hyderabad,Telangana,645017
C000213,Aarav,Gupta,Pune,Maharashtra,286089
C000214,Diya,Reddy,Pune,Maharashtra,307392
C000215,Ananya,Reddy,Bengaluru,Karnataka,268823
C000216,Reyansh,Singh,Bengaluru,Karnataka,740152
C000217,Kiran,Reddy,Delhi,Delhi,503002
C000218,Priya,Singh,Chennai,Tamil Nadu,608863
C000219,Priya,Gupta,Chennai,Tamil Nadu,477654
C000220,Saanvi,Sharma,Ahmedabad,Gujarat,689036
C000221,Saanvi,Singh,Ahmedabad,Gujarat,640089
C000222,Priya,Mehta,Delhi,Delhi,260262
C000223,Rahul,Gupta,Hyderabad,Telangana,552905
C000224,Saanvi,Kumar,Ahmedabad,Gujarat,345362
C000225,Priya,Patel,Kolkata,West Bengal,554209
C000226,Rahul,Mehta,Chennai,Tamil Nadu,663880
C000227,Saanvi,Sharma,Hyderabad,Telangana,774076
C000228,Saanvi,Sharma,Kolkata,West Bengal,329963
C000229,Kiran,Chowdhury,Mumbai,Maharashtra,590761
C000230,Ananya,Mehta,Hyderabad,Telangana,358710
C000231,Ananya,Gupta,Chennai,Tamil Nadu,330984
C000232,Vivaan,Sharma,Bengaluru,Karnataka,374512
C000233,Priya,Sharma,Hyderabad,Telangana,711863
C000234,Reyansh,Patel,Pune,Maharashtra,378799
C000235,Diya,Reddy,Hyderabad,Telangana,347549
C000236,Ananya,Singh,Bengaluru,Karnataka,704319
C000237,Asha,Gupta,Pune,Maharashtra,594299
C000238,Saanvi,Chowdhury,Bengaluru,Karnataka,722210
C000239,Diya,Patel,Hyderabad,Telangana,558982
C000240,Vivaan,Singh,Ahmedabad,Gujarat,234046
C000241,Rahul,Mehta,Chennai,Tamil Nadu,516619
C000242,Rahul,Sharma,Delhi,Delhi,142097
C000243,Asha,Patel,Hyderabad,Telangana,776326
C000244,Diya,Gupta,Ahmedabad,Gujarat,759150
C000245,Diya,Patel,Kolkata,West Bengal,340229
C000246,Priya,Sharma,Chennai,Tamil Nadu,228834
C000247,Kiran,Kumar,Pune,Maharashtra,203848
C000248,Priya,Gupta,Delhi,Delhi,162921
C000249,Vivaan,Singh,Kolkata,West Bengal,760429
C000250,Aarav,Gupta,Mumbai,Maharashtra,394821
C000251,Vivaan,Patel,Ahmedabad,Gujarat,165609
C000252,Asha,Singh,Chennai,Tamil Nadu,337897
C000253,Priya,Mehta,Kolkata,West Bengal,141024
C000254,Kiran,Singh,Kolkata,West Bengal,180313
C000255,Vivaan,Chowdhury,Kolkata,West Bengal,499957
C000256,Saanvi,Sharma,Kolkata,West Bengal,294078
C000257,Ananya,Chowdhury,Pune,Maharashtra,467429
C000258,Ananya,Mehta,Ahmedabad,Gujarat,571243
C000259,Diya,Mehta,Delhi,Delhi,223632
C000260,Rahul,Gupta,Mumbai,Maharashtra,361451
C000261,Vivaan,Chowdhury,Chennai,Tamil Nadu,113051
C000262,Ananya,Sharma,Delhi,Delhi,486836
C000263,Diya,Kumar,Mumbai,Maharashtra,721523
C000264,Kiran,Kumar,Bengaluru,Karnataka,299407
C000265,Asha,Kumar,Delhi,Delhi,559395
C000266,Ananya,Mehta,Chennai,Tamil Nadu,572894
C000267,Kiran,Sharma,Bengaluru,Karnataka,321810
C000268,Reyansh,Singh,Hyderabad,Telangana,183523
C000269,Reyansh,Patel,Hyderabad,Telangana,204476
C000270,Reyansh,Sharma,Mumbai,Maharashtra,343841
C000271,Ananya,Mehta,Pune,Maharashtra,332866
C000272,Reyansh,Gupta,Mumbai,Maharashtra,196672
C000273,Reyansh,Reddy,Mumbai,Maharashtra,708135
C000274,Vivaan,Chowdhury,Delhi,Delhi,454894
C000275,Diya,Patel,Ahmedabad,Gujarat,138251
C000276,Asha,Kumar,Ahmedabad,Gujarat,737769
C000277,Asha,Gupta,Mumbai,Maharashtra,484710
C000278,Aarav,Sharma,Ahmedabad,Gujarat,660233
C000279,Rahul,Reddy,Ahmedabad,Gujarat,142217
C000280,Priya,Chowdhury,Delhi,Delhi,118308
C000281,Vivaan,Mehta,Delhi,Delhi,378093
C000282,Vivaan,Singh,Bengaluru,Karnataka,293062
C000283,Kiran,Mehta,Hyderabad,Telangana,504366
C000284,Kiran,Gupta,Kolkata,West Bengal,210235
C000285,Asha,Reddy,Ahmedabad,Gujarat,184740
C000286,Vivaan,Kumar,Delhi,Delhi,488496
C000287,Priya,Kumar,Kolkata,West Bengal,287247
C000288,Diya,Chowdhury,Kolkata,West Bengal,773165
C000289,Rahul,Patel,Kolkata,West Bengal,639525
C000290,Rahul,Mehta,Pune,Maharashtra,130056
C000291,Diya,Singh,Hyderabad,Telangana,286615
C000292,Vivaan,Patel,Ahmedabad,Gujarat,297628
C000293,Vivaan,Reddy,Delhi,Delhi,748836
C000294,Diya,Singh,Delhi,Delhi,483632
C000295,Kiran,Mehta,Mumbai,Maharashtra,244415
C000296,Rahul,Mehta,Delhi,Delhi,516716
C000297,Aarav,Gupta,Kolkata,West Bengal,556438
C000298,Diya,Patel,Hyderabad,Telangana,663663
C000299,Reyansh,Chowdhury,Chennai,Tamil Nadu,775022
C000300,Vivaan,Mehta,Chennai,Tamil Nadu,651252
C000301,Vivaan,Gupta,Pune,Maharashtra,747717
C000302,Rahul,Sharma,Chennai,Tamil Nadu,362764
C000303,Aarav,Singh,Hyderabad,Telangana,576882
C000304,Saanvi,Mehta,Hyderabad,Telangana,622153
C000305,Aarav,Singh,Pune,Maharashtra,177215
C000306,Kiran,Reddy,Bengaluru,Karnataka,254356
C000307,Reyansh,Sharma,Delhi,Delhi,313861
C000308,Asha,Kumar,Delhi,Delhi,465612
C000309,Rahul,Chowdhury,Kolkata,West Bengal,564605
C000310,Reyansh,Mehta,Pune,Maharashtra,119435
C000311,Diya,Patel,Hyderabad,Telangana,557556
C000312,Reyansh,Singh,Mumbai,Maharashtra,685581
C000313,Vivaan,Gupta,Mumbai,Maharashtra,188781
C000314,Rahul,Chowdhury,Ahmedabad,Gujarat,301475
C000315,Rahul,Gupta,Ahmedabad,Gujarat,270196
C000316,Asha,Patel,Chennai,Tamil Nadu,336507
C000317,Rahul,Patel,Pune,Maharashtra,416063
C000318,Kiran,Chowdhury,Hyderabad,Telangana,231172
C000319,Aarav,Kumar,Hyderabad,Telangana,466902
C000320,Kiran,Sharma,Kolkata,West Bengal,594963
C000321,Ananya,Gupta,Mumbai,Maharashtra,565968
C000322,Reyansh,Gupta,Chennai,Tamil Nadu,428717
C000323,Diya,Patel,Hyderabad,Telangana,169101
C000324,Priya,Reddy,Mumbai,Maharashtra,605972
C000325,Reyansh,Reddy,Bengaluru,Karnataka,398790
C000326,Asha,Mehta,Chennai,Tamil Nadu,657337
C000327,Rahul,Sharma,Delhi,Delhi,470260
C000328,Aarav,Chowdhury,Kolkata,West Bengal,702673
C000329,Diya,Reddy,Delhi,Delhi,760419
C000330,Rahul,Gupta,Kolkata,West Bengal,543374
C000331,Rahul,Sharma,Delhi,Delhi,657577
C000332,Reyansh,Chowdhury,Pune,Maharashtra,482370
C000333,Vivaan,Reddy,Pune,Maharashtra,381967
C000334,Ananya,Reddy,Delhi,Delhi,301232
C000335,Asha,Patel,Kolkata,West Bengal,414119
C000336,Saanvi,Mehta,Kolkata,West Bengal,119540
C000337,Diya,Singh,Chennai,Tamil Nadu,650652
C000338,Asha,Patel,Delhi,Delhi,507827
C000339,Diya,Mehta,Chennai,Tamil Nadu,661951
C000340,Ananya,Patel,Bengaluru,Karnataka,161991
C000341,Saanvi,Kumar,Bengaluru,Karnataka,298751
C000342,Kiran,Singh,Bengaluru,Karnataka,476326
C000343,Reyansh,Chowdhury,Delhi,Delhi,796337
C000344,Kiran,Chowdhury,Ahmedabad,Gujarat,728992
C000345,Diya,Singh,Pune,Maharashtra,159115
C000346,Vivaan,Chowdhury,Ahmedabad,Gujarat,463151
C000347,Saanvi,Gupta,Ahmedabad,Gujarat,301962
C000348,Diya,Patel,Mumbai,Maharashtra,259143
C000349,Priya,Chowdhury,Hyderabad,Telangana,646226
C000350,Aarav,Mehta,Mumbai,Maharashtra,463824
C000351,Vivaan,Patel,Hyderabad,Telangana,114000
C000352,Priya,Sharma,Kolkata,West Bengal,465754
C000353,Kiran,Kumar,Ahmedabad,Gujarat,361492
C000354,Kiran,Chowdhury,Pune,Maharashtra,609522
C000355,Aarav,Chowdhury,Bengaluru,Karnataka,601072
C000356,Diya,Patel,Delhi,Delhi,148304
C000357,Aarav,Kumar,Bengaluru,Karnataka,614999
C000358,Priya,Singh,Ahmedabad,Gujarat,441593
C000359,Diya,Gupta,Pune,Maharashtra,717274
C000360,Rahul,Mehta,Kolkata,West Bengal,261836
C000361,Diya,Patel,Mumbai,Maharashtra,218940
C000362,Vivaan,Reddy,Pune,Maharashtra,375517
C000363,Saanvi,Singh,Hyderabad,Telangana,777521
C000364,Vivaan,Singh,Pune,Maharashtra,731820
C000365,Saanvi,Reddy,Pune,Maharashtra,495777
C000366,Kiran,Patel,Bengaluru,Karnataka,734674
C000367,Asha,Reddy,Hyderabad,Telangana,661638
C000368,Reyansh,Patel,Pune,Maharashtra,727296
C000369,Asha,Mehta,Kolkata,West Bengal,659639
C000370,Diya,Gupta,Mumbai,Maharashtra,722956
C000371,Ananya,Mehta,Bengaluru,Karnataka,748873
C000372,Ananya,Kumar,Ahmedabad,Gujarat,447497
C000373,Reyansh,Patel,Bengaluru,Karnataka,317869
C000374,Vivaan,Sharma,Hyderabad,Telangana,175953
C000375,Kiran,Singh,Pune,Maharashtra,610328
C000376,Reyansh,Singh,Kolkata,West Bengal,113267
C000377,Kiran,Singh,Bengaluru,Karnataka,192745
C000378,Aarav,Reddy,Ahmedabad,Gujarat,267164
C000379,Ananya,Chowdhury,Pune,Maharashtra,645626
C000380,Priya,Kumar,Hyderabad,Telangana,241484
C000381,Saanvi,Chowdhury,Chennai,Tamil Nadu,641831
C000382,Diya,Chowdhury,Chennai,Tamil Nadu,170692
C000383,Saanvi,Reddy,Ahmedabad,Gujarat,330156
C000384,Reyansh,Kumar,Kolkata,West Bengal,333992
C000385,Saanvi,Sharma,Bengaluru,Karnataka,626771
C000386,Diya,Patel,Ahmedabad,Gujarat,673044
C000387,Saanvi,Patel,Delhi,Delhi,653176
C000388,Saanvi,Chowdhury,Bengaluru,Karnataka,224352
C000389,Rahul,Patel,Bengaluru,Karnataka,195999
C000390,Priya,Mehta,Chennai,Tamil Nadu,127955
C000391,Rahul,Sharma,Mumbai,Maharashtra,180640
C000392,Asha,Mehta,Kolkata,West Bengal,306582
C000393,Rahul,Patel,Chennai,Tamil Nadu,510573
C000394,Ananya,Sharma,Pune,Maharashtra,535695
C000395,Vivaan,Mehta,Pune,Maharashtra,171476
C000396,Reyansh,Sharma,Bengaluru,Karnataka,416955
C000397,Priya,Singh,Hyderabad,Telangana,277280
C000398,Priya,Sharma,Ahmedabad,Gujarat,785510
C000399,Aarav,Gupta,Delhi,Delhi,705468
C000400,Reyansh,Reddy,Chennai,Tamil Nadu,747144
C000401,Saanvi,Kumar,Delhi,Delhi,524568
C000402,Vivaan,Sharma,Hyderabad,Telangana,296141
C000403,Rahul,Chowdhury,Chennai,Tamil Nadu,744736
C000404,Vivaan,Chowdhury,Delhi,Delhi,648685
C000405,Asha,Kumar,Mumbai,Maharashtra,288031
C000406,Saanvi,Reddy,Bengaluru,Karnataka,229180
C000407,Kiran,Mehta,Mumbai,Maharashtra,176234
C000408,Kiran,Reddy,Chennai,Tamil Nadu,674242
C000409,Vivaan,Mehta,Bengaluru,Karnataka,288352
C000410,Asha,Sharma,Delhi,Delhi,189459
C000411,Priya,Sharma,Kolkata,West Bengal,519995
C000412,Diya,Gupta,Kolkata,West Bengal,305004
C000413,Diya,Patel,Mumbai,Maharashtra,576152
C000414,Ananya,Patel,Pune,Maharashtra,169163
C000415,Reyansh,Sharma,Pune,Maharashtra,585853
C000416,Asha,Mehta,Pune,Maharashtra,161934
C000417,Priya,Chowdhury,Bengaluru,Karnataka,535523
C000418,Reyansh,Patel,Bengaluru,Karnataka,564137
C000419,Aarav,Gupta,Ahmedabad,Gujarat,115486
C000420,Aarav,Kumar,Chennai,Tamil Nadu,249407
C000421,Diya,Gupta,Mumbai,Maharashtra,760308
C000422,Asha,Chowdhury,Kolkata,West Bengal,737083
C000423,Aarav,Kumar,Hyderabad,Telangana,330184
C000424,Diya,Sharma,Hyderabad,Telangana,776490
C000425,Saanvi,Patel,Pune,Maharashtra,459652
C000426,Rahul,Reddy,Pune,Maharashtra,752612
C000427,Rahul,Mehta,Ahmedabad,Gujarat,432710
C000428,Priya,Chowdhury,Bengaluru,Karnataka,307775
C000429,Asha,Gupta,Pune,Maharashtra,399336
C000430,Rahul,Patel,Delhi,Delhi,718364
C000431,Kiran,Singh,Kolkata,West Bengal,199780
C000432,Diya,Patel,Hyderabad,Telangana,262617
C000433,Diya,Gupta,Delhi,Delhi,655977
C000434,Priya,Reddy,Hyderabad,Telangana,460605
C000435,Priya,Mehta,Bengaluru,Karnataka,643636
C000436,Aarav,Mehta,Ahmedabad,Gujarat,148102
C000437,Saanvi,Sharma,Kolkata,West Bengal,184460
C000438,Rahul,Mehta,Delhi,Delhi,474778
C000439,Aarav,Singh,Bengaluru,Karnataka,199930
C000440,Aarav,Singh,Ahmedabad,Gujarat,641089
C000441,Ananya,Mehta,Delhi,Delhi,737438
C000442,Rahul,Sharma,Pune,Maharashtra,289208
C000443,Priya,Mehta,Bengaluru,Karnataka,264697
C000444,Priya,Patel,Pune,Maharashtra,323945
C000445,Asha,Mehta,Bengaluru,Karnataka,341915
C000446,Diya,Gupta,Kolkata,West Bengal,318124
C000447,Vivaan,Sharma,Chennai,Tamil Nadu,547477
C000448,Priya,Reddy,Bengaluru,Karnataka,635830
C000449,Saanvi,Gupta,Delhi,Delhi,393821
C000450,Ananya,Gupta,Ahmedabad,Gujarat,287804
C000451,Ananya,Patel,Ahmedabad,Gujarat,149081
C000452,Vivaan,Chowdhury,Bengaluru,Karnataka,465249
C000453,Priya,Patel,Bengaluru,Karnataka,329930
C000454,Diya,Patel,Pune,Maharashtra,627313
C000455,Saanvi,Singh,Hyderabad,Telangana,324532
C000456,Diya,Kumar,Bengaluru,Karnataka,722380
C000457,Ananya,Singh,Delhi,Delhi,629332
C000458,Priya,Sharma,Chennai,Tamil Nadu,426837
C000459,Asha,Mehta,Pune,Maharashtra,399106
C000460,Asha,Singh,Ahmedabad,Gujarat,138295
C000461,Vivaan,Gupta,Delhi,Delhi,123807
C000462,Priya,Reddy,Kolkata,West Bengal,545564
C000463,Kiran,Patel,Kolkata,West Bengal,267504
C000464,Diya,Patel,Bengaluru,Karnataka,348067
C000465,Priya,Mehta,Ahmedabad,Gujarat,595008
C000466,Asha,Singh,Bengaluru,Karnataka,504540
C000467,Rahul,Sharma,Bengaluru,Karnataka,627923
C000468,Asha,Singh,Delhi,Delhi,276981
C000469,Reyansh,Singh,Hyderabad,Telangana,129870
C000470,Ananya,Mehta,Pune,Maharashtra,313196
C000471,Vivaan,Gupta,Hyderabad,Telangana,358683
C000472,Asha,Gupta,Chennai,Tamil Nadu,344677
C000473,Saanvi,Patel,Bengaluru,Karnataka,136790
C000474,Kiran,Singh,Bengaluru,Karnataka,753162
C000475,Kiran,Mehta,Bengaluru,Karnataka,558345
C000476,Aarav,Patel,Mumbai,Maharashtra,597462
C000477,Kiran,Gupta,Mumbai,Maharashtra,649773
C000478,Kiran,Reddy,Chennai,Tamil Nadu,196188
C000479,Priya,Gupta,Mumbai,Maharashtra,639036
C000480,Priya,Kumar,Hyderabad,Telangana,774795
C000481,Saanvi,Chowdhury,Kolkata,West Bengal,758249
C000482,Aarav,Singh,Delhi,Delhi,140355
C000483,Rahul,Chowdhury,Ahmedabad,Gujarat,561015
C000484,Ananya,Mehta,Ahmedabad,Gujarat,516332
C000485,Diya,Mehta,Bengaluru,Karnataka,266542
C000486,Rahul,Singh,Pune,Maharashtra,283416
C000487,Asha,Patel,Pune,Maharashtra,415062
C000488,Ananya,Chowdhury,Pune,Maharashtra,673586
C000489,Saanvi,Chowdhury,Delhi,Delhi,611708
C000490,Reyansh,Patel,Chennai,Tamil Nadu,171629
C000491,Saanvi,Reddy,Mumbai,Maharashtra,438184
C000492,Ananya,Singh,Kolkata,West Bengal,602734
C000493,Kiran,Mehta,Pune,Maharashtra,400160
C000494,Reyansh,Chowdhury,Chennai,Tamil Nadu,658248
C000495,Priya,Gupta,Ahmedabad,Gujarat,323920
C000496,Aarav,Patel,Ahmedabad,Gujarat,352804
C000497,Asha,Chowdhury,Kolkata,West Bengal,486965
C000498,Ananya,Mehta,Chennai,Tamil Nadu,570857
C000499,Aarav,Gupta,Mumbai,Maharashtra,614492
C000500,Kiran,Chowdhury,Ahmedabad,Gujarat,763983
C000501,Asha,Sharma,Hyderabad,Telangana,525916
C000502,Rahul,Singh,Delhi,Delhi,238148
C000503,Diya,Reddy,Hyderabad,Telangana,596261
C000504,Aarav,Reddy,Pune,Maharashtra,465540
C000505,Kiran,Kumar,Mumbai,Maharashtra,302714
C000506,Asha,Gupta,Pune,Maharashtra,393876
C000507,Rahul,Chowdhury,Delhi,Delhi,369747
C000508,Kiran,Patel,Hyderabad,Telangana,725650
C000509,Vivaan,Reddy,Bengaluru,Karnataka,533570
C000510,Diya,Mehta,Pune,Maharashtra,385987
C000511,Ananya,Reddy,Bengaluru,Karnataka,748353
C000512,Aarav,Sharma,Mumbai,Maharashtra,127640
C000513,Diya,Chowdhury,Bengaluru,Karnataka,162528
C000514,Reyansh,Singh,Ahmedabad,Gujarat,369214
C000515,Kiran,Mehta,Pune,Maharashtra,611108
C000516,Rahul,Gupta,Bengaluru,Karnataka,744421
C000517,Asha,Chowdhury,Pune,Maharashtra,478501
C000518,Priya,Sharma,Hyderabad,Telangana,260159
C000519,Diya,Patel,Pune,Maharashtra,282502
C000520,Kiran,Gupta,Kolkata,West Bengal,265576
C000521,Kiran,Chowdhury,Mumbai,Maharashtra,121023
C000522,Kiran,Kumar,Hyderabad,Telangana,655735
C000523,Kiran,Chowdhury,Mumbai,Maharashtra,498043
C000524,Asha,Reddy,Bengaluru,Karnataka,396103
C000525,Ananya,Sharma,Bengaluru,Karnataka,176203
C000526,Ananya,Sharma,Delhi,Delhi,270775
C000527,Diya,Reddy,Ahmedabad,Gujarat,119337
C000528,Rahul,Kumar,Bengaluru,Karnataka,680715
C000529,Asha,Chowdhury,Kolkata,West Bengal,624723
C000530,Reyansh,Kumar,Mumbai,Maharashtra,433673
C000531,Priya,Reddy,Pune,Maharashtra,474167
C000532,Reyansh,Chowdhury,Pune,Maharashtra,456809
C000533,Asha,Mehta,Pune,Maharashtra,740075
C000534,Kiran,Chowdhury,Hyderabad,Telangana,797281
C000535,Ananya,Gupta,Chennai,Tamil Nadu,405451
C000536,Ananya,Gupta,Hyderabad,Telangana,530571
C000537,Ananya,Chowdhury,Hyderabad,Telangana,237016
C000538,Priya,Mehta,Pune,Maharashtra,654447
C000539,Saanvi,Patel,Hyderabad,Telangana,607562
C000540,Rahul,Mehta,Kolkata,West Bengal,493934
C000541,Saanvi,Sharma,Bengaluru,Karnataka,427428
C000542,Vivaan,Mehta,Hyderabad,Telangana,429187
C000543,Saanvi,Chowdhury,Ahmedabad,Gujarat,192844
C000544,Ananya,Gupta,Chennai,Tamil Nadu,661820
C000545,Reyansh,Patel,Hyderabad,Telangana,275421
C000546,Ananya,Sharma,Chennai,Tamil Nadu,232402
C000547,Ananya,Sharma,Chennai,Tamil Nadu,228012
C000548,Rahul,Mehta,Delhi,Delhi,548661
C000549,Vivaan,Singh,Ahmedabad,Gujarat,508929
C000550,Asha,Singh,Mumbai,Maharashtra,690466
C000551,Priya,Chowdhury,Kolkata,West Bengal,683695
C000552,Saanvi,Mehta,Chennai,Tamil Nadu,573556
C000553,Aarav,Patel,Hyderabad,Telangana,685278
C000554,Asha,Sharma,Chennai,Tamil Nadu,239473
C000555,Rahul,Singh,Bengaluru,Karnataka,588007
C000556,Rahul,Chowdhury,Mumbai,Maharashtra,527009
C000557,Saanvi,Sharma,Bengaluru,Karnataka,428714
C000558,Saanvi,Patel,Mumbai,Maharashtra,336156
C000559,Saanvi,Chowdhury,Pune,Maharashtra,278964
C000560,Reyansh,Chowdhury,Ahmedabad,Gujarat,635303
C000561,Ananya,Patel,Hyderabad,Telangana,171813
C000562,Reyansh,Chowdhury,Pune,Maharashtra,137712
C000563,Reyansh,Sharma,Hyderabad,Telangana,734785
C000564,Saanvi,Kumar,Pune,Maharashtra,222816
C000565,Kiran,Reddy,Bengaluru,Karnataka,238778
C000566,Asha,Mehta,Kolkata,West Bengal,696580
C000567,Rahul,Patel,Delhi,Delhi,395977
C000568,Reyansh,Chowdhury,Bengaluru,Karnataka,245230
C000569,Ananya,Sharma,Pune,Maharashtra,379114
C000570,Rahul,Kumar,Hyderabad,Telangana,444618
C000571,Saanvi,Mehta,Ahmedabad,Gujarat,261456
C000572,Kiran,Sharma,Hyderabad,Telangana,215570
C000573,Diya,Kumar,Hyderabad,Telangana,380846
C000574,Vivaan,Chowdhury,Mumbai,Maharashtra,110404
C000575,Reyansh,Reddy,Hyderabad,Telangana,384907
C000576,Vivaan,Gupta,Hyderabad,Telangana,783744
C000577,Kiran,Kumar,Pune,Maharashtra,775220
C000578,Reyansh,Chowdhury,Chennai,Tamil Nadu,345365
C000579,Priya,Mehta,Bengaluru,Karnataka,452786
C000580,Asha,Chowdhury,Kolkata,West Bengal,160612
C000581,Ananya,Patel,Chennai,Tamil Nadu,310244
C000582,Asha,Mehta,Ahmedabad,Gujarat,114809
C000583,Kiran,Patel,Delhi,Delhi,273273
C000584,Asha,Kumar,Mumbai,Maharashtra,254528
C000585,Reyansh,Mehta,Bengaluru,Karnataka,616964
C000586,Vivaan,Kumar,Ahmedabad,Gujarat,559613
C000587,Vivaan,Chowdhury,Ahmedabad,Gujarat,148765
C000588,Priya,Singh,Mumbai,Maharashtra,426076
C000589,Priya,Sharma,Kolkata,West Bengal,656237
C000590,Saanvi,Sharma,Ahmedabad,Gujarat,311152
C000591,Saanvi,Sharma,Kolkata,West Bengal,409888
C000592,Kiran,Patel,Chennai,Tamil Nadu,202193
C000593,Rahul,Mehta,Mumbai,Maharashtra,146187
C000594,Asha,Sharma,Delhi,Delhi,615950
C000595,Priya,Sharma,Delhi,Delhi,248311
C000596,Rahul,Singh,Hyderabad,Telangana,618153
C000597,Rahul,Mehta,Bengaluru,Karnataka,299089
C000598,Priya,Reddy,Kolkata,West Bengal,696165
C000599,Vivaan,Singh,Kolkata,West Bengal,546341
C000600,Vivaan,Singh,Pune,Maharashtra,422066
C000601,Asha,Singh,Kolkata,West Bengal,728362
C000602,Aarav,Sharma,Chennai,Tamil Nadu,797409
C000603,Priya,Reddy,Hyderabad,Telangana,671419
C000604,Ananya,Kumar,Kolkata,West Bengal,750053
C000605,Diya,Singh,Ahmedabad,Gujarat,741172
C000606,Ananya,Patel,Hyderabad,Telangana,235917
C000607,Rahul,Sharma,Mumbai,Maharashtra,409770
C000608,Ananya,Patel,Chennai,Tamil Nadu,591680
C000609,Kiran,Sharma,Delhi,Delhi,391342
C000610,Kiran,Sharma,Ahmedabad,Gujarat,649542
C000611,Aarav,Reddy,Chennai,Tamil Nadu,154238
C000612,Ananya,Kumar,Ahmedabad,Gujarat,111252
C000613,Reyansh,Gupta,Mumbai,Maharashtra,595450
C000614,Kiran,Mehta,Chennai,Tamil Nadu,425826
C000615,Ananya,Gupta,Pune,Maharashtra,431638
C000616,Asha,Kumar,Bengaluru,Karnataka,715605
C000617,Saanvi,Gupta,Kolkata,West Bengal,437359
C000618,Asha,Singh,Mumbai,Maharashtra,712875
C000619,Asha,Chowdhury,Kolkata,West Bengal,116949
C000620,Diya,Reddy,Mumbai,Maharashtra,427537
C000621,Rahul,Reddy,Pune,Maharashtra,772301
C000622,Saanvi,Reddy,Bengaluru,Karnataka,660222
C000623,Asha,Chowdhury,Bengaluru,Karnataka,565102
C000624,Ananya,Gupta,Chennai,Tamil Nadu,447889
C000625,Priya,Sharma,Bengaluru,Karnataka,586467
C000626,Rahul,Singh,Kolkata,West Bengal,466600
C000627,Ananya,Gupta,Kolkata,West Bengal,425557
C000628,Diya,Patel,Chennai,Tamil Nadu,414462
C000629,Diya,Patel,Ahmedabad,Gujarat,360875
C000630,Aarav,Gupta,Chennai,Tamil Nadu,573389
C000631,Kiran,Sharma,Kolkata,West Bengal,180390
C000632,Ananya,Kumar,Delhi,Delhi,363490
C000633,Ananya,Mehta,Ahmedabad,Gujarat,677376
C000634,Aarav,Kumar,Hyderabad,Telangana,357940
C000635,Vivaan,Chowdhury,Chennai,Tamil Nadu,475340
C000636,Kiran,Kumar,Chennai,Tamil Nadu,543027
C000637,Ananya,Mehta,Kolkata,West Bengal,618041
C000638,Rahul,Chowdhury,Hyderabad,Telangana,427623
C000639,Saanvi,Gupta,Pune,Maharashtra,326464
C000640,Asha,Chowdhury,Pune,Maharashtra,620736
C000641,Vivaan,Chowdhury,Ahmedabad,Gujarat,427267
C000642,Ananya,Mehta,Pune,Maharashtra,760199
C000643,Rahul,Sharma,Pune,Maharashtra,333777
C000644,Reyansh,Sharma,Chennai,Tamil Nadu,115569
C000645,Asha,Reddy,Hyderabad,Telangana,704124
C000646,Reyansh,Kumar,Hyderabad,Telangana,738861
C000647,Ananya,Reddy,Pune,Maharashtra,539802
C000648,Priya,Mehta,Chennai,Tamil Nadu,368090
C000649,Priya,Chowdhury,Hyderabad,Telangana,777375
C000650,Reyansh,Mehta,Ahmedabad,Gujarat,155002
C000651,Reyansh,Chowdhury,Bengaluru,Karnataka,771614
C000652,Asha,Sharma,Bengaluru,Karnataka,789574
C000653,Vivaan,Sharma,Mumbai,Maharashtra,608870
C000654,Rahul,Singh,Mumbai,Maharashtra,321791
C000655,Vivaan,Singh,Chennai,Tamil Nadu,312846
C000656,Ananya,Chowdhury,Mumbai,Maharashtra,771450
C000657,Aarav,Chowdhury,Pune,Maharashtra,776997
C000658,Aarav,Sharma,Ahmedabad,Gujarat,787775
C000659,Aarav,Sharma,Kolkata,West Bengal,134071
C000660,Asha,Gupta,Hyderabad,Telangana,692531
C000661,Asha,Reddy,Mumbai,Maharashtra,282312
C000662,Vivaan,Patel,Bengaluru,Karnataka,367218
C000663,Ananya,Kumar,Bengaluru,Karnataka,324879
C000664,Diya,Gupta,Hyderabad,Telangana,473714
C000665,Vivaan,Mehta,Kolkata,West Bengal,536650
C000666,Priya,Kumar,Kolkata,West Bengal,441868
C000667,Saanvi,Patel,Chennai,Tamil Nadu,663020
C000668,Vivaan,Reddy,Mumbai,Maharashtra,755753
C000669,Rahul,Chowdhury,Kolkata,West Bengal,527170
C000670,Aarav,Singh,Mumbai,Maharashtra,167108
C000671,Priya,Reddy,Delhi,Delhi,590721
C000672,Kiran,Patel,Pune,Maharashtra,221195
C000673,Ananya,Kumar,Mumbai,Maharashtra,146668
C000674,Saanvi,Sharma,Ahmedabad,Gujarat,395205
C000675,Saanvi,Sharma,Delhi,Delhi,451396
C000676,Diya,Sharma,Bengaluru,Karnataka,674037
C000677,Kiran,Singh,Chennai,Tamil Nadu,240560
C000678,Vivaan,Gupta,Kolkata,West Bengal,476824
C000679,Kiran,Kumar,Bengaluru,Karnataka,257979
C000680,Asha,Mehta,Kolkata,West Bengal,259849
C000681,Reyansh,Patel,Kolkata,West Bengal,161745
C000682,Aarav,Patel,Pune,Maharashtra,480608
C000683,Ananya,Patel,Kolkata,West Bengal,201865
C000684,Kiran,Reddy,Pune,Maharashtra,322890
C000685,Aarav,Gupta,Pune,Maharashtra,133624
C000686,Priya,Kumar,Ahmedabad,Gujarat,133321
C000687,Asha,Reddy,Pune,Maharashtra,513704
C000688,Reyansh,Reddy,Kolkata,West Bengal,284293
C000689,Kiran,Gupta,Delhi,Delhi,296717
C000690,Vivaan,Patel,Chennai,Tamil Nadu,490975
C000691,Reyansh,Reddy,Hyderabad,Telangana,293868
C000692,Rahul,Mehta,Bengaluru,Karnataka,769792
C000693,Vivaan,Patel,Pune,Maharashtra,205257
C000694,Saanvi,Chowdhury,Mumbai,Maharashtra,698579
C000695,Saanvi,Patel,Pune,Maharashtra,320176
C000696,Vivaan,Singh,Bengaluru,Karnataka,300471
C000697,Priya,Reddy,Kolkata,West Bengal,582930
C000698,Aarav,Patel,Delhi,Delhi,628862
C000699,Asha,Patel,Pune,Maharashtra,585774
C000700,Rahul,Sharma,Pune,Maharashtra,745605
C000701,Rahul,Reddy,Hyderabad,Telangana,249789
C000702,Asha,Kumar,Delhi,Delhi,499593
C000703,Rahul,Singh,Bengaluru,Karnataka,183686
C000704,Saanvi,Gupta,Bengaluru,Karnataka,177661
C000705,Priya,Singh,Hyderabad,Telangana,678535
C000706,Reyansh,Reddy,Delhi,Delhi,355121
C000707,Rahul,Gupta,Hyderabad,Telangana,782108
C000708,Vivaan,Mehta,Ahmedabad,Gujarat,477257
C000709,Ananya,Chowdhury,Hyderabad,Telangana,376765
C000710,Priya,Patel,Chennai,Tamil Nadu,256106
C000711,Saanvi,Sharma,Bengaluru,Karnataka,368930
C000712,Diya,Reddy,Kolkata,West Bengal,770482
C000713,Priya,Mehta,Pune,Maharashtra,558874
C000714,Kiran,Singh,Kolkata,West Bengal,672926
C000715,Diya,Kumar,Hyderabad,Telangana,228033
C000716,Diya,Singh,Ahmedabad,Gujarat,740265
C000717,Diya,Gupta,Kolkata,West Bengal,723157
C000718,Kiran,Kumar,Ahmedabad,Gujarat,739474
C000719,Rahul,Gupta,Pune,Maharashtra,276926
C000720,Diya,Patel,Kolkata,West Bengal,680559
C000721,Kiran,Singh,Chennai,Tamil Nadu,541734
C000722,Priya,Kumar,Mumbai,Maharashtra,483220
C000723,Saanvi,Patel,Ahmedabad,Gujarat,775627
C000724,Priya,Singh,Kolkata,West Bengal,331897
C000725,Ananya,Gupta,Hyderabad,Telangana,111062
C000726,Rahul,Reddy,Bengaluru,Karnataka,357736
C000727,Priya,Chowdhury,Delhi,Delhi,684736
C000728,Asha,Reddy,Kolkata,West Bengal,205462
C000729,Diya,Patel,Mumbai,Maharashtra,509445
C000730,Ananya,Mehta,Delhi,Delhi,560009
C000731,Kiran,Sharma,Bengaluru,Karnataka,682203
C000732,Diya,Reddy,Kolkata,West Bengal,376776
C000733,Aarav,Patel,Delhi,Delhi,738880
C000734,Ananya,Kumar,Hyderabad,Telangana,768956
C000735,Diya,Reddy,Ahmedabad,Gujarat,481923
C000736,Kiran,Singh,Ahmedabad,Gujarat,509384
C000737,Aarav,Chowdhury,Pune,Maharashtra,742387
C000738,Saanvi,Reddy,Delhi,Delhi,641849
C000739,Vivaan,Singh,Delhi,Delhi,577010
C000740,Saanvi,Mehta,Pune,Maharashtra,716440
C000741,Ananya,Chowdhury,Ahmedabad,Gujarat,759324
C000742,Priya,Patel,Pune,Maharashtra,496193
C000743,Priya,Mehta,Ahmedabad,Gujarat,136734
C000744,Saanvi,Sharma,Delhi,Delhi,136069
C000745,Aarav,Mehta,Delhi,Delhi,647198
C000746,Reyansh,Kumar,Delhi,Delhi,445623
C000747,Asha,Singh,Bengaluru,Karnataka,580951
C000748,Asha,Reddy,Pune,Maharashtra,191264
C000749,Ananya,Reddy,Ahmedabad,Gujarat,133275
C000750,Reyansh,Reddy,Bengaluru,Karnataka,706562
C000751,Aarav,Kumar,Kolkata,West Bengal,584665
C000752,Kiran,Reddy,Ahmedabad,Gujarat,472920
C000753,Aarav,Kumar,Kolkata,West Bengal,301076
C000754,Saanvi,Patel,Chennai,Tamil Nadu,304053
C000755,Asha,Singh,Delhi,Delhi,682735
C000756,Diya,Kumar,Pune,Maharashtra,709991
C000757,Vivaan,Gupta,Ahmedabad,Gujarat,222581
C000758,Asha,Mehta,Ahmedabad,Gujarat,375956
C000759,Kiran,Reddy,Kolkata,West Bengal,531240
C000760,Diya,Mehta,Delhi,Delhi,226421
C000761,Kiran,Singh,Ahmedabad,Gujarat,635893
C000762,Kiran,Patel,Hyderabad,Telangana,574374
C000763,Diya,Patel,Bengaluru,Karnataka,182303
C000764,Saanvi,Patel,Chennai,Tamil Nadu,268211
C000765,Diya,Singh,Bengaluru,Karnataka,297210
C000766,Rahul,Singh,Kolkata,West Bengal,254990
C000767,Rahul,Singh,Kolkata,West Bengal,268518
C000768,Asha,Singh,Ahmedabad,Gujarat,234040
C000769,Priya,Gupta,Bengaluru,Karnataka,778406
C000770,Reyansh,Mehta,Bengaluru,Karnataka,633138
C000771,Kiran,Sharma,Ahmedabad,Gujarat,528034
C000772,Aarav,Chowdhury,Pune,Maharashtra,650677
C000773,Ananya,Reddy,Bengaluru,Karnataka,756465
C000774,Rahul,Chowdhury,Ahmedabad,Gujarat,413571
C000775,Priya,Chowdhury,Kolkata,West Bengal,794106
C000776,Vivaan,Sharma,Bengaluru,Karnataka,232883
C000777,Saanvi,Sharma,Chennai,Tamil Nadu,497952
C000778,Ananya,Gupta,Hyderabad,Telangana,222221
C000779,Priya,Chowdhury,Bengaluru,Karnataka,370669
C000780,Kiran,Patel,Delhi,Delhi,635134
C000781,Asha,Mehta,Hyderabad,Telangana,645242
C000782,Priya,Kumar,Mumbai,Maharashtra,451383
C000783,Vivaan,Kumar,Kolkata,West Bengal,354761
C000784,Aarav,Chowdhury,Hyderabad,Telangana,247541
C000785,Diya,Patel,Hyderabad,Telangana,174323
C000786,Vivaan,Kumar,Ahmedabad,Gujarat,726210
C000787,Kiran,Mehta,Chennai,Tamil Nadu,299139
C000788,Reyansh,Singh,Kolkata,West Bengal,290448
C000789,Ananya,Sharma,Chennai,Tamil Nadu,345659
C000790,Asha,Gupta,Pune,Maharashtra,499678
C000791,Diya,Gupta,Bengaluru,Karnataka,214537
C000792,Kiran,Gupta,Hyderabad,Telangana,351983
C000793,Reyansh,Reddy,Delhi,Delhi,676821
C000794,Saanvi,Singh,Mumbai,Maharashtra,111917
C000795,Ananya,Singh,Bengaluru,Karnataka,392762
C000796,Ananya,Reddy,Pune,Maharashtra,666542
C000797,Reyansh,Gupta,Ahmedabad,Gujarat,477436
C000798,Rahul,Chowdhury,Kolkata,West Bengal,619930
C000799,Vivaan,Reddy,Delhi,Delhi,681650
C000800,Diya,Chowdhury,Hyderabad,Telangana,392272
C000801,Diya,Sharma,Ahmedabad,Gujarat,495925
C000802,Priya,Mehta,Delhi,Delhi,699833
C000803,Asha,Reddy,Delhi,Delhi,192180
C000804,Rahul,Kumar,Chennai,Tamil Nadu,722246
C000805,Saanvi,Mehta,Ahmedabad,Gujarat,513081
C000806,Diya,Singh,Hyderabad,Telangana,411953
C000807,Diya,Sharma,Ahmedabad,Gujarat,488892
C000808,Vivaan,Chowdhury,Mumbai,Maharashtra,115287
C000809,Vivaan,Singh,Mumbai,Maharashtra,367665
C000810,Priya,Sharma,Ahmedabad,Gujarat,118512
C000811,Ananya,Singh,Kolkata,West Bengal,766702
C000812,Reyansh,Gupta,Hyderabad,Telangana,566292
C000813,Diya,Gupta,Delhi,Delhi,218872
C000814,Diya,Singh,Delhi,Delhi,203070
C000815,Rahul,Gupta,Mumbai,Maharashtra,714055
C000816,Rahul,Patel,Chennai,Tamil Nadu,732117
C000817,Aarav,Kumar,Delhi,Delhi,539474
C000818,Vivaan,Singh,Ahmedabad,Gujarat,152078
C000819,Asha,Chowdhury,Chennai,Tamil Nadu,478432
C000820,Aarav,Mehta,Mumbai,Maharashtra,717812
C000821,Rahul,Singh,Delhi,Delhi,337645
C000822,Vivaan,Kumar,Ahmedabad,Gujarat,646507
C000823,Vivaan,Patel,Kolkata,West Bengal,415073
C000824,Diya,Mehta,Delhi,Delhi,237309
C000825,Reyansh,Reddy,Hyderabad,Telangana,439588
C000826,Reyansh,Patel,Bengaluru,Karnataka,773927
C000827,Kiran,Singh,Mumbai,Maharashtra,574008
C000828,Diya,Kumar,Ahmedabad,Gujarat,456699
C000829,Rahul,Chowdhury,Bengaluru,Karnataka,445842
C000830,Vivaan,Patel,Chennai,Tamil Nadu,496594
C000831,Vivaan,Reddy,Bengaluru,Karnataka,770775
C000832,Rahul,Mehta,Pune,Maharashtra,153925
C000833,Ananya,Gupta,Bengaluru,Karnataka,247023
C000834,Ananya,Gupta,Delhi,Delhi,197388
C000835,Saanvi,Kumar,Mumbai,Maharashtra,642295
C000836,Rahul,Gupta,Chennai,Tamil Nadu,367802
C000837,Ananya,Chowdhury,Mumbai,Maharashtra,545048
C000838,Vivaan,Kumar,Kolkata,West Bengal,168596
C000839,Kiran,Patel,Ahmedabad,Gujarat,461005
C000840,Diya,Mehta,Mumbai,Maharashtra,649812
C000841,Rahul,Reddy,Bengaluru,Karnataka,632244
C000842,Asha,Singh,Pune,Maharashtra,522498
C000843,Vivaan,Sharma,Ahmedabad,Gujarat,789290
C000844,Aarav,Gupta,Delhi,Delhi,609097
C000845,Aarav,Sharma,Chennai,Tamil Nadu,759789
C000846,Asha,Gupta,Kolkata,West Bengal,258056
C000847,Rahul,Reddy,Kolkata,West Bengal,124060
C000848,Asha,Singh,Delhi,Delhi,587272
C000849,Vivaan,Gupta,Hyderabad,Telangana,628545
C000850,Asha,Kumar,Delhi,Delhi,300279
C000851,Asha,Mehta,Bengaluru,Karnataka,794647
C000852,Kiran,Patel,Kolkata,West Bengal,149711
C000853,Rahul,Kumar,Hyderabad,Telangana,253026
C000854,Ananya,Patel,Mumbai,Maharashtra,445484
C000855,Vivaan,Chowdhury,Kolkata,West Bengal,575317
C000856,Saanvi,Singh,Mumbai,Maharashtra,328134
C000857,Aarav,Singh,Delhi,Delhi,212974
C000858,Reyansh,Chowdhury,Mumbai,Maharashtra,259646
C000859,Asha,Gupta,Pune,Maharashtra,512400
C000860,Diya,Singh,Bengaluru,Karnataka,260168
C000861,Vivaan,Sharma,Hyderabad,Telangana,702016
C000862,Rahul,Gupta,Pune,Maharashtra,799376
C000863,Saanvi,Patel,Delhi,Delhi,645534
C000864,Priya,Mehta,Ahmedabad,Gujarat,548774
C000865,Priya,Singh,Mumbai,Maharashtra,621937
C000866,Reyansh,Gupta,Pune,Maharashtra,521597
C000867,Kiran,Patel,Delhi,Delhi,202263
C000868,Asha,Sharma,Chennai,Tamil Nadu,645590
C000869,Aarav,Kumar,Mumbai,Maharashtra,675445
C000870,Priya,Mehta,Mumbai,Maharashtra,689205
C000871,Reyansh,Singh,Kolkata,West Bengal,333810
C000872,Asha,Reddy,Mumbai,Maharashtra,206646
C000873,Diya,Kumar,Chennai,Tamil Nadu,455266
C000874,Diya,Gupta,Kolkata,West Bengal,600025
C000875,Kiran,Mehta,Delhi,Delhi,590703
C000876,Asha,Sharma,Delhi,Delhi,453054
C000877,Ananya,Sharma,Bengaluru,Karnataka,377552
C000878,Vivaan,Chowdhury,Kolkata,West Bengal,169379
C000879,Saanvi,Mehta,Hyderabad,Telangana,135053
C000880,Asha,Chowdhury,Delhi,Delhi,512662
C000881,Diya,Kumar,Mumbai,Maharashtra,766282
C000882,Kiran,Gupta,Hyderabad,Telangana,208723
C000883,Priya,Mehta,Chennai,Tamil Nadu,685644
C000884,Ananya,Kumar,Ahmedabad,Gujarat,382933
C000885,Aarav,Reddy,Bengaluru,Karnataka,142154
C000886,Ananya,Mehta,Mumbai,Maharashtra,323942
C000887,Diya,Sharma,Mumbai,Maharashtra,374480
C000888,Saanvi,Patel,Kolkata,West Bengal,475821
C000889,Asha,Kumar,Chennai,Tamil Nadu,391173
C000890,Priya,Sharma,Kolkata,West Bengal,142265
C000891,Saanvi,Patel,Bengaluru,Karnataka,475060
C000892,Ananya,Reddy,Mumbai,Maharashtra,353322
C000893,Priya,Patel,Pune,Maharashtra,284944
C000894,Asha,Singh,Delhi,Delhi,680485
C000895,Vivaan,Sharma,Kolkata,West Bengal,558396
C000896,Reyansh,Kumar,Kolkata,West Bengal,264782
C000897,Saanvi,Mehta,Hyderabad,Telangana,794846
C000898,Diya,Mehta,Kolkata,West Bengal,181907
C000899,Saanvi,Kumar,Ahmedabad,Gujarat,312967
C000900,Ananya,Singh,Delhi,Delhi,412775
C000901,Reyansh,Patel,Delhi,Delhi,501182
C000902,Priya,Chowdhury,Bengaluru,Karnataka,392247
C000903,Rahul,Patel,Pune,Maharashtra,174772
C000904,Ananya,Chowdhury,Pune,Maharashtra,236108
C000905,Priya,Gupta,Hyderabad,Telangana,124382
C000906,Vivaan,Singh,Delhi,Delhi,194291
C000907,Kiran,Sharma,Hyderabad,Telangana,473339
C000908,Diya,Singh,Chennai,Tamil Nadu,769116
C000909,Ananya,Mehta,Delhi,Delhi,392753
C000910,Asha,Sharma,Kolkata,West Bengal,257550
C000911,Saanvi,Singh,Hyderabad,Telangana,342050
C000912,Rahul,Chowdhury,Mumbai,Maharashtra,542882
C000913,Vivaan,Chowdhury,Chennai,Tamil Nadu,447827
C000914,Reyansh,Patel,Delhi,Delhi,602313
C000915,Aarav,Kumar,Mumbai,Maharashtra,496858
C000916,Ananya,Reddy,Bengaluru,Karnataka,764618
C000917,Vivaan,Gupta,Pune,Maharashtra,705603
C000918,Aarav,Patel,Delhi,Delhi,498349
C000919,Priya,Singh,Chennai,Tamil Nadu,124153
C000920,Diya,Patel,Delhi,Delhi,710613
C000921,Priya,Sharma,Mumbai,Maharashtra,350773
C000922,Kiran,Reddy,Bengaluru,Karnataka,165318
C000923,Priya,Sharma,Kolkata,West Bengal,504030
C000924,Rahul,Singh,Kolkata,West Bengal,487177
C000925,Ananya,Singh,Pune,Maharashtra,186077
C000926,Saanvi,Chowdhury,Hyderabad,Telangana,243515
C000927,Aarav,Kumar,Bengaluru,Karnataka,316988
C000928,Priya,Reddy,Hyderabad,Telangana,235885
C000929,Aarav,Patel,Ahmedabad,Gujarat,651656
C000930,Rahul,Singh,Hyderabad,Telangana,780688
C000931,Ananya,Kumar,Kolkata,West Bengal,298014
C000932,Rahul,Mehta,Mumbai,Maharashtra,201751
C000933,Asha,Chowdhury,Ahmedabad,Gujarat,340203
C000934,Kiran,Mehta,Pune,Maharashtra,321951
C000935,Saanvi,Singh,Kolkata,West Bengal,615155
C000936,Diya,Kumar,Mumbai,Maharashtra,305716
C000937,Saanvi,Sharma,Mumbai,Maharashtra,694567
C000938,Asha,Mehta,Ahmedabad,Gujarat,425172
C000939,Reyansh,Patel,Chennai,Tamil Nadu,110126
C000940,Ananya,Gupta,Chennai,Tamil Nadu,137632
C000941,Ananya,Reddy,Mumbai,Maharashtra,610315
C000942,Reyansh,Singh,Pune,Maharashtra,219945
C000943,Kiran,Mehta,Chennai,Tamil Nadu,427320
C000944,Kiran,Sharma,Pune,Maharashtra,360869
C000945,Kiran,Singh,Pune,Maharashtra,608716
C000946,Priya,Gupta,Chennai,Tamil Nadu,285399
C000947,Priya,Sharma,Bengaluru,Karnataka,572120
C000948,Aarav,Kumar,Delhi,Delhi,244869
C000949,Aarav,Chowdhury,Chennai,Tamil Nadu,288954
C000950,Diya,Kumar,Mumbai,Maharashtra,779078
C000951,Diya,Singh,Bengaluru,Karnataka,144560
C000952,Aarav,Sharma,Pune,Maharashtra,394260
C000953,Kiran,Singh,Bengaluru,Karnataka,242717
C000954,Asha,Mehta,Delhi,Delhi,288595
C000955,Diya,Reddy,Delhi,Delhi,758373
C000956,Diya,Gupta,Delhi,Delhi,489862
C000957,Reyansh,Singh,Pune,Maharashtra,604592
C000958,Priya,Mehta,Kolkata,West Bengal,210158
C000959,Asha,Mehta,Bengaluru,Karnataka,278502
C000960,Kiran,Singh,Chennai,Tamil Nadu,542498
C000961,Saanvi,Gupta,Kolkata,West Bengal,440388
C000962,Reyansh,Sharma,Bengaluru,Karnataka,777054
C000963,Kiran,Sharma,Kolkata,West Bengal,428408
C000964,Kiran,Mehta,Bengaluru,Karnataka,578276
C000965,Kiran,Patel,Chennai,Tamil Nadu,167545
C000966,Reyansh,Mehta,Ahmedabad,Gujarat,621411
C000967,Ananya,Mehta,Delhi,Delhi,123224
C000968,Reyansh,Patel,Pune,Maharashtra,150738
C000969,Priya,Sharma,Pune,Maharashtra,290760
C000970,Ananya,Kumar,Hyderabad,Telangana,576725
C000971,Diya,Gupta,Delhi,Delhi,773937
C000972,Aarav,Sharma,Delhi,Delhi,642358
C000973,Priya,Reddy,Kolkata,West Bengal,236161
C000974,Rahul,Chowdhury,Bengaluru,Karnataka,642954
C000975,Diya,Reddy,Kolkata,West Bengal,408512
C000976,Priya,Kumar,Delhi,Delhi,772143
C000977,Priya,Patel,Bengaluru,Karnataka,676202
C000978,Saanvi,Sharma,Mumbai,Maharashtra,311579
C000979,Saanvi,Patel,Pune,Maharashtra,762026
C000980,Diya,Singh,Delhi,Delhi,614471
C000981,Reyansh,Patel,Kolkata,West Bengal,439670
C000982,Diya,Chowdhury,Delhi,Delhi,328967
C000983,Rahul,Singh,Mumbai,Maharashtra,493152
C000984,Reyansh,Sharma,Kolkata,West Bengal,204270
C000985,Diya,Kumar,Delhi,Delhi,653385
C000986,Rahul,Gupta,Chennai,Tamil Nadu,775755
C000987,Saanvi,Kumar,Hyderabad,Telangana,257313
C000988,Aarav,Reddy,Delhi,Delhi,268768
C000989,Reyansh,Sharma,Ahmedabad,Gujarat,356726
C000990,Aarav,Reddy,Pune,Maharashtra,680451
C000991,Saanvi,Chowdhury,Delhi,Delhi,129816
C000992,Vivaan,Sharma,Chennai,Tamil Nadu,424997
C000993,Reyansh,Gupta,Chennai,Tamil Nadu,265989
C000994,Priya,Patel,Delhi,Delhi,731019
C000995,Rahul,Chowdhury,Hyderabad,Telangana,786926
C000996,Saanvi,Patel,Ahmedabad,Gujarat,316524
C000997,Reyansh,Mehta,Kolkata,West Bengal,697111
C000998,Diya,Singh,Kolkata,West Bengal,261878
C000999,Aarav,Gupta,Ahmedabad,Gujarat,636047
C001000,Priya,Gupta,Ahmedabad,Gujarat,545165
C001001,Saanvi,Sharma,Chennai,Tamil Nadu,243554
C001002,Vivaan,Patel,Bengaluru,Karnataka,561282
C001003,Asha,Reddy,Pune,Maharashtra,203501
C001004,Asha,Sharma,Chennai,Tamil Nadu,374223
C001005,Asha,Reddy,Kolkata,West Bengal,169676
C001006,Kiran,Kumar,Ahmedabad,Gujarat,283532
C001007,Saanvi,Patel,Ahmedabad,Gujarat,724685
C001008,Aarav,Singh,Kolkata,West Bengal,707135
C001009,Priya,Singh,Delhi,Delhi,727895
C001010,Ananya,Kumar,Bengaluru,Karnataka,330178
C001011,Aarav,Reddy,Bengaluru,Karnataka,259521
C001012,Rahul,Kumar,Delhi,Delhi,536752
C001013,Kiran,Gupta,Bengaluru,Karnataka,698365
C001014,Vivaan,Patel,Pune,Maharashtra,367009
C001015,Asha,Reddy,Kolkata,West Bengal,247717
C001016,Saanvi,Chowdhury,Pune,Maharashtra,491915
C001017,Kiran,Reddy,Mumbai,Maharashtra,672288
C001018,Rahul,Singh,Delhi,Delhi,661025
C001019,Kiran,Patel,Bengaluru,Karnataka,410709
C001020,Kiran,Patel,Delhi,Delhi,296240
C001021,Asha,Mehta,Hyderabad,Telangana,686775
C001022,Saanvi,Reddy,Kolkata,West Bengal,384486
C001023,Kiran,Chowdhury,Ahmedabad,Gujarat,412950
C001024,Reyansh,Gupta,Mumbai,Maharashtra,420914
C001025,Reyansh,Reddy,Kolkata,West Bengal,188623
C001026,Rahul,Mehta,Mumbai,Maharashtra,475321
C001027,Aarav,Chowdhury,Chennai,Tamil Nadu,293675
C001028,Diya,Sharma,Hyderabad,Telangana,740235
C001029,Saanvi,Gupta,Pune,Maharashtra,762465
C001030,Priya,Patel,Hyderabad,Telangana,326454
C001031,Reyansh,Gupta,Chennai,Tamil Nadu,219575
C001032,Diya,Gupta,Ahmedabad,Gujarat,317606
C001033,Kiran,Patel,Kolkata,West Bengal,615815
C001034,Priya,Kumar,Chennai,Tamil Nadu,402822
C001035,Priya,Mehta,Kolkata,West Bengal,186218
C001036,Asha,Singh,Mumbai,Maharashtra,697518
C001037,Saanvi,Reddy,Delhi,Delhi,446199
C001038,Asha,Sharma,Bengaluru,Karnataka,559589
C001039,Ananya,Kumar,Bengaluru,Karnataka,796840
C001040,Ananya,Sharma,Mumbai,Maharashtra,588446
C001041,Aarav,Mehta,Ahmedabad,Gujarat,572052
C001042,Saanvi,Mehta,Chennai,Tamil Nadu,444402
C001043,Asha,Reddy,Ahmedabad,Gujarat,149986
C001044,Aarav,Kumar,Delhi,Delhi,789520
C001045,Priya,Chowdhury,Pune,Maharashtra,457739
C001046,Priya,Mehta,Bengaluru,Karnataka,735646
C001047,Reyansh,Gupta,Pune,Maharashtra,582327
C001048,Saanvi,Sharma,Delhi,Delhi,437073
C001049,Aarav,Singh,Kolkata,West Bengal,707794
C001050,Ananya,Kumar,Chennai,Tamil Nadu,144911
C001051,Saanvi,Reddy,Chennai,Tamil Nadu,535037
C001052,Aarav,Chowdhury,Mumbai,Maharashtra,718746
C001053,Reyansh,Sharma,Bengaluru,Karnataka,122175
C001054,Saanvi,Gupta,Chennai,Tamil Nadu,426915
C001055,Rahul,Reddy,Hyderabad,Telangana,609876
C001056,Priya,Gupta,Pune,Maharashtra,755588
C001057,Priya,Gupta,Chennai,Tamil Nadu,721213
C001058,Kiran,Patel,Kolkata,West Bengal,176358
C001059,Asha,Mehta,Mumbai,Maharashtra,520543
C001060,Saanvi,Patel,Hyderabad,Telangana,157057
C001061,Vivaan,Mehta,Ahmedabad,Gujarat,378294
C001062,Diya,Gupta,Hyderabad,Telangana,364726
C001063,Saanvi,Kumar,Hyderabad,Telangana,388176
C001064,Asha,Kumar,Bengaluru,Karnataka,636486
C001065,Kiran,Reddy,Mumbai,Maharashtra,277292
C001066,Reyansh,Sharma,Pune,Maharashtra,254931
C001067,Saanvi,Gupta,Ahmedabad,Gujarat,553676
C001068,Rahul,Reddy,Kolkata,West Bengal,272491
C001069,Kiran,Kumar,Mumbai,Maharashtra,491009
C001070,Ananya,Chowdhury,Pune,Maharashtra,511921
C001071,Asha,Gupta,Pune,Maharashtra,370910
C001072,Asha,Singh,Bengaluru,Karnataka,133236
C001073,Vivaan,Chowdhury,Hyderabad,Telangana,197955
C001074,Saanvi,Singh,Bengaluru,Karnataka,737433
C001075,Vivaan,Kumar,Pune,Maharashtra,780718
C001076,Ananya,Gupta,Pune,Maharashtra,340785
C001077,Diya,Mehta,Kolkata,West Bengal,204914
C001078,Kiran,Gupta,Hyderabad,Telangana,317990
C001079,Vivaan,Chowdhury,Ahmedabad,Gujarat,488387
C001080,Kiran,Patel,Mumbai,Maharashtra,648884
C001081,Ananya,Patel,Ahmedabad,Gujarat,766639
C001082,Asha,Gupta,Kolkata,West Bengal,304269
C001083,Aarav,Singh,Kolkata,West Bengal,502417
C001084,Ananya,Mehta,Bengaluru,Karnataka,248155
C001085,Kiran,Chowdhury,Kolkata,West Bengal,230674
C001086,Diya,Singh,Bengaluru,Karnataka,366713
C001087,Priya,Mehta,Delhi,Delhi,551501
C001088,Diya,Sharma,Bengaluru,Karnataka,653351
C001089,Priya,Gupta,Mumbai,Maharashtra,177642
C001090,Reyansh,Singh,Chennai,Tamil Nadu,200093
C001091,Vivaan,Singh,Ahmedabad,Gujarat,617606
C001092,Rahul,Reddy,Kolkata,West Bengal,327215
C001093,Priya,Reddy,Kolkata,West Bengal,793889
C001094,Aarav,Kumar,Mumbai,Maharashtra,145954
C001095,Aarav,Mehta,Pune,Maharashtra,137856
C001096,Aarav,Sharma,Chennai,Tamil Nadu,636861
C001097,Ananya,Mehta,Chennai,Tamil Nadu,669655
C001098,Reyansh,Patel,Hyderabad,Telangana,605553
C001099,Asha,Gupta,Kolkata,West Bengal,432918
C001100,Vivaan,Sharma,Bengaluru,Karnataka,133752
C001101,Saanvi,Chowdhury,Hyderabad,Telangana,258757
C001102,Rahul,Singh,Pune,Maharashtra,423837
C001103,Priya,Mehta,Pune,Maharashtra,226739
C001104,Reyansh,Reddy,Chennai,Tamil Nadu,348009
C001105,Ananya,Kumar,Mumbai,Maharashtra,317980
C001106,Ananya,Sharma,Bengaluru,Karnataka,366609
C001107,Vivaan,Mehta,Bengaluru,Karnataka,498822
C001108,Rahul,Gupta,Mumbai,Maharashtra,446676
C001109,Kiran,Sharma,Mumbai,Maharashtra,454138
C001110,Aarav,Sharma,Delhi,Delhi,428277
C001111,Rahul,Chowdhury,Delhi,Delhi,628271
C001112,Vivaan,Gupta,Kolkata,West Bengal,433412
C001113,Reyansh,Kumar,Ahmedabad,Gujarat,595417
C001114,Saanvi,Reddy,Mumbai,Maharashtra,541459
C001115,Asha,Gupta,Delhi,Delhi,298456
C001116,Rahul,Patel,Bengaluru,Karnataka,665941
C001117,Saanvi,Patel,Delhi,Delhi,267729
C001118,Priya,Kumar,Delhi,Delhi,338504
C001119,Saanvi,Kumar,Chennai,Tamil Nadu,756117
C001120,Rahul,Gupta,Pune,Maharashtra,762665
C001121,Aarav,Chowdhury,Bengaluru,Karnataka,635910
C001122,Priya,Mehta,Chennai,Tamil Nadu,683044
C001123,Aarav,Sharma,Chennai,Tamil Nadu,150809
C001124,Vivaan,Chowdhury,Delhi,Delhi,651013
C001125,Vivaan,Patel,Bengaluru,Karnataka,161226
C001126,Saanvi,Kumar,Delhi,Delhi,609512
C001127,Saanvi,Gupta,Ahmedabad,Gujarat,715470
C001128,Aarav,Patel,Ahmedabad,Gujarat,585781
C001129,Aarav,Gupta,Bengaluru,Karnataka,139402
C001130,Diya,Reddy,Pune,Maharashtra,114263
C001131,Vivaan,Sharma,Delhi,Delhi,287900
C001132,Reyansh,Singh,Mumbai,Maharashtra,682212
C001133,Diya,Chowdhury,Pune,Maharashtra,446326
C001134,Vivaan,Mehta,Hyderabad,Telangana,334137
C001135,Reyansh,Patel,Pune,Maharashtra,562268
C001136,Rahul,Chowdhury,Kolkata,West Bengal,407881
C001137,Rahul,Chowdhury,Hyderabad,Telangana,473476
C001138,Reyansh,Patel,Kolkata,West Bengal,461707
C001139,Aarav,Singh,Bengaluru,Karnataka,794733
C001140,Rahul,Chowdhury,Delhi,Delhi,620585
C001141,Reyansh,Reddy,Ahmedabad,Gujarat,500719
C001142,Kiran,Sharma,Pune,Maharashtra,589361
C001143,Priya,Chowdhury,Bengaluru,Karnataka,211371
C001144,Rahul,Chowdhury,Delhi,Delhi,672997
C001145,Vivaan,Gupta,Mumbai,Maharashtra,302192
C001146,Aarav,Kumar,Pune,Maharashtra,260322
C001147,Asha,Patel,Pune,Maharashtra,131172
C001148,Ananya,Chowdhury,Kolkata,West Bengal,645843
C001149,Rahul,Singh,Pune,Maharashtra,687564
C001150,Aarav,Singh,Mumbai,Maharashtra,691780
C001151,Priya,Singh,Ahmedabad,Gujarat,623319
C001152,Priya,Mehta,Delhi,Delhi,332320
C001153,Diya,Gupta,Chennai,Tamil Nadu,527978
C001154,Asha,Kumar,Mumbai,Maharashtra,121046
C001155,Rahul,Kumar,Kolkata,West Bengal,338071
C001156,Priya,Chowdhury,Delhi,Delhi,488165
C001157,Vivaan,Chowdhury,Ahmedabad,Gujarat,526366
C001158,Diya,Patel,Ahmedabad,Gujarat,376997
C001159,Aarav,Patel,Ahmedabad,Gujarat,755188
C001160,Rahul,Sharma,Kolkata,West Bengal,592615
C001161,Vivaan,Gupta,Mumbai,Maharashtra,525008
C001162,Priya,Mehta,Chennai,Tamil Nadu,693417
C001163,Aarav,Kumar,Pune,Maharashtra,315550
C001164,Diya,Chowdhury,Ahmedabad,Gujarat,354883
C001165,Priya,Patel,Pune,Maharashtra,748418
C001166,Ananya,Sharma,Delhi,Delhi,570514
C001167,Diya,Gupta,Pune,Maharashtra,781210
C001168,Vivaan,Sharma,Pune,Maharashtra,231789
C001169,Priya,Singh,Bengaluru,Karnataka,789418
C001170,Vivaan,Gupta,Kolkata,West Bengal,673178
C001171,Ananya,Patel,Chennai,Tamil Nadu,176017
C001172,Ananya,Chowdhury,Kolkata,West Bengal,288376
C001173,Diya,Patel,Chennai,Tamil Nadu,798281
C001174,Aarav,Patel,Kolkata,West Bengal,609137
C001175,Priya,Singh,Ahmedabad,Gujarat,766884
C001176,Aarav,Sharma,Ahmedabad,Gujarat,734712
C001177,Kiran,Chowdhury,Kolkata,West Bengal,668296
C001178,Kiran,Singh,Bengaluru,Karnataka,503276
C001179,Vivaan,Reddy,Bengaluru,Karnataka,717847
C001180,Asha,Reddy,Pune,Maharashtra,165337
C001181,Kiran,Kumar,Kolkata,West Bengal,385494
C001182,Rahul,Mehta,Hyderabad,Telangana,134354
C001183,Priya,Singh,Hyderabad,Telangana,155186
C001184,Rahul,Gupta,Bengaluru,Karnataka,662433
C001185,Asha,Kumar,Pune,Maharashtra,537236
C001186,Ananya,Gupta,Chennai,Tamil Nadu,720411
C001187,Reyansh,Singh,Pune,Maharashtra,609883
C001188,Vivaan,Mehta,Pune,Maharashtra,654869
C001189,Kiran,Reddy,Ahmedabad,Gujarat,723217
C001190,Rahul,Sharma,Hyderabad,Telangana,395195
C001191,Aarav,Reddy,Delhi,Delhi,685762
C001192,Aarav,Sharma,Bengaluru,Karnataka,726036
C001193,Saanvi,Singh,Chennai,Tamil Nadu,235995
C001194,Saanvi,Singh,Hyderabad,Telangana,355690
C001195,Saanvi,Kumar,Mumbai,Maharashtra,441770
C001196,Diya,Chowdhury,Mumbai,Maharashtra,538988
C001197,Kiran,Kumar,Delhi,Delhi,290553
C001198,Ananya,Gupta,Kolkata,West Bengal,670696
C001199,Rahul,Reddy,Mumbai,Maharashtra,369568
C001200,Diya,Sharma,Kolkata,West Bengal,429278
C001201,Saanvi,Kumar,Mumbai,Maharashtra,261563
C001202,Ananya,Mehta,Ahmedabad,Gujarat,766701
C001203,Ananya,Gupta,Chennai,Tamil Nadu,724615
C001204,Reyansh,Patel,Ahmedabad,Gujarat,503554
C001205,Reyansh,Patel,Bengaluru,Karnataka,312503
C001206,Aarav,Reddy,Kolkata,West Bengal,253326
C001207,Asha,Gupta,Hyderabad,Telangana,121344
C001208,Reyansh,Gupta,Bengaluru,Karnataka,504966
C001209,Diya,Chowdhury,Mumbai,Maharashtra,702245
C001210,Aarav,Singh,Bengaluru,Karnataka,215423
C001211,Kiran,Sharma,Pune,Maharashtra,430197
C001212,Priya,Mehta,Hyderabad,Telangana,574071
C001213,Diya,Kumar,Delhi,Delhi,781256
C001214,Asha,Patel,Bengaluru,Karnataka,296833
C001215,Rahul,Reddy,Bengaluru,Karnataka,187454
C001216,Diya,Kumar,Delhi,Delhi,367594
C001217,Diya,Mehta,Chennai,Tamil Nadu,621897
C001218,Saanvi,Kumar,Pune,Maharashtra,462744
C001219,Asha,Sharma,Ahmedabad,Gujarat,626142
C001220,Diya,Chowdhury,Delhi,Delhi,147641
C001221,Kiran,Kumar,Chennai,Tamil Nadu,663999
C001222,Diya,Reddy,Mumbai,Maharashtra,479040
C001223,Rahul,Gupta,Delhi,Delhi,777542
C001224,Aarav,Mehta,Hyderabad,Telangana,722121
C001225,Priya,Sharma,Ahmedabad,Gujarat,428420
C001226,Ananya,Mehta,Hyderabad,Telangana,391685
C001227,Vivaan,Singh,Delhi,Delhi,585526
C001228,Vivaan,Kumar,Mumbai,Maharashtra,154813
C001229,Rahul,Patel,Chennai,Tamil Nadu,774180
C001230,Asha,Reddy,Chennai,Tamil Nadu,396214
C001231,Reyansh,Sharma,Delhi,Delhi,452703
C001232,Diya,Sharma,Ahmedabad,Gujarat,314615
C001233,Vivaan,Sharma,Delhi,Delhi,586657
C001234,Saanvi,Patel,Bengaluru,Karnataka,676074
C001235,Saanvi,Reddy,Chennai,Tamil Nadu,509953
C001236,Priya,Reddy,Kolkata,West Bengal,397654
C001237,Diya,Sharma,Kolkata,West Bengal,391570
C001238,Vivaan,Sharma,Kolkata,West Bengal,147265
C001239,Kiran,Sharma,Delhi,Delhi,359321
C001240,Diya,Patel,Delhi,Delhi,176150
C001241,Saanvi,Patel,Hyderabad,Telangana,721600
C001242,Priya,Reddy,Hyderabad,Telangana,199613
C001243,Aarav,Chowdhury,Kolkata,West Bengal,447054
C001244,Asha,Kumar,Bengaluru,Karnataka,231826
C001245,Rahul,Gupta,Bengaluru,Karnataka,669723
C001246,Saanvi,Mehta,Bengaluru,Karnataka,560348
C001247,Asha,Singh,Mumbai,Maharashtra,320017
C001248,Aarav,Sharma,Delhi,Delhi,244055
C001249,Asha,Patel,Kolkata,West Bengal,600457
C001250,Ananya,Mehta,Hyderabad,Telangana,786022
C001251,Rahul,Singh,Chennai,Tamil Nadu,560062
C001252,Reyansh,Kumar,Bengaluru,Karnataka,204071
C001253,Ananya,Patel,Hyderabad,Telangana,416691
C001254,Kiran,Sharma,Bengaluru,Karnataka,256389
C001255,Asha,Patel,Ahmedabad,Gujarat,749896
C001256,Vivaan,Gupta,Hyderabad,Telangana,379708
C001257,Ananya,Chowdhury,Delhi,Delhi,792705
C001258,Diya,Singh,Pune,Maharashtra,748112
C001259,Vivaan,Gupta,Chennai,Tamil Nadu,364444
C001260,Ananya,Mehta,Delhi,Delhi,713561
C001261,Priya,Mehta,Ahmedabad,Gujarat,321837
C001262,Kiran,Singh,Hyderabad,Telangana,220017
C001263,Diya,Reddy,Pune,Maharashtra,233618
C001264,Aarav,Mehta,Bengaluru,Karnataka,569297
C001265,Ananya,Reddy,Chennai,Tamil Nadu,235341
C001266,Diya,Singh,Hyderabad,Telangana,662076
C001267,Priya,Chowdhury,Pune,Maharashtra,551759
C001268,Diya,Gupta,Ahmedabad,Gujarat,674262
C001269,Asha,Patel,Ahmedabad,Gujarat,650659
C001270,Kiran,Patel,Bengaluru,Karnataka,532845
C001271,Reyansh,Kumar,Hyderabad,Telangana,434060
C001272,Vivaan,Patel,Hyderabad,Telangana,708260
C001273,Asha,Sharma,Mumbai,Maharashtra,303259
C001274,Kiran,Kumar,Kolkata,West Bengal,385128
C001275,Asha,Gupta,Mumbai,Maharashtra,719719
C001276,Reyansh,Mehta,Ahmedabad,Gujarat,513832
C001277,Ananya,Gupta,Kolkata,West Bengal,739661
C001278,Priya,Patel,Bengaluru,Karnataka,291144
C001279,Diya,Sharma,Kolkata,West Bengal,360195
C001280,Kiran,Singh,Chennai,Tamil Nadu,253748
C001281,Priya,Singh,Bengaluru,Karnataka,514032
C001282,Kiran,Singh,Bengaluru,Karnataka,142733
C001283,Diya,Sharma,Ahmedabad,Gujarat,636338
C001284,Priya,Kumar,Chennai,Tamil Nadu,219996
C001285,Saanvi,Mehta,Delhi,Delhi,668221
C001286,Aarav,Kumar,Chennai,Tamil Nadu,659239
C001287,Rahul,Chowdhury,Pune,Maharashtra,666701
C001288,Aarav,Sharma,Ahmedabad,Gujarat,275873
C001289,Vivaan,Gupta,Pune,Maharashtra,543816
C001290,Kiran,Singh,Hyderabad,Telangana,331888
C001291,Rahul,Mehta,Kolkata,West Bengal,276472
C001292,Asha,Gupta,Delhi,Delhi,507710
C001293,Ananya,Reddy,Kolkata,West Bengal,321760
C001294,Diya,Chowdhury,Pune,Maharashtra,232744
C001295,Kiran,Sharma,Ahmedabad,Gujarat,611946
C001296,Priya,Singh,Bengaluru,Karnataka,153001
C001297,Vivaan,Gupta,Chennai,Tamil Nadu,701652
C001298,Reyansh,Singh,Chennai,Tamil Nadu,348506
C001299,Diya,Patel,Bengaluru,Karnataka,540789
C001300,Rahul,Mehta,Chennai,Tamil Nadu,766166
C001301,Priya,Chowdhury,Delhi,Delhi,762589
C001302,Ananya,Singh,Ahmedabad,Gujarat,609722
C001303,Aarav,Kumar,Kolkata,West Bengal,795117
C001304,Reyansh,Singh,Mumbai,Maharashtra,668924
C001305,Asha,Sharma,Bengaluru,Karnataka,289352
C001306,Aarav,Singh,Bengaluru,Karnataka,303283
C001307,Reyansh,Reddy,Hyderabad,Telangana,560195
C001308,Saanvi,Patel,Mumbai,Maharashtra,541413
C001309,Priya,Chowdhury,Chennai,Tamil Nadu,413988
C001310,Reyansh,Kumar,Ahmedabad,Gujarat,436898
C001311,Kiran,Singh,Kolkata,West Bengal,412186
C001312,Kiran,Gupta,Bengaluru,Karnataka,171665
C001313,Diya,Chowdhury,Bengaluru,Karnataka,356584
C001314,Ananya,Reddy,Delhi,Delhi,226953
C001315,Reyansh,Patel,Kolkata,West Bengal,586072
C001316,Ananya,Reddy,Mumbai,Maharashtra,792736
C001317,Kiran,Patel,Bengaluru,Karnataka,296626
C001318,Priya,Sharma,Bengaluru,Karnataka,255271
C001319,Vivaan,Chowdhury,Delhi,Delhi,228533
C001320,Kiran,Sharma,Bengaluru,Karnataka,708069
C001321,Asha,Reddy,Kolkata,West Bengal,575966
C001322,Aarav,Reddy,Pune,Maharashtra,176262
C001323,Priya,Reddy,Chennai,Tamil Nadu,186898
C001324,Kiran,Patel,Pune,Maharashtra,565699
C001325,Reyansh,Gupta,Kolkata,West Bengal,259369
C001326,Ananya,Patel,Ahmedabad,Gujarat,664736
C001327,Kiran,Reddy,Hyderabad,Telangana,398316
C001328,Ananya,Sharma,Hyderabad,Telangana,117657
C001329,Kiran,Patel,Mumbai,Maharashtra,587602
C001330,Rahul,Kumar,Mumbai,Maharashtra,484999
C001331,Rahul,Mehta,Pune,Maharashtra,794191
C001332,Reyansh,Reddy,Delhi,Delhi,117906
C001333,Saanvi,Reddy,Hyderabad,Telangana,433557
C001334,Kiran,Gupta,Pune,Maharashtra,688316
C001335,Ananya,Reddy,Kolkata,West Bengal,405804
C001336,Reyansh,Mehta,Ahmedabad,Gujarat,578974
C001337,Saanvi,Gupta,Ahmedabad,Gujarat,737267
C001338,Rahul,Singh,Pune,Maharashtra,144701
C001339,Ananya,Chowdhury,Delhi,Delhi,193300
C001340,Vivaan,Kumar,Bengaluru,Karnataka,783034
C001341,Diya,Sharma,Kolkata,West Bengal,193560
C001342,Rahul,Sharma,Bengaluru,Karnataka,352615
C001343,Reyansh,Chowdhury,Delhi,Delhi,153642
C001344,Vivaan,Patel,Kolkata,West Bengal,627083
C001345,Ananya,Mehta,Hyderabad,Telangana,601036
C001346,Kiran,Sharma,Delhi,Delhi,437304
C001347,Rahul,Gupta,Kolkata,West Bengal,475464
C001348,Reyansh,Chowdhury,Mumbai,Maharashtra,723089
C001349,Aarav,Kumar,Ahmedabad,Gujarat,398075
C001350,Ananya,Sharma,Hyderabad,Telangana,204377
C001351,Kiran,Singh,Chennai,Tamil Nadu,436916
C001352,Diya,Kumar,Mumbai,Maharashtra,561978
C001353,Reyansh,Patel,Mumbai,Maharashtra,422250
C001354,Rahul,Mehta,Hyderabad,Telangana,715409
C001355,Rahul,Kumar,Kolkata,West Bengal,135559
C001356,Vivaan,Patel,Mumbai,Maharashtra,668030
C001357,Asha,Mehta,Hyderabad,Telangana,787114
C001358,Saanvi,Kumar,Pune,Maharashtra,245044
C001359,Priya,Reddy,Chennai,Tamil Nadu,222217
C001360,Saanvi,Singh,Mumbai,Maharashtra,676161
C001361,Asha,Patel,Kolkata,West Bengal,513119
C001362,Asha,Gupta,Delhi,Delhi,768380
C001363,Vivaan,Gupta,Pune,Maharashtra,196988
C001364,Priya,Reddy,Hyderabad,Telangana,679936
C001365,Ananya,Mehta,Ahmedabad,Gujarat,235991
C001366,Priya,Sharma,Ahmedabad,Gujarat,512732
C001367,Vivaan,Gupta,Ahmedabad,Gujarat,616079
C001368,Rahul,Kumar,Delhi,Delhi,636684
C001369,Diya,Reddy,Chennai,Tamil Nadu,194082
C001370,Asha,Sharma,Pune,Maharashtra,238322
C001371,Ananya,Gupta,Hyderabad,Telangana,766951
C001372,Rahul,Mehta,Delhi,Delhi,121303
C001373,Asha,Singh,Delhi,Delhi,271633
C001374,Diya,Mehta,Ahmedabad,Gujarat,443863
C001375,Kiran,Gupta,Chennai,Tamil Nadu,359690
C001376,Ananya,Chowdhury,Bengaluru,Karnataka,209616
C001377,Ananya,Kumar,Chennai,Tamil Nadu,196231
C001378,Ananya,Kumar,Hyderabad,Telangana,379458
C001379,Ananya,Mehta,Chennai,Tamil Nadu,129623
C001380,Vivaan,Patel,Bengaluru,Karnataka,600042
C001381,Priya,Sharma,Delhi,Delhi,568298
C001382,Priya,Mehta,Mumbai,Maharashtra,586840
C001383,Priya,Gupta,Pune,Maharashtra,215228
C001384,Reyansh,Gupta,Ahmedabad,Gujarat,536346
C001385,Ananya,Singh,Kolkata,West Bengal,791652
C001386,Asha,Reddy,Mumbai,Maharashtra,630547
C001387,Asha,Sharma,Ahmedabad,Gujarat,179274
C001388,Rahul,Singh,Pune,Maharashtra,243541
C001389,Vivaan,Chowdhury,Ahmedabad,Gujarat,163947
C001390,Aarav,Sharma,Pune,Maharashtra,787894
C001391,Rahul,Patel,Chennai,Tamil Nadu,304692
C001392,Diya,Gupta,Pune,Maharashtra,158874
C001393,Asha,Gupta,Bengaluru,Karnataka,683996
C001394,Saanvi,Chowdhury,Chennai,Tamil Nadu,184553
C001395,Diya,Singh,Pune,Maharashtra,702632
C001396,Rahul,Kumar,Ahmedabad,Gujarat,681926
C001397,Diya,Mehta,Kolkata,West Bengal,188249
C001398,Saanvi,Chowdhury,Kolkata,West Bengal,637007
C001399,Kiran,Singh,Bengaluru,Karnataka,788250
C001400,Vivaan,Gupta,Chennai,Tamil Nadu,580452
C001401,Asha,Reddy,Chennai,Tamil Nadu,539725
C001402,Ananya,Singh,Kolkata,West Bengal,152534
C001403,Priya,Sharma,Bengaluru,Karnataka,605518
C001404,Rahul,Chowdhury,Bengaluru,Karnataka,726529
C001405,Asha,Mehta,Bengaluru,Karnataka,522003
C001406,Saanvi,Gupta,Ahmedabad,Gujarat,236209
C001407,Rahul,Patel,Mumbai,Maharashtra,552061
C001408,Aarav,Kumar,Bengaluru,Karnataka,299004
C001409,Priya,Patel,Hyderabad,Telangana,726412
C001410,Diya,Gupta,Ahmedabad,Gujarat,725947
C001411,Diya,Gupta,Pune,Maharashtra,274134
C001412,Aarav,Reddy,Pune,Maharashtra,185713
C001413,Diya,Kumar,Delhi,Delhi,598972
C001414,Saanvi,Mehta,Bengaluru,Karnataka,185418
C001415,Asha,Chowdhury,Pune,Maharashtra,238232
C001416,Vivaan,Reddy,Ahmedabad,Gujarat,630551
C001417,Priya,Singh,Hyderabad,Telangana,273038
C001418,Diya,Reddy,Bengaluru,Karnataka,278383
C001419,Vivaan,Patel,Kolkata,West Bengal,435996
C001420,Diya,Kumar,Bengaluru,Karnataka,368722
C001421,Diya,Gupta,Pune,Maharashtra,242079
C001422,Kiran,Reddy,Hyderabad,Telangana,312053
C001423,Priya,Mehta,Hyderabad,Telangana,710530
C001424,Rahul,Singh,Ahmedabad,Gujarat,288589
C001425,Aarav,Singh,Bengaluru,Karnataka,613238
C001426,Saanvi,Patel,Chennai,Tamil Nadu,139257
C001427,Reyansh,Reddy,Chennai,Tamil Nadu,590488
C001428,Vivaan,Patel,Delhi,Delhi,545423
C001429,Asha,Sharma,Ahmedabad,Gujarat,254353
C001430,Rahul,Patel,Mumbai,Maharashtra,433390
C001431,Saanvi,Singh,Delhi,Delhi,373579
C001432,Rahul,Gupta,Delhi,Delhi,339947
C001433,Ananya,Gupta,Chennai,Tamil Nadu,341758
C001434,Reyansh,Singh,Ahmedabad,Gujarat,725645
C001435,Aarav,Sharma,Bengaluru,Karnataka,267732
C001436,Diya,Chowdhury,Pune,Maharashtra,718095
C001437,Asha,Gupta,Ahmedabad,Gujarat,548755
C001438,Reyansh,Singh,Ahmedabad,Gujarat,248563
C001439,Kiran,Reddy,Ahmedabad,Gujarat,616047
C001440,Diya,Chowdhury,Hyderabad,Telangana,436032
C001441,Vivaan,Chowdhury,Chennai,Tamil Nadu,707897
C001442,Diya,Reddy,Hyderabad,Telangana,363973
C001443,Reyansh,Gupta,Hyderabad,Telangana,393097
C001444,Aarav,Singh,Mumbai,Maharashtra,486826
C001445,Saanvi,Chowdhury,Pune,Maharashtra,624257
C001446,Priya,Chowdhury,Mumbai,Maharashtra,789181
C001447,Aarav,Reddy,Hyderabad,Telangana,540783
C001448,Kiran,Kumar,Hyderabad,Telangana,225374
C001449,Asha,Mehta,Mumbai,Maharashtra,659148
C001450,Rahul,Reddy,Chennai,Tamil Nadu,786555
C001451,Ananya,Singh,Kolkata,West Bengal,711763
C001452,Rahul,Kumar,Kolkata,West Bengal,594090
C001453,Vivaan,Reddy,Hyderabad,Telangana,786787
C001454,Asha,Gupta,Chennai,Tamil Nadu,399227
C001455,Asha,Gupta,Hyderabad,Telangana,758074
C001456,Ananya,Patel,Kolkata,West Bengal,642101
C001457,Reyansh,Gupta,Bengaluru,Karnataka,141598
C001458,Priya,Chowdhury,Delhi,Delhi,615934
C001459,Kiran,Chowdhury,Hyderabad,Telangana,727394
C001460,Diya,Sharma,Chennai,Tamil Nadu,399226
C001461,Aarav,Sharma,Bengaluru,Karnataka,337286
C001462,Vivaan,Gupta,Bengaluru,Karnataka,547785
C001463,Reyansh,Chowdhury,Hyderabad,Telangana,121745
C001464,Ananya,Patel,Mumbai,Maharashtra,254097
C001465,Aarav,Chowdhury,Bengaluru,Karnataka,342732
C001466,Diya,Reddy,Chennai,Tamil Nadu,779648
C001467,Priya,Mehta,Hyderabad,Telangana,723474
C001468,Aarav,Mehta,Ahmedabad,Gujarat,323030
C001469,Reyansh,Sharma,Delhi,Delhi,676134
C001470,Rahul,Patel,Hyderabad,Telangana,448076
C001471,Reyansh,Kumar,Ahmedabad,Gujarat,258554
C001472,Rahul,Sharma,Hyderabad,Telangana,395555
C001473,Ananya,Reddy,Delhi,Delhi,554191
C001474,Ananya,Sharma,Ahmedabad,Gujarat,563761
C001475,Priya,Patel,Chennai,Tamil Nadu,615518
C001476,Priya,Reddy,Chennai,Tamil Nadu,450941
C001477,Diya,Singh,Hyderabad,Telangana,424451
C001478,Asha,Patel,Mumbai,Maharashtra,394186
C001479,Priya,Gupta,Hyderabad,Telangana,687218
C001480,Diya,Sharma,Chennai,Tamil Nadu,547629
C001481,Vivaan,Kumar,Chennai,Tamil Nadu,334695
C001482,Diya,Sharma,Kolkata,West Bengal,405900
C001483,Saanvi,Patel,Bengaluru,Karnataka,163268
C001484,Ananya,Sharma,Kolkata,West Bengal,542430
C001485,Kiran,Chowdhury,Mumbai,Maharashtra,322943
C001486,Diya,Patel,Bengaluru,Karnataka,531818
C001487,Reyansh,Chowdhury,Chennai,Tamil Nadu,683189
C001488,Kiran,Mehta,Delhi,Delhi,472130
C001489,Aarav,Mehta,Mumbai,Maharashtra,304488
C001490,Asha,Patel,Bengaluru,Karnataka,797556
C001491,Priya,Kumar,Bengaluru,Karnataka,500530
C001492,Asha,Mehta,Pune,Maharashtra,772784
C001493,Ananya,Sharma,Ahmedabad,Gujarat,351531
C001494,Diya,Singh,Kolkata,West Bengal,356693
C001495,Aarav,Chowdhury,Hyderabad,Telangana,660719
C001496,Asha,Gupta,Ahmedabad,Gujarat,348360
C001497,Ananya,Singh,Ahmedabad,Gujarat,454855
C001498,Diya,Chowdhury,Pune,Maharashtra,617403
C001499,Kiran,Singh,Hyderabad,Telangana,136385
C001500,Asha,Singh,Delhi,Delhi,541374
C001501,Saanvi,Gupta,Ahmedabad,Gujarat,526235
C001502,Priya,Sharma,Pune,Maharashtra,390783
C001503,Reyansh,Sharma,Kolkata,West Bengal,195530
C001504,Kiran,Kumar,Pune,Maharashtra,393707
C001505,Vivaan,Reddy,Pune,Maharashtra,487816
C001506,Asha,Chowdhury,Chennai,Tamil Nadu,539660
C001507,Kiran,Gupta,Bengaluru,Karnataka,511927
C001508,Rahul,Mehta,Pune,Maharashtra,455114
C001509,Vivaan,Patel,Delhi,Delhi,353373
C001510,Reyansh,Singh,Mumbai,Maharashtra,457697
C001511,Ananya,Patel,Mumbai,Maharashtra,271779
C001512,Ananya,Patel,Ahmedabad,Gujarat,280182
C001513,Kiran,Reddy,Mumbai,Maharashtra,717167
C001514,Asha,Gupta,Ahmedabad,Gujarat,348260
C001515,Diya,Kumar,Mumbai,Maharashtra,780611
C001516,Aarav,Kumar,Delhi,Delhi,756701
C001517,Vivaan,Chowdhury,Ahmedabad,Gujarat,440904
C001518,Diya,Reddy,Mumbai,Maharashtra,157837
C001519,Aarav,Gupta,Pune,Maharashtra,628349
C001520,Vivaan,Gupta,Mumbai,Maharashtra,662829
C001521,Ananya,Patel,Delhi,Delhi,189083
C001522,Ananya,Reddy,Delhi,Delhi,668819
C001523,Ananya,Kumar,Chennai,Tamil Nadu,380856
C001524,Asha,Reddy,Bengaluru,Karnataka,476245
C001525,Kiran,Mehta,Delhi,Delhi,709032
C001526,Rahul,Patel,Ahmedabad,Gujarat,764037
C001527,Reyansh,Reddy,Bengaluru,Karnataka,716791
C001528,Reyansh,Chowdhury,Pune,Maharashtra,364346
C001529,Diya,Mehta,Pune,Maharashtra,719996
C001530,Rahul,Reddy,Pune,Maharashtra,736759
C001531,Kiran,Kumar,Pune,Maharashtra,267661
C001532,Rahul,Gupta,Chennai,Tamil Nadu,795375
C001533,Priya,Chowdhury,Pune,Maharashtra,270081
C001534,Aarav,Sharma,Kolkata,West Bengal,498590
C001535,Kiran,Sharma,Hyderabad,Telangana,791503
C001536,Saanvi,Sharma,Bengaluru,Karnataka,116154
C001537,Ananya,Kumar,Hyderabad,Telangana,787164
C001538,Aarav,Gupta,Pune,Maharashtra,174288
C001539,Vivaan,Sharma,Bengaluru,Karnataka,161195
C001540,Diya,Singh,Ahmedabad,Gujarat,392725
C001541,Saanvi,Mehta,Bengaluru,Karnataka,555864
C001542,Ananya,Gupta,Chennai,Tamil Nadu,402231
C001543,Vivaan,Reddy,Hyderabad,Telangana,274053
C001544,Vivaan,Mehta,Chennai,Tamil Nadu,703586
C001545,Reyansh,Chowdhury,Ahmedabad,Gujarat,546624
C001546,Kiran,Gupta,Delhi,Delhi,149499
C001547,Kiran,Reddy,Mumbai,Maharashtra,497960
C001548,Aarav,Mehta,Delhi,Delhi,555485
C001549,Rahul,Reddy,Pune,Maharashtra,355198
C001550,Ananya,Sharma,Delhi,Delhi,577535
C001551,Aarav,Gupta,Kolkata,West Bengal,730635
C001552,Diya,Singh,Mumbai,Maharashtra,420931
C001553,Asha,Kumar,Pune,Maharashtra,407632
C001554,Aarav,Reddy,Bengaluru,Karnataka,446585
C001555,Kiran,Patel,Ahmedabad,Gujarat,132431
C001556,Rahul,Gupta,Chennai,Tamil Nadu,433825
C001557,Reyansh,Singh,Kolkata,West Bengal,304555
C001558,Vivaan,Chowdhury,Pune,Maharashtra,757008
C001559,Asha,Reddy,Mumbai,Maharashtra,683441
C001560,Vivaan,Reddy,Hyderabad,Telangana,378512
C001561,Reyansh,Singh,Kolkata,West Bengal,286076
C001562,Asha,Kumar,Ahmedabad,Gujarat,329724
C001563,Rahul,Kumar,Ahmedabad,Gujarat,691273
C001564,Ananya,Patel,Chennai,Tamil Nadu,424470
C001565,Rahul,Mehta,Hyderabad,Telangana,743025
C001566,Vivaan,Reddy,Delhi,Delhi,788758
C001567,Diya,Mehta,Kolkata,West Bengal,160861
C001568,Diya,Mehta,Chennai,Tamil Nadu,448041
C001569,Saanvi,Singh,Mumbai,Maharashtra,322977
C001570,Kiran,Chowdhury,Pune,Maharashtra,761406
C001571,Priya,Sharma,Bengaluru,Karnataka,119078
C001572,Ananya,Mehta,Chennai,Tamil Nadu,434912
C001573,Vivaan,Patel,Bengaluru,Karnataka,685335
C001574,Ananya,Singh,Mumbai,Maharashtra,505141
C001575,Aarav,Mehta,Hyderabad,Telangana,325048
C001576,Saanvi,Chowdhury,Delhi,Delhi,752120
C001577,Aarav,Mehta,Ahmedabad,Gujarat,759438
C001578,Asha,Kumar,Chennai,Tamil Nadu,267087
C001579,Asha,Gupta,Chennai,Tamil Nadu,143320
C001580,Kiran,Singh,Ahmedabad,Gujarat,437025
C001581,Rahul,Sharma,Mumbai,Maharashtra,725115
C001582,Reyansh,Sharma,Hyderabad,Telangana,623287
C001583,Ananya,Gupta,Hyderabad,Telangana,474359
C001584,Priya,Sharma,Mumbai,Maharashtra,369931
C001585,Rahul,Gupta,Delhi,Delhi,516845
C001586,Vivaan,Sharma,Pune,Maharashtra,659114
C001587,Rahul,Kumar,Hyderabad,Telangana,210734
C001588,Asha,Patel,Kolkata,West Bengal,267702
C001589,Priya,Patel,Pune,Maharashtra,287235
C001590,Ananya,Chowdhury,Bengaluru,Karnataka,208511
C001591,Aarav,Kumar,Mumbai,Maharashtra,383797
C001592,Diya,Chowdhury,Hyderabad,Telangana,793321
C001593,Reyansh,Sharma,Kolkata,West Bengal,716229
C001594,Diya,Mehta,Pune,Maharashtra,208818
C001595,Ananya,Gupta,Hyderabad,Telangana,262360
C001596,Saanvi,Reddy,Mumbai,Maharashtra,729369
C001597,Asha,Gupta,Mumbai,Maharashtra,671165
C001598,Reyansh,Mehta,Chennai,Tamil Nadu,483706
C001599,Reyansh,Patel,Kolkata,West Bengal,321957
C001600,Asha,Kumar,Kolkata,West Bengal,182715
C001601,Ananya,Singh,Kolkata,West Bengal,251398
C001602,Saanvi,Mehta,Kolkata,West Bengal,744379
C001603,Asha,Singh,Ahmedabad,Gujarat,629052
C001604,Reyansh,Kumar,Chennai,Tamil Nadu,242632
C001605,Saanvi,Singh,Bengaluru,Karnataka,193186
C001606,Reyansh,Singh,Kolkata,West Bengal,797250
C001607,Vivaan,Patel,Pune,Maharashtra,261094
C001608,Diya,Singh,Bengaluru,Karnataka,704604
C001609,Diya,Reddy,Mumbai,Maharashtra,138380
C001610,Saanvi,Chowdhury,Kolkata,West Bengal,744486
C001611,Reyansh,Kumar,Hyderabad,Telangana,374500
C001612,Reyansh,Singh,Delhi,Delhi,180326
C001613,Kiran,Gupta,Mumbai,Maharashtra,749282
C001614,Kiran,Kumar,Chennai,Tamil Nadu,330971
C001615,Aarav,Mehta,Chennai,Tamil Nadu,578933
C001616,Priya,Singh,Delhi,Delhi,278484
C001617,Diya,Singh,Ahmedabad,Gujarat,594410
C001618,Priya,Chowdhury,Kolkata,West Bengal,451705
C001619,Reyansh,Kumar,Bengaluru,Karnataka,335314
C001620,Aarav,Reddy,Chennai,Tamil Nadu,548716
C001621,Saanvi,Reddy,Mumbai,Maharashtra,689518
C001622,Ananya,Kumar,Chennai,Tamil Nadu,601872
C001623,Reyansh,Chowdhury,Delhi,Delhi,626998
C001624,Diya,Chowdhury,Ahmedabad,Gujarat,629984
C001625,Rahul,Reddy,Chennai,Tamil Nadu,575757
C001626,Kiran,Reddy,Mumbai,Maharashtra,484484
C001627,Rahul,Sharma,Pune,Maharashtra,618062
C001628,Priya,Chowdhury,Delhi,Delhi,693609
C001629,Ananya,Reddy,Mumbai,Maharashtra,242028
C001630,Asha,Reddy,Mumbai,Maharashtra,341447
C001631,Ananya,Gupta,Mumbai,Maharashtra,551124
C001632,Rahul,Gupta,Ahmedabad,Gujarat,736045
C001633,Priya,Singh,Hyderabad,Telangana,542659
C001634,Saanvi,Sharma,Kolkata,West Bengal,411207
C001635,Priya,Chowdhury,Bengaluru,Karnataka,486369
C001636,Asha,Patel,Delhi,Delhi,488544
C001637,Kiran,Singh,Bengaluru,Karnataka,452962
C001638,Rahul,Mehta,Kolkata,West Bengal,376847
C001639,Aarav,Singh,Ahmedabad,Gujarat,706387
C001640,Kiran,Kumar,Ahmedabad,Gujarat,529065
C001641,Vivaan,Gupta,Ahmedabad,Gujarat,797220
C001642,Reyansh,Patel,Pune,Maharashtra,141585
C001643,Vivaan,Chowdhury,Delhi,Delhi,525231
C001644,Vivaan,Reddy,Pune,Maharashtra,677873
C001645,Rahul,Reddy,Bengaluru,Karnataka,399102
C001646,Reyansh,Mehta,Mumbai,Maharashtra,398161
C001647,Reyansh,Singh,Bengaluru,Karnataka,496821
C001648,Aarav,Reddy,Bengaluru,Karnataka,389922
C001649,Saanvi,Chowdhury,Hyderabad,Telangana,152229
C001650,Reyansh,Patel,Hyderabad,Telangana,196652
C001651,Ananya,Sharma,Bengaluru,Karnataka,359474
C001652,Aarav,Chowdhury,Hyderabad,Telangana,370116
C001653,Priya,Sharma,Ahmedabad,Gujarat,630985
C001654,Ananya,Kumar,Ahmedabad,Gujarat,129975
C001655,Priya,Reddy,Ahmedabad,Gujarat,267795
C001656,Vivaan,Sharma,Ahmedabad,Gujarat,526495
C001657,Asha,Gupta,Chennai,Tamil Nadu,319373
C001658,Aarav,Singh,Chennai,Tamil Nadu,307133
C001659,Aarav,Mehta,Bengaluru,Karnataka,405286
C001660,Reyansh,Sharma,Mumbai,Maharashtra,698612
C001661,Diya,Patel,Hyderabad,Telangana,286037
C001662,Vivaan,Reddy,Mumbai,Maharashtra,498076
C001663,Reyansh,Gupta,Bengaluru,Karnataka,770008
C001664,Priya,Mehta,Bengaluru,Karnataka,730347
C001665,Vivaan,Gupta,Mumbai,Maharashtra,732605
C001666,Diya,Reddy,Pune,Maharashtra,407190
C001667,Rahul,Patel,Delhi,Delhi,550280
C001668,Priya,Singh,Hyderabad,Telangana,211459
C001669,Saanvi,Mehta,Delhi,Delhi,310422
C001670,Asha,Kumar,Kolkata,West Bengal,211520
C001671,Kiran,Sharma,Chennai,Tamil Nadu,695560
C001672,Kiran,Patel,Delhi,Delhi,626123
C001673,Kiran,Gupta,Ahmedabad,Gujarat,439793
C001674,Kiran,Mehta,Kolkata,West Bengal,436818
C001675,Asha,Mehta,Hyderabad,Telangana,254832
C001676,Kiran,Chowdhury,Bengaluru,Karnataka,262999
C001677,Priya,Singh,Ahmedabad,Gujarat,458619
C001678,Saanvi,Kumar,Chennai,Tamil Nadu,171367
C001679,Vivaan,Sharma,Mumbai,Maharashtra,515804
C001680,Vivaan,Kumar,Ahmedabad,Gujarat,345806
C001681,Rahul,Sharma,Kolkata,West Bengal,154738
C001682,Diya,Kumar,Pune,Maharashtra,667685
C001683,Ananya,Gupta,Mumbai,Maharashtra,454333
C001684,Vivaan,Gupta,Hyderabad,Telangana,448511
C001685,Asha,Mehta,Hyderabad,Telangana,312332
C001686,Vivaan,Mehta,Mumbai,Maharashtra,492729
C001687,Rahul,Sharma,Pune,Maharashtra,221453
C001688,Ananya,Mehta,Bengaluru,Karnataka,129816
C001689,Priya,Chowdhury,Pune,Maharashtra,526715
C001690,Reyansh,Chowdhury,Mumbai,Maharashtra,481000
C001691,Priya,Mehta,Bengaluru,Karnataka,323567
C001692,Rahul,Sharma,Ahmedabad,Gujarat,624933
C001693,Kiran,Mehta,Hyderabad,Telangana,705923
C001694,Ananya,Mehta,Mumbai,Maharashtra,326184
C001695,Vivaan,Singh,Pune,Maharashtra,408090
C001696,Aarav,Mehta,Hyderabad,Telangana,427348
C001697,Asha,Singh,Kolkata,West Bengal,292958
C001698,Reyansh,Patel,Kolkata,West Bengal,387707
C001699,Diya,Sharma,Hyderabad,Telangana,202324
C001700,Rahul,Patel,Hyderabad,Telangana,333536
C001701,Ananya,Mehta,Ahmedabad,Gujarat,381991
C001702,Saanvi,Kumar,Ahmedabad,Gujarat,136155
C001703,Reyansh,Patel,Hyderabad,Telangana,451815
C001704,Aarav,Kumar,Pune,Maharashtra,751179
C001705,Priya,Sharma,Delhi,Delhi,570494
C001706,Asha,Singh,Ahmedabad,Gujarat,259381
C001707,Diya,Chowdhury,Chennai,Tamil Nadu,241691
C001708,Diya,Singh,Hyderabad,Telangana,586410
C001709,Asha,Singh,Delhi,Delhi,553324
C001710,Aarav,Chowdhury,Chennai,Tamil Nadu,144707
C001711,Asha,Patel,Kolkata,West Bengal,628477
C001712,Saanvi,Sharma,Mumbai,Maharashtra,463299
C001713,Diya,Chowdhury,Delhi,Delhi,268492
C001714,Vivaan,Gupta,Mumbai,Maharashtra,584112
C001715,Kiran,Gupta,Mumbai,Maharashtra,280102
C001716,Diya,Kumar,Chennai,Tamil Nadu,504274
C001717,Saanvi,Gupta,Chennai,Tamil Nadu,327285
C001718,Priya,Patel,Pune,Maharashtra,448404
C001719,Reyansh,Singh,Hyderabad,Telangana,269476
C001720,Vivaan,Sharma,Hyderabad,Telangana,270928
C001721,Ananya,Mehta,Delhi,Delhi,774560
C001722,Saanvi,Singh,Pune,Maharashtra,406141
C001723,Kiran,Kumar,Hyderabad,Telangana,753561
C001724,Vivaan,Gupta,Bengaluru,Karnataka,358500
C001725,Asha,Chowdhury,Pune,Maharashtra,242311
C001726,Reyansh,Sharma,Mumbai,Maharashtra,355546
C001727,Aarav,Patel,Ahmedabad,Gujarat,306733
C001728,Aarav,Patel,Kolkata,West Bengal,761233
C001729,Rahul,Singh,Kolkata,West Bengal,679560
C001730,Kiran,Mehta,Ahmedabad,Gujarat,256470
C001731,Diya,Kumar,Hyderabad,Telangana,754318
C001732,Priya,Singh,Delhi,Delhi,428647
C001733,Priya,Patel,Delhi,Delhi,116570
C001734,Saanvi,Chowdhury,Ahmedabad,Gujarat,440929
C001735,Ananya,Kumar,Ahmedabad,Gujarat,643398
C001736,Kiran,Gupta,Bengaluru,Karnataka,609115
C001737,Rahul,Singh,Pune,Maharashtra,189141
C001738,Diya,Chowdhury,Pune,Maharashtra,122115
C001739,Aarav,Patel,Ahmedabad,Gujarat,149062
C001740,Vivaan,Mehta,Ahmedabad,Gujarat,738349
C001741,Priya,Singh,Ahmedabad,Gujarat,404700
C001742,Diya,Singh,Hyderabad,Telangana,500479
C001743,Rahul,Patel,Delhi,Delhi,636257
C001744,Asha,Patel,Pune,Maharashtra,507686
C001745,Asha,Chowdhury,Hyderabad,Telangana,231863
C001746,Kiran,Reddy,Kolkata,West Bengal,611076
C001747,Kiran,Kumar,Chennai,Tamil Nadu,757296
C001748,Priya,Reddy,Bengaluru,Karnataka,610726
C001749,Diya,Kumar,Delhi,Delhi,788556
C001750,Rahul,Mehta,Kolkata,West Bengal,740111
C001751,Reyansh,Patel,Chennai,Tamil Nadu,744965
C001752,Vivaan,Chowdhury,Ahmedabad,Gujarat,158320
C001753,Asha,Patel,Pune,Maharashtra,606758
C001754,Reyansh,Gupta,Ahmedabad,Gujarat,256649
C001755,Vivaan,Patel,Kolkata,West Bengal,235354
C001756,Diya,Chowdhury,Kolkata,West Bengal,722297
C001757,Vivaan,Kumar,Mumbai,Maharashtra,558625
C001758,Kiran,Sharma,Bengaluru,Karnataka,138625
C001759,Reyansh,Chowdhury,Bengaluru,Karnataka,396233
C001760,Rahul,Chowdhury,Hyderabad,Telangana,146487
C001761,Ananya,Mehta,Chennai,Tamil Nadu,569054
C001762,Kiran,Gupta,Hyderabad,Telangana,338071
C001763,Diya,Patel,Kolkata,West Bengal,598011
C001764,Kiran,Reddy,Mumbai,Maharashtra,422282
C001765,Saanvi,Sharma,Bengaluru,Karnataka,283895
C001766,Asha,Sharma,Pune,Maharashtra,540424
C001767,Asha,Mehta,Mumbai,Maharashtra,426205
C001768,Saanvi,Sharma,Delhi,Delhi,211376
C001769,Rahul,Reddy,Chennai,Tamil Nadu,535106
C001770,Rahul,Reddy,Pune,Maharashtra,391652
C001771,Rahul,Kumar,Kolkata,West Bengal,582132
C001772,Priya,Singh,Bengaluru,Karnataka,268056
C001773,Asha,Reddy,Chennai,Tamil Nadu,744457
C001774,Rahul,Singh,Pune,Maharashtra,670347
C001775,Reyansh,Singh,Hyderabad,Telangana,572785
C001776,Vivaan,Sharma,Mumbai,Maharashtra,737697
C001777,Priya,Reddy,Bengaluru,Karnataka,609653
C001778,Vivaan,Singh,Bengaluru,Karnataka,639992
C001779,Priya,Reddy,Kolkata,West Bengal,745567
C001780,Priya,Reddy,Bengaluru,Karnataka,792568
C001781,Rahul,Mehta,Ahmedabad,Gujarat,752804
C001782,Reyansh,Reddy,Chennai,Tamil Nadu,632828
C001783,Kiran,Chowdhury,Mumbai,Maharashtra,588366
C001784,Asha,Gupta,Chennai,Tamil Nadu,529139
C001785,Asha,Mehta,Kolkata,West Bengal,629777
C001786,Aarav,Chowdhury,Mumbai,Maharashtra,486188
C001787,Vivaan,Chowdhury,Pune,Maharashtra,342549
C001788,Reyansh,Gupta,Delhi,Delhi,663453
C001789,Asha,Patel,Ahmedabad,Gujarat,701491
C001790,Ananya,Chowdhury,Delhi,Delhi,594965
C001791,Asha,Gupta,Delhi,Delhi,146321
C001792,Diya,Sharma,Mumbai,Maharashtra,445441
C001793,Priya,Chowdhury,Ahmedabad,Gujarat,355014
C001794,Rahul,Mehta,Pune,Maharashtra,266498
C001795,Saanvi,Singh,Hyderabad,Telangana,127772
C001796,Kiran,Gupta,Mumbai,Maharashtra,504583
C001797,Aarav,Chowdhury,Hyderabad,Telangana,348389
C001798,Kiran,Sharma,Bengaluru,Karnataka,749430
C001799,Kiran,Sharma,Hyderabad,Telangana,726024
C001800,Priya,Patel,Hyderabad,Telangana,161924
C001801,Asha,Patel,Bengaluru,Karnataka,638014
C001802,Saanvi,Singh,Hyderabad,Telangana,461296
C001803,Saanvi,Gupta,Hyderabad,Telangana,137723
C001804,Vivaan,Singh,Mumbai,Maharashtra,774468
C001805,Priya,Mehta,Bengaluru,Karnataka,318786
C001806,Saanvi,Kumar,Bengaluru,Karnataka,669931
C001807,Reyansh,Sharma,Ahmedabad,Gujarat,796684
C001808,Vivaan,Singh,Pune,Maharashtra,324432
C001809,Priya,Reddy,Bengaluru,Karnataka,249999
C001810,Ananya,Chowdhury,Kolkata,West Bengal,468690
C001811,Ananya,Mehta,Bengaluru,Karnataka,189973
C001812,Saanvi,Patel,Mumbai,Maharashtra,744122
C001813,Reyansh,Chowdhury,Mumbai,Maharashtra,563449
C001814,Priya,Gupta,Kolkata,West Bengal,397681
C001815,Asha,Kumar,Ahmedabad,Gujarat,604509
C001816,Rahul,Chowdhury,Kolkata,West Bengal,741810
C001817,Reyansh,Reddy,Hyderabad,Telangana,656900
C001818,Saanvi,Chowdhury,Mumbai,Maharashtra,335049
C001819,Diya,Sharma,Kolkata,West Bengal,378615
C001820,Asha,Mehta,Delhi,Delhi,276703
C001821,Kiran,Gupta,Kolkata,West Bengal,141348
C001822,Saanvi,Gupta,Pune,Maharashtra,305804
C001823,Saanvi,Reddy,Delhi,Delhi,245832
C001824,Ananya,Kumar,Ahmedabad,Gujarat,404923
C001825,Reyansh,Mehta,Pune,Maharashtra,393780
C001826,Aarav,Patel,Mumbai,Maharashtra,716177
C001827,Rahul,Patel,Mumbai,Maharashtra,163551
C001828,Priya,Mehta,Delhi,Delhi,514772
C001829,Saanvi,Gupta,Chennai,Tamil Nadu,776923
C001830,Aarav,Sharma,Chennai,Tamil Nadu,681107
C001831,Aarav,Kumar,Delhi,Delhi,445914
C001832,Vivaan,Patel,Delhi,Delhi,530182
C001833,Rahul,Singh,Bengaluru,Karnataka,322781
C001834,Reyansh,Gupta,Delhi,Delhi,563105
C001835,Priya,Patel,Hyderabad,Telangana,792347
C001836,Saanvi,Reddy,Ahmedabad,Gujarat,658884
C001837,Saanvi,Singh,Pune,Maharashtra,169182
C001838,Saanvi,Sharma,Delhi,Delhi,459307
C001839,Rahul,Mehta,Kolkata,West Bengal,411454
C001840,Saanvi,Gupta,Mumbai,Maharashtra,428232
C001841,Priya,Patel,Bengaluru,Karnataka,763091
C001842,Ananya,Reddy,Ahmedabad,Gujarat,249978
C001843,Priya,Patel,Bengaluru,Karnataka,679667
C001844,Asha,Reddy,Bengaluru,Karnataka,581828
C001845,Kiran,Patel,Chennai,Tamil Nadu,368517
C001846,Saanvi,Patel,Ahmedabad,Gujarat,550097
C001847,Vivaan,Patel,Mumbai,Maharashtra,418557
C001848,Priya,Sharma,Hyderabad,Telangana,247084
C001849,Reyansh,Sharma,Ahmedabad,Gujarat,692004
C001850,Rahul,Gupta,Mumbai,Maharashtra,313502
C001851,Diya,Reddy,Bengaluru,Karnataka,254539
C001852,Asha,Chowdhury,Mumbai,Maharashtra,534226
C001853,Rahul,Reddy,Ahmedabad,Gujarat,631863
C001854,Asha,Kumar,Delhi,Delhi,231999
C001855,Rahul,Chowdhury,Mumbai,Maharashtra,224793
C001856,Kiran,Mehta,Delhi,Delhi,567373
C001857,Saanvi,Reddy,Pune,Maharashtra,480321
C001858,Vivaan,Mehta,Mumbai,Maharashtra,122289
C001859,Vivaan,Chowdhury,Pune,Maharashtra,367368
C001860,Ananya,Singh,Hyderabad,Telangana,196365
C001861,Rahul,Kumar,Mumbai,Maharashtra,285211
C001862,Rahul,Patel,Hyderabad,Telangana,289785
C001863,Priya,Patel,Pune,Maharashtra,182588
C001864,Ananya,Singh,Ahmedabad,Gujarat,173646
C001865,Ananya,Sharma,Mumbai,Maharashtra,375798
C001866,Priya,Reddy,Chennai,Tamil Nadu,592238
C001867,Asha,Gupta,Delhi,Delhi,229735
C001868,Asha,Chowdhury,Ahmedabad,Gujarat,265683
C001869,Aarav,Mehta,Mumbai,Maharashtra,742259
C001870,Diya,Sharma,Mumbai,Maharashtra,646437
C001871,Vivaan,Kumar,Kolkata,West Bengal,472246
C001872,Asha,Singh,Ahmedabad,Gujarat,431333
C001873,Vivaan,Sharma,Chennai,Tamil Nadu,676956
C001874,Priya,Sharma,Bengaluru,Karnataka,516889
C001875,Kiran,Sharma,Ahmedabad,Gujarat,722492
C001876,Reyansh,Sharma,Chennai,Tamil Nadu,321830
C001877,Aarav,Gupta,Bengaluru,Karnataka,306501
C001878,Priya,Singh,Delhi,Delhi,526885
C001879,Vivaan,Patel,Delhi,Delhi,275140
C001880,Kiran,Kumar,Ahmedabad,Gujarat,250507
C001881,Ananya,Reddy,Delhi,Delhi,335160
C001882,Rahul,Mehta,Pune,Maharashtra,293321
C001883,Kiran,Singh,Delhi,Delhi,671672
C001884,Ananya,Sharma,Pune,Maharashtra,631998
C001885,Diya,Patel,Bengaluru,Karnataka,716217
C001886,Saanvi,Singh,Delhi,Delhi,710441
C001887,Reyansh,Mehta,Kolkata,West Bengal,185388
C001888,Priya,Kumar,Bengaluru,Karnataka,665689
C001889,Reyansh,Patel,Mumbai,Maharashtra,628727
C001890,Reyansh,Sharma,Kolkata,West Bengal,753791
C001891,Vivaan,Sharma,Ahmedabad,Gujarat,342601
C001892,Reyansh,Patel,Mumbai,Maharashtra,237834
C001893,Rahul,Chowdhury,Hyderabad,Telangana,144084
C001894,Ananya,Singh,Bengaluru,Karnataka,361459
C001895,Asha,Chowdhury,Hyderabad,Telangana,744929
C001896,Ananya,Singh,Kolkata,West Bengal,215111
C001897,Kiran,Singh,Mumbai,Maharashtra,559042
C001898,Kiran,Patel,Ahmedabad,Gujarat,539667
C001899,Diya,Reddy,Hyderabad,Telangana,772587
C001900,Asha,Kumar,Mumbai,Maharashtra,272982
C001901,Vivaan,Patel,Chennai,Tamil Nadu,408185
C001902,Asha,Kumar,Pune,Maharashtra,437825
C001903,Ananya,Gupta,Ahmedabad,Gujarat,344386
C001904,Ananya,Patel,Mumbai,Maharashtra,453715
C001905,Priya,Chowdhury,Bengaluru,Karnataka,306553
C001906,Reyansh,Sharma,Bengaluru,Karnataka,571792
C001907,Diya,Gupta,Mumbai,Maharashtra,611174
C001908,Rahul,Gupta,Chennai,Tamil Nadu,761844
C001909,Kiran,Chowdhury,Pune,Maharashtra,305246
C001910,Vivaan,Sharma,Mumbai,Maharashtra,660448
C001911,Reyansh,Sharma,Bengaluru,Karnataka,356242
C001912,Asha,Patel,Ahmedabad,Gujarat,621083
C001913,Ananya,Chowdhury,Delhi,Delhi,127633
C001914,Rahul,Kumar,Pune,Maharashtra,159104
C001915,Ananya,Patel,Pune,Maharashtra,178388
C001916,Ananya,Patel,Pune,Maharashtra,650302
C001917,Rahul,Kumar,Chennai,Tamil Nadu,202578
C001918,Ananya,Patel,Kolkata,West Bengal,799115
C001919,Kiran,Chowdhury,Ahmedabad,Gujarat,674678
C001920,Rahul,Singh,Mumbai,Maharashtra,395855
C001921,Kiran,Chowdhury,Chennai,Tamil Nadu,201658
C001922,Rahul,Mehta,Bengaluru,Karnataka,167993
C001923,Priya,Kumar,Bengaluru,Karnataka,315768
C001924,Saanvi,Kumar,Pune,Maharashtra,268285
C001925,Reyansh,Sharma,Pune,Maharashtra,561000
C001926,Saanvi,Singh,Mumbai,Maharashtra,652015
C001927,Priya,Chowdhury,Delhi,Delhi,638646
C001928,Reyansh,Mehta,Kolkata,West Bengal,437252
C001929,Saanvi,Singh,Chennai,Tamil Nadu,367681
C001930,Kiran,Kumar,Bengaluru,Karnataka,204018
C001931,Rahul,Chowdhury,Delhi,Delhi,496601
C001932,Kiran,Chowdhury,Chennai,Tamil Nadu,404054
C001933,Saanvi,Sharma,Ahmedabad,Gujarat,761176
C001934,Ananya,Kumar,Kolkata,West Bengal,339104
C001935,Rahul,Kumar,Pune,Maharashtra,303510
C001936,Kiran,Sharma,Bengaluru,Karnataka,219847
C001937,Aarav,Sharma,Kolkata,West Bengal,554717
C001938,Asha,Sharma,Ahmedabad,Gujarat,564162
C001939,Asha,Reddy,Kolkata,West Bengal,406037
C001940,Vivaan,Chowdhury,Ahmedabad,Gujarat,186329
C001941,Ananya,Patel,Ahmedabad,Gujarat,141007
C001942,Rahul,Kumar,Mumbai,Maharashtra,426397
C001943,Diya,Gupta,Bengaluru,Karnataka,122323
C001944,Vivaan,Sharma,Chennai,Tamil Nadu,222356
C001945,Saanvi,Singh,Ahmedabad,Gujarat,745232
C001946,Kiran,Sharma,Ahmedabad,Gujarat,314451
C001947,Priya,Singh,Ahmedabad,Gujarat,388600
C001948,Reyansh,Mehta,Kolkata,West Bengal,665655
C001949,Aarav,Patel,Ahmedabad,Gujarat,164624
C001950,Diya,Sharma,Kolkata,West Bengal,513322
C001951,Rahul,Gupta,Hyderabad,Telangana,344565
C001952,Vivaan,Mehta,Chennai,Tamil Nadu,178008
C001953,Asha,Mehta,Mumbai,Maharashtra,487539
C001954,Vivaan,Reddy,Mumbai,Maharashtra,226492
C001955,Priya,Sharma,Pune,Maharashtra,182240
C001956,Diya,Singh,Pune,Maharashtra,436459
C001957,Asha,Kumar,Delhi,Delhi,382900
C001958,Diya,Kumar,Bengaluru,Karnataka,571227
C001959,Priya,Kumar,Delhi,Delhi,408522
C001960,Diya,Mehta,Chennai,Tamil Nadu,245327
C001961,Asha,Reddy,Hyderabad,Telangana,759991
C001962,Aarav,Patel,Hyderabad,Telangana,275575
C001963,Diya,Chowdhury,Pune,Maharashtra,609499
C001964,Asha,Patel,Ahmedabad,Gujarat,603948
C001965,Asha,Gupta,Ahmedabad,Gujarat,417257
C001966,Kiran,Mehta,Ahmedabad,Gujarat,708357
C001967,Ananya,Chowdhury,Delhi,Delhi,339189
C001968,Vivaan,Reddy,Delhi,Delhi,508465
C001969,Saanvi,Patel,Bengaluru,Karnataka,361051
C001970,Reyansh,Gupta,Delhi,Delhi,759829
C001971,Reyansh,Chowdhury,Delhi,Delhi,621778
C001972,Ananya,Sharma,Bengaluru,Karnataka,381830
C001973,Rahul,Singh,Hyderabad,Telangana,615629
C001974,Diya,Reddy,Ahmedabad,Gujarat,425507
C001975,Aarav,Gupta,Ahmedabad,Gujarat,469687
C001976,Vivaan,Sharma,Chennai,Tamil Nadu,766021
C001977,Asha,Mehta,Chennai,Tamil Nadu,285915
C001978,Kiran,Mehta,Kolkata,West Bengal,729961
C001979,Priya,Chowdhury,Pune,Maharashtra,564179
C001980,Saanvi,Singh,Ahmedabad,Gujarat,152828
C001981,Reyansh,Gupta,Hyderabad,Telangana,382670
C001982,Priya,Mehta,Chennai,Tamil Nadu,135592
C001983,Aarav,Singh,Hyderabad,Telangana,401126
C001984,Saanvi,Chowdhury,Pune,Maharashtra,342041
C001985,Kiran,Singh,Bengaluru,Karnataka,460877
C001986,Reyansh,Singh,Hyderabad,Telangana,234982
C001987,Reyansh,Kumar,Bengaluru,Karnataka,366911
C001988,Aarav,Mehta,Delhi,Delhi,178619
C001989,Priya,Gupta,Bengaluru,Karnataka,794688
C001990,Reyansh,Kumar,Pune,Maharashtra,418623
C001991,Diya,Mehta,Mumbai,Maharashtra,611643
C001992,Diya,Chowdhury,Bengaluru,Karnataka,261175
C001993,Asha,Gupta,Bengaluru,Karnataka,280963
C001994,Aarav,Reddy,Delhi,Delhi,251826
C001995,Reyansh,Chowdhury,Ahmedabad,Gujarat,208540
C001996,Reyansh,Sharma,Pune,Maharashtra,737035
C001997,Saanvi,Chowdhury,Pune,Maharashtra,296994
C001998,Kiran,Singh,Hyderabad,Telangana,420375
C001999,Diya,Patel,Ahmedabad,Gujarat,139301
C002000,Aarav,Singh,Ahmedabad,Gujarat,332724
