ProductID,ProductName,Category,UnitPrice,StockAvailable,Supplier,SensitiveProductInfo
PROD1000,Purpose,Books,350.59,303,Herring and Sons,Trade structure protect chance.
PROD1001,Brother,Home,270.37,449,Howell and Sons,Single avoid rich toward.
PROD1002,Ago,Electronics,158.22,453,Wells Inc,Lead with enough anyone spend.
PROD1003,Site,Books,407.83,411,"Gould, Marshall and Scott",System growth quality.
PROD1004,Face,Books,343.94,116,Jackson-Lawson,School believe serve animal system professional.
PROD1005,Election,Home,85.5,220,"Higgins, Strickland and Martin",Forget thus western environmental.
PROD1006,Dog,Electronics,455.91,153,Rodriguez-Johnson,Head garden box hundred.
PROD1007,Chair,Electronics,412.16,152,Johnston-Odonnell,Even history surface son power someone both.
PROD1008,Since,Books,475.15,11,Sanders-Espinoza,Word such billion treat.
PROD1009,Blue,Clothing,364.23,132,Vargas Ltd,Soon question consider here grow agreement range.
PROD1010,Require,Books,308.64,481,Garcia LLC,Low maintain thought key.
PROD1011,Sit,Books,212.03,303,"Burke, Martinez and Riggs",Energy fire relate question.
PROD1012,Wait,Books,466.7,292,Reed Group,Rich difference what their mind read peace.
PROD1013,Offer,Books,433.7,462,"Wood, Hunter and Peterson",Product eat generation put his stuff.
PROD1014,Begin,Home,27.38,299,Short-Garcia,Throughout party activity various measure light many.
PROD1015,Performance,Electronics,18.05,227,Reid-Poole,Avoid man drive wife.
PROD1016,Knowledge,Home,191.35,270,"Hernandez, Thompson and Boyd",Medical nearly her.
PROD1017,Almost,Home,406.22,42,"Nelson, Morton and Medina",Bad know of because material.
PROD1018,All,Home,493.7,431,Marshall-Petersen,Budget market president bill include news.
PROD1019,Better,Books,79.46,342,"Adams, Christian and Rivas",Stay social white.
PROD1020,Discover,Clothing,299.09,325,Ramirez Group,Three none pressure lay future.
PROD1021,Early,Electronics,193.54,301,Christensen PLC,Staff such forward.
PROD1022,Mouth,Clothing,485.11,497,"Barnett, Rogers and Snyder",Outside respond guy laugh best probably able great.
PROD1023,Play,Home,421.85,363,White-Lewis,Natural hear blood to manage.
PROD1024,Agreement,Home,419.97,378,Peterson-Beard,Blood particularly could us hotel lead.
PROD1025,Option,Clothing,237.0,426,"Beard, Peters and Black",Response blue increase unit study.
PROD1026,Decide,Clothing,210.34,492,Miller Ltd,But through leader operation mean white above save.
PROD1027,Sense,Clothing,140.34,20,Freeman-Chang,Very stuff lot meet TV concern official.
PROD1028,Rate,Home,32.91,406,"Alvarez, Joseph and West",Billion price paper focus.
PROD1029,Science,Home,433.04,106,Davis and Sons,Industry participant realize eat huge garden.
PROD1030,Offer,Electronics,407.39,335,Holt-Torres,Laugh card include record security.
PROD1031,Kind,Electronics,499.86,302,"Wood, Tran and Cooper",Successful natural finish say network.
PROD1032,Discussion,Home,498.34,116,"Pierce, Bell and Chavez",Cut person fact generation public.
PROD1033,List,Clothing,279.94,123,King-Martinez,Mean reason follow break.
PROD1034,Perform,Clothing,385.65,398,Stewart Ltd,No old wall report purpose throw.
PROD1035,Fall,Electronics,472.66,280,"Tapia, Vaughn and Lee",Experience suggest space mission agent certainly prove.
PROD1036,Table,Home,425.58,291,"Washington, Hardy and Bray",Environment size worker raise chair.
PROD1037,True,Electronics,127.44,202,"Carlson, Hooper and Wall",Real far send allow.
PROD1038,According,Electronics,228.02,50,Perez-White,Bill test science ten score night down.
PROD1039,Song,Books,68.93,270,Erickson and Sons,Realize another high indicate small.
PROD1040,Sure,Books,477.26,323,Williams-Brown,Whole approach season data than team.
PROD1041,Collection,Books,305.06,276,Terry-Martinez,Stop treatment relate positive sense national.
PROD1042,Save,Clothing,118.18,140,Garcia-Smith,Cultural right cover large work avoid while same.
PROD1043,Knowledge,Home,337.49,469,Harrison-Alexander,Help investment news candidate.
PROD1044,Grow,Home,310.97,274,Sheppard LLC,Suffer accept letter visit always up others similar.
PROD1045,Fall,Home,182.29,289,Wilson-Jones,Past product make of group six fish detail.
PROD1046,Clearly,Home,61.21,333,Jones-Soto,Minute skill city myself.
PROD1047,Dinner,Books,337.43,380,Hernandez PLC,Begin determine degree forward guess despite.
PROD1048,Source,Clothing,262.55,451,Miller-Wright,Most you statement wonder across protect knowledge toward.
PROD1049,Great,Clothing,387.3,495,"Duran, Obrien and Gibbs",Truth during always those high someone box either.
PROD1050,Blue,Books,262.48,372,Rowe Group,Agency might side method meet.
PROD1051,Best,Clothing,426.83,51,Kerr-Evans,Analysis together court message way cold what.
PROD1052,Husband,Books,278.19,493,"Branch, Torres and Oliver",Mouth phone decision picture defense rate structure.
PROD1053,Bill,Home,282.66,26,"Choi, Garcia and Farmer",Mrs reflect wish simple position.
PROD1054,Her,Books,438.94,156,"Clark, Guerrero and Moore",Section child learn forward.
PROD1055,Throw,Home,204.72,238,Arnold and Sons,Available concern edge audience.
PROD1056,Guy,Home,71.34,155,Ortiz Ltd,Treat imagine later identify first.
PROD1057,Pm,Electronics,19.25,290,"Harrison, Johnson and Roberts",Pull movement political peace series one.
PROD1058,Everything,Books,378.79,135,Warner-Gibson,Group me face rate.
PROD1059,Surface,Electronics,312.05,143,"Hall, Baker and Moody",Beat she join house produce listen mouth carry.
PROD1060,Animal,Books,353.52,105,"Guerrero, Peck and Coleman",Someone support far plant fear thought.
PROD1061,Show,Books,110.42,419,"Walker, Hernandez and Baker",Whatever action themselves center among of.
PROD1062,Machine,Electronics,72.5,157,Jones and Sons,Mr water fight security tough gas.
PROD1063,Not,Electronics,12.2,145,Larson-Holloway,Town surface central contain pattern education.
PROD1064,Capital,Books,178.54,1,Gonzales-Harrison,Consider son system surface.
PROD1065,Win,Clothing,297.01,432,Lyons-Bender,Leave near fact attack better rise maintain.
PROD1066,Human,Home,199.16,76,"Fernandez, Kim and George",Ground provide doctor expect attorney cover.
PROD1067,Bar,Electronics,221.55,131,Navarro-Munoz,Late pattern figure once not hair first.
PROD1068,Old,Home,452.56,89,Davis Ltd,Collection finish size Republican political everybody.
PROD1069,Finally,Clothing,177.39,344,"Matthews, Smith and Hubbard",Care run there leg grow figure.
PROD1070,Themselves,Clothing,259.42,349,Johnston-Hines,Board population bank exactly step through cultural.
PROD1071,Production,Clothing,392.91,458,Ruiz Ltd,Baby away affect medical all old if operation.
PROD1072,Present,Electronics,201.29,262,Moon-White,Necessary myself your.
PROD1073,Value,Clothing,312.93,350,"Graham, Olsen and Costa",President chance hotel through operation tax card.
PROD1074,Training,Electronics,431.87,107,Bailey-Cook,Member however maybe production summer southern pass.
PROD1075,High,Clothing,475.01,73,"Garcia, Martin and Jenkins",Serious cell city not.
PROD1076,Participant,Home,77.8,38,Roberts-Landry,Process whose save low grow despite maintain.
PROD1077,Dark,Home,463.66,396,"Johnson, Miller and King",Enough doctor protect military.
PROD1078,Sea,Books,248.6,158,Cordova Group,Hold truth thing always possible billion.
PROD1079,Available,Home,132.83,70,"Bryan, Smith and Booth",Plant event score official now heavy her.
PROD1080,Answer,Books,232.27,446,Gutierrez-Lopez,President structure might heavy trade might good test.
PROD1081,Recently,Home,490.12,311,Dean-Jimenez,Society thought according think key discover method.
PROD1082,Drive,Electronics,248.85,240,Wolf-Harris,Deep cost gun response brother.
PROD1083,Spring,Home,167.73,425,"Anderson, Roberts and Gilmore",Increase form box push look.
PROD1084,Figure,Books,318.53,444,Martinez-Dudley,Claim street against amount of claim picture always.
PROD1085,Base,Books,123.87,297,"Lloyd, Mckinney and Collins",Chair coach two might if wide point.
PROD1086,Top,Clothing,42.55,439,Tran Inc,Water describe paper likely loss.
PROD1087,Early,Electronics,68.8,35,Gay Inc,Store over some star consider.
PROD1088,Trial,Home,68.38,83,Valentine-Holland,Enough right garden law opportunity discover history.
PROD1089,Blood,Clothing,80.19,451,Jimenez Ltd,Admit mission training range.
PROD1090,Husband,Home,73.72,373,Hicks-Hill,Painting concern top outside.
PROD1091,Fall,Home,322.23,262,Baird-Sanchez,Me brother lot candidate owner still to.
PROD1092,Long,Clothing,95.03,309,"Thomas, Lee and Greene",Miss have analysis morning director sort.
PROD1093,Prove,Clothing,176.11,384,"Suarez, Shields and Hill",Go source traditional student office international.
PROD1094,They,Clothing,448.91,171,Morgan-French,Local discussion teacher exist theory.
PROD1095,His,Clothing,239.61,375,Hoover-Campbell,Election accept season according mission mind.
PROD1096,Commercial,Clothing,335.44,172,Monroe-Carpenter,Pressure reach firm gun choice prepare.
PROD1097,Hospital,Home,90.3,361,"Burns, Hernandez and Ryan",End movie north partner yeah.
PROD1098,Hear,Clothing,100.18,46,Cook-Hines,Sense including six lot have never.
PROD1099,Determine,Electronics,25.23,378,Gibson-Morris,Write officer similar huge catch.
PROD1100,Religious,Books,88.62,140,Pollard and Sons,Security land record class.
PROD1101,Example,Clothing,142.9,374,"Reyes, Chase and Jenkins",Meet skill song pass range.
PROD1102,Science,Clothing,92.62,405,Garner-Thornton,Claim who accept.
PROD1103,Write,Home,48.91,117,Hughes-Alvarado,Statement likely outside because.
PROD1104,Result,Clothing,64.71,276,"Pollard, Simpson and Johnson",Develop bag also his worker.
PROD1105,Raise,Clothing,233.09,213,"Sanford, Rivera and Garcia",Prevent expert white arm similar compare manager action.
PROD1106,Away,Clothing,107.14,219,Garcia-Lozano,Experience almost outside middle discuss college already.
PROD1107,Politics,Home,185.31,392,Bowen Group,Pretty wish beautiful every human.
PROD1108,Prove,Clothing,254.19,25,"Booker, Jones and Harrington",If customer address region try near.
PROD1109,Congress,Books,346.75,8,Morgan-Schwartz,Trip give white everybody paper create upon.
PROD1110,None,Home,24.46,270,"Miller, Murphy and Craig",Above company media next me future bring.
PROD1111,Shoulder,Books,400.71,9,"James, Stewart and Higgins",What then spend offer reason whom none.
PROD1112,Election,Home,315.81,471,Brennan-Johnson,Serious which learn leave only.
PROD1113,Common,Clothing,45.47,377,Young Ltd,Loss election him.
PROD1114,Maintain,Books,437.42,120,Bright-Francis,Quality discover firm western might.
PROD1115,Hundred,Home,460.83,124,Good-Hodges,Red enjoy expert.
PROD1116,Expect,Electronics,35.23,169,"Brennan, Wallace and Benson",Purpose start away use live government.
PROD1117,Wish,Clothing,142.05,71,Williams Inc,Especially water raise travel material current save.
PROD1118,Push,Home,404.07,151,Howard-Jordan,Deal dark economic peace choose.
PROD1119,Rise,Electronics,375.39,207,Schmidt PLC,Build bad what manage.
PROD1120,Onto,Home,96.34,48,"Sparks, Jackson and Miller",Share must amount.
PROD1121,Discuss,Electronics,108.63,153,Harvey-Allen,He firm together thing off ever consumer.
PROD1122,Reveal,Clothing,188.38,346,"Thomas, Murray and King",Exactly develop office approach son long must.
PROD1123,Garden,Books,244.84,292,Estrada-Nolan,Girl team simply lead build million firm.
PROD1124,Threat,Electronics,311.04,67,Santana-Byrd,Activity decision ok.
PROD1125,Special,Home,187.61,49,Jones LLC,Gun technology cost enjoy especially when.
PROD1126,Stand,Clothing,233.95,151,"Evans, Hayden and Vaughn",Hand material decision red head take.
PROD1127,Arrive,Electronics,375.0,18,Bruce-Gonzalez,Late number without rather sport.
PROD1128,Drop,Home,23.16,99,Castaneda-Rodriguez,Sound new task cultural son.
PROD1129,Term,Home,129.96,59,Armstrong-Andrews,List act instead care.
PROD1130,Almost,Home,358.11,166,"Phillips, Spence and Barrett",Military result size feel no nothing huge real.
PROD1131,Support,Electronics,448.13,201,Smith-Grimes,Democratic effect stuff benefit.
PROD1132,Four,Electronics,258.28,344,"Beltran, Lozano and Mcgee",Employee growth newspaper special general in.
PROD1133,Institution,Electronics,268.4,145,Parsons-Hall,Test white current office power company.
PROD1134,Executive,Books,58.05,402,Robinson-Lee,Great pull maintain say threat.
PROD1135,Attorney,Electronics,226.47,163,Byrd-Le,Party less what than political up.
PROD1136,Development,Electronics,268.65,457,"Becker, Taylor and Davis",Piece occur support author class direction.
PROD1137,White,Electronics,125.02,480,"Lucas, Parker and Alexander",President report painting house thought sit.
PROD1138,Yes,Books,138.28,438,"Diaz, Anderson and Browning",Security minute late cold take by.
PROD1139,Our,Electronics,191.76,241,Burgess-Thompson,Product wait red bag cold.
PROD1140,Under,Home,14.94,68,Buchanan LLC,Believe view list approach.
PROD1141,Serious,Electronics,164.43,174,"Shaw, Nelson and Martin",Model you billion peace base use.
PROD1142,Forward,Home,109.67,48,Coffey-Phillips,Finally easy exist phone capital stuff.
PROD1143,Difference,Home,167.11,482,Brock-Mcdonald,Along ground trip.
PROD1144,Reality,Home,64.28,107,Taylor and Sons,Level that various nature career way much.
PROD1145,Money,Books,445.81,225,"Ramsey, Whitney and Coffey",Our piece player nor model police finally girl.
PROD1146,Individual,Books,298.83,160,"Diaz, Gibbs and Smith",Dinner become film include choose action model.
PROD1147,Usually,Books,341.16,118,"Martinez, Richardson and Curry",Gas light across two.
PROD1148,Who,Electronics,395.64,148,Richards-Carson,Federal she something others someone nature country.
PROD1149,Question,Home,251.73,464,Rodriguez-Hall,Join economic resource position stock determine bad.
PROD1150,Low,Books,48.03,149,Harvey PLC,Dream share travel space range expect sea speak.
PROD1151,Character,Books,270.87,431,Herman-Walker,Could attention carry book lay laugh.
PROD1152,Evidence,Electronics,295.49,292,Reid Group,Man fly charge wide against win example by.
PROD1153,Chair,Books,373.99,142,"Turner, Ortiz and Taylor",Road do character management game find.
PROD1154,Employee,Electronics,218.67,418,Torres Group,Your less social form such weight argue.
PROD1155,Size,Clothing,68.15,475,Davis PLC,Author like court success stage stock.
PROD1156,Option,Books,145.47,454,Price LLC,Window research his window.
PROD1157,Nothing,Clothing,184.73,159,"Avery, Horton and Fernandez",Scene almost leave side miss.
PROD1158,Everyone,Electronics,324.73,10,"Newton, Moore and Perry",List race fine follow pick.
PROD1159,Skin,Home,287.54,137,Bass PLC,Seat near business.
PROD1160,Pattern,Books,181.27,456,Crosby-Ramirez,Police cup thought tell design both plan.
PROD1161,Later,Electronics,493.33,77,"Wood, Ramos and Sampson",Address some once how during why.
PROD1162,Water,Home,304.86,76,Garcia-Jennings,Situation little other he become citizen before peace.
PROD1163,Past,Home,122.43,440,"Winters, Newman and Brown",Art green child movie blue maintain first next.
PROD1164,Inside,Clothing,55.38,253,Lopez-Martinez,South just cover ready group care.
PROD1165,High,Electronics,80.67,408,Davis-Lewis,Magazine join far.
PROD1166,Discuss,Home,126.75,257,"Harper, Smith and Buchanan",Couple cost girl run every story trial.
PROD1167,Certainly,Books,84.54,319,Zhang PLC,Civil most last standard must law simply.
PROD1168,Mr,Books,97.35,290,Jones PLC,Here control affect task simply draw return.
PROD1169,Minute,Clothing,146.12,262,Willis and Sons,Standard couple raise she child executive important.
PROD1170,Benefit,Home,90.82,84,Schroeder-Kramer,Book model at strong candidate them.
PROD1171,Someone,Electronics,448.9,145,"Smith, Garrison and Thomas",Blood court all politics home.
PROD1172,Anyone,Books,44.72,322,Fernandez and Sons,Moment red eight hand paper audience us.
PROD1173,Traditional,Home,264.63,41,Guerrero Inc,Pretty up story life police.
PROD1174,Break,Home,208.15,373,Smith and Sons,Newspaper voice indeed hard remain statement.
PROD1175,Claim,Clothing,491.28,124,"Morris, Thompson and Williams",More same strong back democratic.
PROD1176,Product,Books,60.46,166,"Fisher, Wilson and Brown",Best rise mother country moment eat personal.
PROD1177,Collection,Books,201.94,424,Strickland-Palmer,Next newspaper second short.
PROD1178,Structure,Electronics,484.89,240,Hayes and Sons,Group learn professor third coach Congress husband.
PROD1179,Response,Books,433.43,458,"Williams, Logan and Camacho",Price move outside value total nearly.
PROD1180,Knowledge,Electronics,409.45,486,"Turner, Schneider and Johnson",Suddenly include plan step food drive.
PROD1181,Pick,Books,132.66,279,Boone-Simmons,Degree she unit effect which language however.
PROD1182,Attack,Clothing,89.59,187,Henry Group,Work other military.
PROD1183,Image,Books,335.98,301,Lam LLC,According worker Democrat fire sign.
PROD1184,I,Electronics,465.04,18,"Hernandez, Martinez and Weber",Try memory number occur behind.
PROD1185,Pick,Electronics,280.6,67,"Kelley, Nguyen and Vang",Green catch happen old do specific begin.
PROD1186,Management,Clothing,287.95,217,"Phillips, Wagner and Jordan",Notice design baby foot lot major.
PROD1187,Newspaper,Books,143.59,101,"Wilson, Pena and Rich",Standard believe politics also space high sister.
PROD1188,Enter,Books,385.9,41,"Le, Lewis and Hayes",Girl stage indicate test thank dinner.
PROD1189,On,Clothing,97.59,287,Gutierrez Group,Up plant place approach modern floor north force.
PROD1190,Traditional,Books,165.22,166,Perry-Davis,Check purpose young wife send.
PROD1191,Yes,Books,215.59,108,Edwards-Scott,Measure develop face hour car bar number.
PROD1192,Activity,Electronics,256.27,493,Mcdaniel Group,Nature energy huge.
PROD1193,Response,Books,124.99,35,Davis Inc,Similar candidate care nice maintain present.
PROD1194,Set,Books,61.84,231,Reynolds Ltd,Night young modern drug entire.
PROD1195,Building,Clothing,307.26,228,"Watson, Anderson and Brown",Food under become public interest give.
PROD1196,Rest,Clothing,147.87,352,"Hoffman, Santiago and Jenkins",General pretty show college glass start.
PROD1197,Value,Home,292.71,163,"Pugh, Henderson and Moon",Perhaps key under do rate choose.
PROD1198,Not,Electronics,81.41,386,Schmitt PLC,Both approach we unit.
PROD1199,Social,Books,243.16,72,Bell-Lane,Add really born late age.
PROD1200,Example,Books,268.63,135,Moore Group,Science deep national seek nature.
PROD1201,Specific,Home,30.65,352,Boone LLC,Role center recognize adult on professional analysis color.
PROD1202,Put,Books,171.62,378,"Richardson, Farmer and Andrews",Customer recent even let war.
PROD1203,Grow,Electronics,71.54,69,Bruce-Villegas,Home even system process.
PROD1204,Brother,Home,36.37,424,"Austin, Day and Johnson",Affect test power discuss.
PROD1205,Finally,Electronics,495.03,486,"Gallegos, Adams and White",Meet report tough machine others because.
PROD1206,Learn,Home,164.57,195,"Farmer, Dorsey and Bell",May leader unit again easy.
PROD1207,Coach,Home,405.89,268,Kane PLC,Figure majority season adult range green few.
PROD1208,Long,Clothing,131.05,48,"Morales, Thomas and Schultz",Every artist election hit yourself wrong want.
PROD1209,About,Electronics,342.34,315,Davis PLC,Difficult game hotel case role.
PROD1210,Seven,Books,381.31,129,Bennett Group,Whether partner personal dinner drive check wife.
PROD1211,Type,Books,299.84,443,Moore-Collins,Forget my deal catch must son television finally.
PROD1212,Serve,Electronics,238.43,4,Frank-Bradley,Travel involve training show prevent north citizen.
PROD1213,Everyone,Books,208.86,427,Ware and Sons,Newspaper we brother fish.
PROD1214,Month,Books,177.69,26,Webster Inc,Risk she they increase.
PROD1215,Sound,Electronics,465.12,159,"Miller, Ramos and Coleman",Field seat start PM scene charge.
PROD1216,Could,Home,416.16,148,"Ramos, Nelson and Fischer",Blood continue several partner environment.
PROD1217,Movement,Electronics,482.69,263,Reed Inc,Partner others discuss ago bag sister care.
PROD1218,While,Home,66.53,229,Gregory-Watkins,Light power contain hold listen clearly difficult impact.
PROD1219,Born,Books,366.78,199,"Estrada, Williams and Foster",Understand wear development.
PROD1220,Truth,Books,469.48,49,"Brown, Harris and Dougherty",Serious at until worry term.
PROD1221,Process,Books,94.71,66,Duran LLC,Reach term thought into simply part station.
PROD1222,Fire,Clothing,37.92,299,Wilson-Jimenez,Hour voice occur movie political region.
PROD1223,Thought,Home,371.85,380,Thompson-James,Minute later still.
PROD1224,Purpose,Clothing,289.36,57,"Hall, Hansen and Barnett",There early Mrs.
PROD1225,Movement,Clothing,421.71,258,Jones-Hensley,Newspaper might piece.
PROD1226,Politics,Electronics,74.19,341,Graham Group,Couple keep this.
PROD1227,Decide,Clothing,398.66,325,Atkins PLC,Leave institution party approach might.
PROD1228,Claim,Electronics,104.81,129,Berry-Mckinney,Less position bed may.
PROD1229,Hour,Electronics,86.01,214,Roberts-Sullivan,Single visit receive career.
PROD1230,Sound,Clothing,86.31,171,Jackson-Meza,Food agent law to time think.
PROD1231,Color,Home,408.21,257,Collier-Gillespie,Economic reality trade someone.
PROD1232,Notice,Home,334.27,101,Kim Inc,Before relationship plant be.
PROD1233,Start,Home,263.92,208,Graham Group,Risk window partner civil nearly analysis.
PROD1234,Win,Home,182.62,290,"Miller, Harrell and Reese",Treatment not process change.
PROD1235,Nice,Home,439.21,353,Cook and Sons,Condition Republican information finally.
PROD1236,Why,Clothing,199.26,470,Dixon Inc,Eye Congress together whether about she activity.
PROD1237,A,Clothing,409.22,285,"Hicks, Bullock and Bailey",Talk myself accept third down open little.
PROD1238,Place,Books,222.37,115,"Mullen, Brewer and Hernandez",Kind over according think everything pick.
PROD1239,Game,Home,191.59,263,Thomas and Sons,Any challenge president already take.
PROD1240,Middle,Clothing,234.03,149,Morrison Ltd,Study fear turn any indicate condition public.
PROD1241,After,Books,154.18,299,Thompson Ltd,Produce record occur no whom see growth along.
PROD1242,Brother,Home,375.07,441,Marshall-Elliott,Follow today star serve successful.
PROD1243,Woman,Electronics,253.85,35,"Cole, Glass and Cunningham",Fall care reason ever.
PROD1244,Him,Books,119.95,452,"Downs, Morris and Maddox",Including decide decade around number without more.
PROD1245,Unit,Clothing,450.29,332,Hernandez-Jones,Low read value worry.
PROD1246,Theory,Electronics,195.03,476,Welch-Hogan,Interview summer employee offer perhaps.
PROD1247,Surface,Electronics,274.06,286,"Brown, Romero and Collins",Pass market role marriage.
PROD1248,Food,Electronics,453.7,302,Johnson-Wood,This discussion fact cover.
PROD1249,Education,Books,314.0,310,Jones-Lin,Agency personal brother summer.
PROD1250,Article,Clothing,62.86,207,Gilbert PLC,Yourself increase free night point action cut example.
PROD1251,Effect,Electronics,470.22,105,Ford-Spencer,Film media food accept.
PROD1252,Unit,Home,315.72,445,"Huang, Cole and Pacheco",Game right pattern ahead compare form.
PROD1253,Our,Electronics,170.78,157,"Lopez, Jacobs and Mason",Two look listen along career choice.
PROD1254,Your,Electronics,73.94,120,Hayes LLC,Throughout Mr friend six including sea strong.
PROD1255,Bar,Books,398.04,54,"Miller, Lucas and Williams",North question new affect officer.
PROD1256,Bed,Books,311.94,399,"Kim, Gonzales and Mills",Son thousand government wide exactly all.
PROD1257,Sign,Clothing,269.06,11,Cox LLC,Phone success number hope organization ten.
PROD1258,Mention,Home,447.48,144,Ortiz-Morgan,Relate fire all including market.
PROD1259,Team,Books,395.36,399,"Williams, Mccoy and Cook",He stop few modern company.
PROD1260,Authority,Electronics,80.08,395,Davis-Gregory,Size sing tree kitchen agent lot.
PROD1261,Soon,Clothing,159.3,135,King-York,Child future low them financial force show.
PROD1262,No,Electronics,128.0,467,"Marks, Cook and Aguilar",State visit quality car.
PROD1263,Space,Electronics,373.25,2,Rangel LLC,Least require mission.
PROD1264,Car,Books,21.6,143,"Hale, Myers and Larson",Financial analysis summer.
PROD1265,Career,Clothing,287.1,29,Collins Group,Four threat billion she.
PROD1266,Receive,Home,382.42,236,"Conner, Li and Santiago",Against serve police decide customer.
PROD1267,May,Home,439.0,278,"Osborn, Gaines and Davis",Everybody five kid brother chance.
PROD1268,Your,Books,174.33,347,"Henderson, Cox and Cox",Boy when nice bill my.
PROD1269,Often,Books,411.52,114,Bean LLC,Five center region exist each author party.
PROD1270,Company,Clothing,59.76,103,Lee-Cooke,Music anything ahead tough anyone himself.
PROD1271,Evidence,Home,423.99,117,Jones Inc,Interview condition other or.
PROD1272,News,Home,68.11,4,"Wise, Conley and Stephenson",Pattern fine stage require provide move wind.
PROD1273,Turn,Home,201.66,467,Stanley PLC,Nothing behavior sort recognize best financial popular.
PROD1274,Policy,Electronics,399.66,359,Harper and Sons,Like water century time election guy contain.
PROD1275,Land,Home,79.21,247,White Ltd,Small think law air little goal.
PROD1276,Development,Electronics,118.48,363,"Lamb, Martin and Kim",Suffer executive give offer meet if research.
PROD1277,Woman,Clothing,362.52,320,Diaz-Ball,For power society mouth.
PROD1278,Notice,Electronics,361.42,120,Bishop-Goodwin,Opportunity draw during city lot at.
PROD1279,Someone,Clothing,322.37,285,Young-Allen,Sport opportunity six itself skin.
PROD1280,Show,Home,348.5,148,Mckee-Lee,Reason community prove school Republican student boy.
PROD1281,Road,Home,273.65,83,"Valentine, Joyce and Murray",Leg never state computer what attorney board sport.
PROD1282,Deep,Clothing,129.64,453,Strickland-Shaw,Force population article design catch oil.
PROD1283,Sell,Books,176.12,405,Burch-Montoya,Serious produce laugh.
PROD1284,Forget,Clothing,94.89,465,"Taylor, Wright and Davidson",Hope official crime race first.
PROD1285,Inside,Books,454.68,455,Spencer-Garcia,Some quickly truth view response trip wrong.
PROD1286,Remain,Electronics,293.78,230,"Rosales, Mitchell and Hines",Account worry identify camera family hard nature apply.
PROD1287,Rate,Electronics,203.42,287,Cole-Palmer,Star grow technology tend dog reduce hour.
PROD1288,Hour,Electronics,233.69,160,Davis-Lozano,Republican image itself deep community cause.
PROD1289,Left,Home,473.91,271,Wilkerson-Arias,His under style child young prove care.
PROD1290,We,Electronics,80.91,459,Brown-Shaw,Possible century those price.
PROD1291,Nation,Books,295.18,37,Hughes Inc,Be politics indeed lay.
PROD1292,Live,Electronics,255.41,499,Walker-Flores,Us perhaps lawyer interest star his difficult interesting.
PROD1293,Camera,Clothing,307.67,225,Combs Ltd,Official suggest door.
PROD1294,End,Clothing,13.96,141,Moody-Taylor,Especially unit office almost also low happy.
PROD1295,Down,Home,436.7,291,Lowery-Kennedy,Loss real center rule worker worker single let.
PROD1296,Attack,Clothing,466.4,480,Blake Group,Model particular early piece.
PROD1297,Ground,Books,284.74,150,Gilbert-Bullock,Range much often party.
PROD1298,Against,Electronics,349.84,113,Scott and Sons,Movement action law town off former.
PROD1299,Per,Home,461.64,236,"Bentley, Lynch and Henderson",Whether sometimes eye along type see.
PROD1300,Once,Electronics,355.08,65,Young-Martinez,Employee picture official of prevent factor say.
PROD1301,Drug,Electronics,80.51,360,Barnes PLC,Expert bar measure.
PROD1302,Per,Books,290.26,340,Brown-Copeland,Edge past every either scientist.
PROD1303,Discussion,Clothing,305.32,257,Carlson-Smith,Company option character land space end red machine.
PROD1304,Account,Clothing,214.94,474,"Andrews, Higgins and Carter",Television garden base certain value child many.
PROD1305,Avoid,Electronics,369.54,248,Mendez and Sons,Side draw key point decision same.
PROD1306,Second,Home,467.51,456,"Butler, Beck and Miller",Approach enough standard apply less live.
PROD1307,Program,Clothing,463.16,448,Jones-Fox,Second sell mouth here relationship listen certain.
PROD1308,Artist,Home,228.17,330,"Hartman, Romero and Smith",Activity until large question which raise.
PROD1309,Drop,Clothing,61.05,322,Williams-Hughes,Best most government.
PROD1310,Author,Home,492.5,179,King-Smith,Particular present evening establish sort effort.
PROD1311,Western,Books,420.25,189,Cooper Ltd,Hospital significant see same open crime front real.
PROD1312,Almost,Home,66.71,406,"Fuller, Ingram and Moss",Finish action across attack.
PROD1313,Trade,Books,460.82,153,Anderson-Bell,Best billion land detail exist cover.
PROD1314,Give,Books,435.6,195,Li-Thompson,People arm order.
PROD1315,Avoid,Home,261.82,465,"Marshall, Dominguez and Welch",Wear point remain build task.
PROD1316,My,Books,297.68,310,Brown Group,Heavy shake possible sort.
PROD1317,Economy,Electronics,202.51,261,Carter Inc,To receive education level.
PROD1318,Family,Books,32.11,418,Blackwell LLC,Police two everybody interview.
PROD1319,Relationship,Clothing,170.92,405,Robertson-Hays,Either sit everyone artist home you.
PROD1320,Mention,Home,402.41,426,"Kennedy, Johnson and Lucas",Western enough key man up.
PROD1321,Difficult,Electronics,7.29,142,Kelly-Norman,Hotel population board music issue pass blood kid.
PROD1322,Notice,Home,170.08,341,"Rivera, Martinez and Richardson",Billion authority number economy knowledge.
PROD1323,Cause,Clothing,202.09,315,Paul-Kline,Chance policy usually professor entire record toward.
PROD1324,Several,Clothing,271.01,100,Morgan-Lopez,About remain side long identify road speech.
PROD1325,Worry,Clothing,460.33,243,"Jimenez, Glass and Stone",Music about west stand.
PROD1326,Us,Books,176.44,489,Acosta Inc,Building movement yard four field area young.
PROD1327,Own,Books,176.74,11,Morrison-Short,Half table future subject.
PROD1328,Part,Home,370.06,238,"Carter, Garcia and Murphy",Possible computer always his course.
PROD1329,Material,Home,228.85,48,Parker-Morrison,To piece grow be plan same.
PROD1330,Eight,Electronics,116.18,41,Jackson-Wallace,Along agent you draw.
PROD1331,Still,Electronics,228.96,165,Williams-Berg,As music film move strong last.
PROD1332,Material,Home,74.72,81,Mendez-Graham,Already argue skin.
PROD1333,Surface,Books,92.31,428,"Whitney, Gould and Jones",If deep president.
PROD1334,Investment,Clothing,251.69,290,"Sullivan, Palmer and Brady",Learn question them chance often under already.
PROD1335,Customer,Home,212.37,157,Cisneros and Sons,Major affect trade peace.
PROD1336,Between,Electronics,457.85,215,"Gregory, Kim and Martinez",Red candidate common anyone film.
PROD1337,Bill,Books,184.38,489,Osborne LLC,Lay color opportunity stand.
PROD1338,Reason,Home,292.39,157,Reyes-Bradley,Box organization past as.
PROD1339,Lawyer,Home,317.97,461,"Hernandez, Cole and Watson",International specific word question food.
PROD1340,Health,Books,11.48,133,Hines-Berry,National focus who degree animal community as.
PROD1341,Land,Home,333.45,66,"Richardson, Edwards and Ramirez",Center indeed recent network just.
PROD1342,Item,Books,93.13,335,Johnson and Sons,American beyond suggest partner sing administration main according.
PROD1343,Manage,Clothing,480.73,6,Holmes-Mcintyre,Unit religious order exist.
PROD1344,Treat,Books,78.59,435,Green LLC,Realize deal policy mission include visit particular.
PROD1345,Shoulder,Books,210.24,13,"Griffin, Davies and Mitchell",Other response partner.
PROD1346,Arm,Books,47.25,72,Gonzalez-Taylor,Physical site girl above.
PROD1347,Report,Home,498.45,398,Hayes Ltd,Court worry with peace television.
PROD1348,Ready,Home,253.59,404,Osborn-Cochran,Medical less phone decade apply both chance.
PROD1349,Race,Books,299.72,162,Contreras-Mckinney,Marriage civil two approach hair decide edge.
PROD1350,Billion,Home,38.2,65,"Daniels, Vance and York",Source serve analysis science understand compare size machine.
PROD1351,Ask,Electronics,376.23,346,"Mckinney, Graves and Thompson",Audience dog know often.
PROD1352,Interesting,Electronics,108.9,129,Hicks-Martinez,Cup quality for single for better.
PROD1353,Should,Home,449.54,418,Conner and Sons,Thank heart determine likely machine three.
PROD1354,Group,Home,106.54,465,Johnson-Spencer,Democratic participant concern health.
PROD1355,Such,Books,99.39,205,Mcdonald-Bird,Rest place wish dark camera realize arrive.
PROD1356,Training,Clothing,23.09,275,Salazar Inc,Book letter industry set.
PROD1357,Boy,Home,238.67,465,Parker Ltd,Though page smile point particularly.
PROD1358,Energy,Electronics,284.6,255,"Mendoza, Jenkins and Ortiz",Official need discover in.
PROD1359,Dark,Books,37.53,265,"Jones, Compton and Day",Majority yet option student evidence role save.
PROD1360,Customer,Home,388.89,24,Owens-Holmes,Easy its develop until watch.
PROD1361,Not,Electronics,229.38,449,Humphrey PLC,Together individual analysis yard safe mean international.
PROD1362,List,Electronics,264.57,280,"Matthews, Saunders and Anderson",Look something start laugh drive next.
PROD1363,Challenge,Clothing,223.18,252,"Bartlett, Brown and Martinez",Really image design.
PROD1364,Knowledge,Books,203.38,309,Torres and Sons,Fast positive before look fight reflect.
PROD1365,Cover,Books,282.02,288,Donovan-Perez,Section agency lawyer sign them if smile.
PROD1366,Family,Clothing,81.84,163,"Jacobson, Singleton and King",Phone region ability physical his real.
PROD1367,Maintain,Clothing,95.05,94,"Huber, Hill and Weber",Allow international especially watch my some skin.
PROD1368,Enjoy,Books,431.58,269,"Ferguson, Shaw and Jackson",Per friend usually method.
PROD1369,Two,Books,473.33,320,"Moore, Hopkins and Le",Thousand book half people half compare.
PROD1370,Wind,Home,189.79,109,"Morgan, Bradshaw and Williams",Relate night similar catch friend much power.
PROD1371,Bag,Home,139.02,335,Miller Ltd,That reflect send set fly today me institution.
PROD1372,Level,Clothing,323.78,309,"Baker, Clark and Armstrong",As generation main.
PROD1373,System,Home,207.32,237,"Fowler, Jimenez and Burton",Stop like mother stay tonight later happy.
PROD1374,Training,Electronics,17.57,380,May-Turner,Could this beautiful hospital.
PROD1375,Total,Home,82.3,435,Ballard Ltd,Eye what body every.
PROD1376,Oil,Home,359.41,386,Evans-Jones,Many themselves minute physical.
PROD1377,Billion,Electronics,331.17,482,Moore Group,Indicate radio use listen information.
PROD1378,Apply,Clothing,18.41,424,Marshall-Peterson,Factor as the.
PROD1379,Reach,Electronics,114.88,389,Edwards Ltd,Strong mind from official pretty.
PROD1380,Now,Home,119.38,24,Gross-Valencia,Main program morning nature leader note.
PROD1381,Think,Clothing,337.59,140,Anderson-Wood,Commercial employee machine wife show.
PROD1382,Administration,Home,14.76,116,"Rodriguez, Allen and Martinez",Chance expect what.
PROD1383,Better,Electronics,56.53,481,Wright-Davis,Under Republican expect win stuff realize project child.
PROD1384,With,Electronics,400.96,391,Dougherty-Lin,Bring year off kid hard.
PROD1385,Some,Home,93.38,404,Wright-Grimes,None alone first gas health.
PROD1386,Time,Books,328.11,481,Li PLC,Wish move building agent use shoulder way.
PROD1387,Economic,Books,122.9,451,"Edwards, Hines and Jimenez",Choose wife national medical positive far.
PROD1388,Compare,Electronics,54.22,24,"Owens, Koch and Jimenez",Wide senior yes project son.
PROD1389,Investment,Electronics,125.37,78,Landry PLC,Full both look always question bring.
PROD1390,Mention,Books,362.52,67,Levy-Lewis,Husband subject land.
PROD1391,Medical,Books,428.57,172,Williams-Campbell,For part crime money.
PROD1392,Different,Home,415.96,443,"Khan, Pena and Ruiz",Cultural base support quality whatever.
PROD1393,Treatment,Home,201.61,11,"Smith, Rodriguez and Anderson",Hour make owner memory argue project huge.
PROD1394,Institution,Books,335.7,287,Luna-Gallagher,Hard health expect goal within them.
PROD1395,Weight,Home,106.47,127,Williams-Williams,Democratic thousand score indeed.
PROD1396,Artist,Home,150.11,95,"Lee, Tran and Jones",Eye south wife interest to cause.
PROD1397,Community,Clothing,448.69,91,"Cole, Pierce and Bryan",Our century field write moment friend value opportunity.
PROD1398,Hundred,Home,11.44,140,"Becker, Wilson and Hester",Because important trial increase new report.
PROD1399,Able,Electronics,47.33,30,Brooks-Hatfield,Current strategy face make.
PROD1400,In,Home,107.9,333,"Mcmillan, Fischer and Gonzalez",Strong fight nice less agree.
PROD1401,Evidence,Home,18.13,19,"Morales, Williams and Williams",Child feel policy.
PROD1402,With,Books,94.81,145,"Cook, Wells and Bryant",Buy program explain conference trade population agreement.
PROD1403,Step,Electronics,293.61,476,"Barry, Taylor and Velazquez",Manage wife out gun lose.
PROD1404,Still,Home,213.61,315,Martin-Ewing,Than physical live reason build mention.
PROD1405,Look,Home,446.87,446,"Kirby, Wheeler and Romero",Adult employee ok certainly leave really group.
PROD1406,Feeling,Clothing,409.63,389,"Patel, Erickson and Evans",Evening information treatment.
PROD1407,Land,Home,174.2,159,Richardson Ltd,Any factor police baby create physical.
PROD1408,Same,Home,133.41,348,Whitney PLC,Out cold follow first.
PROD1409,Side,Clothing,192.95,42,Robles-Swanson,Even recently guy move goal.
PROD1410,Step,Books,297.2,253,"Soto, Carlson and Baker",Actually million health machine.
PROD1411,Only,Home,137.69,129,"Patton, Parsons and Lane",Tv clear design me story somebody.
PROD1412,Recently,Clothing,313.95,59,"Williams, Castillo and Warren",Party story moment mother necessary series box.
PROD1413,Serious,Electronics,207.66,150,"Harvey, Randall and Hernandez",Trouble bring capital admit give reality catch.
PROD1414,Message,Books,278.26,466,"Allen, Armstrong and Graves",Threat our shake garden report agreement.
PROD1415,Clear,Electronics,220.88,286,Smith LLC,Develop task central dinner.
PROD1416,Customer,Electronics,150.76,498,Hernandez-Vaughn,Decide wonder interesting several.
PROD1417,Fine,Clothing,474.48,4,Shaw-Carr,Back simple serious amount.
PROD1418,Director,Home,382.98,466,Salas-Fitzgerald,Allow process or light.
PROD1419,Article,Clothing,74.36,417,Thornton PLC,Analysis feeling act benefit buy.
PROD1420,Particularly,Clothing,434.89,265,Hoffman Ltd,Day top continue goal before suffer walk we.
PROD1421,Simply,Clothing,246.28,344,Fox-Edwards,Goal talk sit party measure attention.
PROD1422,Occur,Clothing,447.8,129,Stevens PLC,Shake more respond who commercial senior above rise.
PROD1423,Ask,Books,400.93,381,Payne-Lowe,Turn surface listen recently continue.
PROD1424,Small,Home,215.48,266,"Becker, Lara and Baker",Congress great here Democrat.
PROD1425,Former,Electronics,16.12,177,Lee-Wright,Imagine seven fire letter mind.
PROD1426,Art,Electronics,138.0,252,"Evans, David and Hendrix",Several relate news American foreign break exist.
PROD1427,Apply,Home,273.11,414,Bush-Vaughn,Save reach subject difficult imagine world into task.
PROD1428,Pattern,Electronics,318.57,55,Stewart-Bailey,Voice happen actually purpose public how mission.
PROD1429,Me,Home,132.65,462,"Hill, Martinez and Rhodes",Budget house reason within.
PROD1430,Morning,Electronics,73.98,456,Huang-Foster,Ask window full organization.
PROD1431,Wide,Clothing,418.29,470,Blevins-Ballard,But study rise everything require old.
PROD1432,Tonight,Electronics,492.28,82,Williams-Moses,Series song wall green project.
PROD1433,Nice,Home,265.22,392,Reed Group,Would memory challenge lawyer business majority.
PROD1434,Coach,Home,89.98,98,"Scott, Mendoza and Harris",Pick care between apply attention.
PROD1435,Art,Home,139.79,148,"Nelson, Hoffman and Nelson",Will him quickly.
PROD1436,Movie,Home,14.1,328,Gilbert PLC,Few perhaps set produce.
PROD1437,Be,Home,457.58,155,Sanchez Ltd,Should society dark product make energy gas.
PROD1438,Today,Books,63.29,189,"Perez, Hall and Garcia",National weight all involve trip himself fire.
PROD1439,Cultural,Books,290.38,493,Love-Garcia,Kind along computer process single those.
PROD1440,Authority,Electronics,140.66,370,Smith PLC,Man care resource maintain.
PROD1441,Physical,Home,279.32,262,Russell Group,Notice make network much.
PROD1442,Author,Electronics,327.45,79,Santos-Avila,Live take media hot manager wife pay.
PROD1443,Republican,Home,415.72,399,Morris-Brewer,Short expect article opportunity campaign hand.
PROD1444,Training,Home,107.18,251,Pearson and Sons,Agree through game best generation group goal product.
PROD1445,Easy,Books,10.44,96,"Rodgers, Jefferson and Johnson",Doctor fine be read than.
PROD1446,International,Books,72.76,259,Butler and Sons,Front after for leave.
PROD1447,Call,Clothing,450.51,259,Osborn Group,Nothing top entire receive onto worry.
PROD1448,Year,Books,437.58,102,Lopez-Curry,Now follow best major real day.
PROD1449,Voice,Clothing,300.72,39,Mcdowell-Smith,Me share fund pass guy job market.
PROD1450,Over,Clothing,302.26,272,"Morrison, Hebert and Rogers",Subject movie explain answer.
PROD1451,Employee,Clothing,334.19,100,Hays-Daniels,I difficult sea begin such behind front.
PROD1452,Particular,Clothing,91.81,358,Small-Anderson,Note most interview girl.
PROD1453,Phone,Clothing,457.63,379,"Mcdonald, Lee and Rodriguez",Prepare few sound item.
PROD1454,Among,Electronics,212.29,307,Simon Ltd,Finish increase economy middle public natural thing.
PROD1455,President,Books,194.65,220,Higgins-Smith,Reflect television officer defense while score level view.
PROD1456,Beat,Clothing,261.86,307,Gibbs-Bradley,Speak table trade various risk art customer.
PROD1457,Kind,Home,28.25,419,Thompson Ltd,Challenge character rate feel itself five store.
PROD1458,Really,Books,87.31,123,Wilcox-Robertson,Plant suffer environment expert.
PROD1459,Past,Books,370.33,421,Morales Inc,Either over image box.
PROD1460,Other,Clothing,45.99,230,Holden Group,Agree someone financial magazine yard.
PROD1461,Necessary,Electronics,303.56,177,Boyle-Smith,Positive already city carry election sound.
PROD1462,Four,Clothing,126.45,62,Young-Molina,Compare system white magazine after teacher base.
PROD1463,Worry,Electronics,197.7,484,Turner-Sharp,Fear as western to public though however style.
PROD1464,Every,Home,147.9,115,Green LLC,Door number matter building.
PROD1465,Democratic,Books,181.06,190,"Young, Contreras and Marshall",Wear use edge this draw business southern forget.
PROD1466,Relationship,Home,360.93,61,Sullivan PLC,Say south season very design blood degree ever.
PROD1467,Sense,Electronics,152.08,255,"Carrillo, Vaughn and Fowler",Effect operation make hear we first.
PROD1468,Former,Electronics,285.37,482,Richardson-Walker,Little east everyone six certain little.
PROD1469,Edge,Home,240.64,6,Mendoza Group,Start again whom paper success production.
PROD1470,Evidence,Electronics,333.52,154,"Zhang, Brooks and Miles",Real small dream.
PROD1471,Individual,Home,468.73,91,Todd-Pham,His police red total rate movement door.
PROD1472,Catch,Books,367.62,469,Gill Ltd,Home travel hotel within eight bed.
PROD1473,Remain,Home,111.4,13,"Marks, Miller and Griffin",Father teacher civil keep first.
PROD1474,Quite,Books,20.44,454,"Cox, Stark and Rodriguez",Smile ever bag single man say.
PROD1475,First,Home,134.82,228,"Leach, Harris and Herrera",Response theory star station recognize media.
PROD1476,Lot,Electronics,299.56,85,Murphy PLC,Inside role natural force receive seven.
PROD1477,Four,Home,30.46,132,Wilson-Harris,Picture social carry husband.
PROD1478,Woman,Electronics,250.7,182,"Burns, Nolan and Griffin",Figure office book economic require should power candidate.
PROD1479,Society,Home,300.44,385,Chavez PLC,Rate society floor long same end reach step.
PROD1480,Would,Home,170.45,61,Bryant-Brown,Cup increase consider then war.
PROD1481,Baby,Clothing,386.6,218,Chambers-Parker,Difference way type positive phone trade wind.
PROD1482,Act,Electronics,57.77,404,Foster Inc,Energy system anyone peace outside.
PROD1483,Low,Clothing,42.19,245,"Robinson, Jones and Henderson",Become happy water bring.
PROD1484,Pretty,Electronics,365.45,229,"Brown, Mcknight and Michael",Itself turn law purpose budget require course.
PROD1485,Order,Clothing,250.27,78,Andersen Group,Explain management candidate task outside.
PROD1486,Black,Books,345.76,148,Mitchell and Sons,Risk country Congress society agreement.
PROD1487,Back,Home,220.24,137,Cannon Ltd,Dog late eat old positive.
PROD1488,Note,Electronics,126.97,470,"Stuart, Brooks and Vance",Action card follow realize.
PROD1489,Different,Electronics,410.46,313,Kane-Knox,Require remain save eight believe.
PROD1490,Move,Home,400.71,375,Miller-Brandt,Appear use likely great.
PROD1491,Evidence,Electronics,348.87,422,"Anderson, Dalton and Wilson",Vote whose our security animal effect people few.
PROD1492,Cause,Electronics,139.71,388,"Long, Anderson and Irwin",Provide car throughout American conference college.
PROD1493,Worker,Clothing,297.16,64,Avila LLC,Us there car fish most center bring.
PROD1494,Happy,Electronics,183.68,12,Nunez-Stephens,Without material wind.
PROD1495,Upon,Books,50.33,212,"Gray, Hall and Murray",Security unit executive theory party.
PROD1496,Authority,Books,459.07,473,Hill Ltd,Might job close say man.
PROD1497,Until,Home,72.73,241,Johnson Ltd,New type PM key.
PROD1498,Election,Electronics,475.37,492,Mendez-Mayer,Chance discover along employee relationship.
PROD1499,Hope,Home,225.77,212,Allen Inc,Break time manager kid writer night.
PROD1500,Feel,Books,96.64,180,Wheeler Group,Manage suffer term buy behavior test Congress.
PROD1501,Coach,Electronics,273.24,337,"Powers, Brennan and Sanchez",Seek state none production.
PROD1502,Left,Electronics,437.11,484,Morales and Sons,On will moment number indicate.
PROD1503,These,Home,367.45,172,"Robinson, Shields and Brown",East marriage behind forget.
PROD1504,Of,Books,404.25,159,"Holder, Young and Hendricks",Race quite hour opportunity week.
PROD1505,Score,Electronics,331.1,163,"Flores, Harper and Chambers",Child ball store process law western.
PROD1506,Five,Home,347.68,464,Young-Walter,Price forget analysis performance laugh water yourself trade.
PROD1507,Population,Books,425.35,482,"Boyd, Gutierrez and Hill",Can tell soon executive sometimes season natural.
PROD1508,Surface,Home,128.59,496,"Fry, Hobbs and Buck",High human concern whole tend become system clear.
PROD1509,Ready,Clothing,247.27,187,"Shelton, Peters and Williams",Expect sell pressure building make it.
PROD1510,Newspaper,Electronics,114.5,394,David-Powers,Tough page grow benefit happen.
PROD1511,Across,Clothing,493.9,190,"Flores, Butler and Hernandez",Majority those live none institution.
PROD1512,Region,Books,472.31,404,White-Medina,Specific pass its international American game.
PROD1513,Technology,Clothing,24.52,307,Atkinson LLC,Put positive require us money positive base.
PROD1514,Once,Clothing,354.26,255,"Thomas, Ford and Brown",Join trade local chance campaign total success.
PROD1515,Firm,Books,463.0,182,Faulkner-Grant,Into notice necessary true message member including.
PROD1516,Work,Home,94.38,116,Price LLC,Produce nothing effect effort bank me box.
PROD1517,Record,Clothing,286.13,281,Rivera Inc,Conference consider hotel bar theory fear onto.
PROD1518,Body,Home,458.17,195,Boone-Davis,Serious last space game truth special decision.
PROD1519,Wrong,Clothing,21.8,33,"Calderon, Williams and Bennett",Section page the blood.
PROD1520,Unit,Home,350.22,51,"Morrison, Russo and Lopez",Adult house actually pretty least if price.
PROD1521,Center,Books,152.19,111,"Ramsey, Hansen and Mendoza",Rise field spend pattern real white push source.
PROD1522,Everything,Clothing,462.58,251,Turner-Stout,By add born administration.
PROD1523,Business,Books,485.67,81,Giles Ltd,Teacher decide possible power job.
PROD1524,Voice,Clothing,472.41,231,Burgess Group,Teach Mrs beat show challenge instead bring total.
PROD1525,Both,Books,239.74,226,Dominguez Ltd,White likely teacher one cut notice.
PROD1526,Situation,Books,431.71,232,Sanders and Sons,Anything account piece require woman support.
PROD1527,On,Clothing,423.05,220,"Morris, Campbell and Owens",Other never fact maintain main opportunity particularly question.
PROD1528,Clearly,Clothing,162.95,435,"Howard, Green and Hunt",Discussion art affect office network environmental possible.
PROD1529,Expert,Clothing,415.31,412,Owens-Lang,Bring performance position large job claim risk.
PROD1530,Father,Electronics,23.32,421,"Harrison, Franco and Rocha",Gas discussion detail training fund own successful.
PROD1531,Point,Home,300.15,41,Edwards-Williams,Capital fall represent where strategy pull same.
PROD1532,Develop,Electronics,118.85,20,Figueroa Inc,Son suddenly perform executive see project can.
PROD1533,Series,Electronics,64.68,41,Tran-Silva,Choose man soldier wall management.
PROD1534,Gun,Books,43.09,396,"Butler, Hernandez and Rivera",Decide another adult thing ground.
PROD1535,Democrat,Clothing,349.66,112,Hudson-Sanchez,Company teacher me southern.
PROD1536,Right,Home,173.24,104,"Pena, Cohen and Scott",Issue pay building difference election future.
PROD1537,Protect,Books,363.76,191,Levy-May,Show show news to table them.
PROD1538,Tonight,Electronics,37.35,16,Murray-Oconnor,Prove relationship unit just lead success book black.
PROD1539,Everything,Clothing,161.07,119,Jackson-Cortez,Participant teach big none medical cold brother day.
PROD1540,Mouth,Books,272.05,392,White-Preston,Church factor kid media run between.
PROD1541,Middle,Clothing,396.41,424,"Bernard, Warren and Combs",Free case summer keep indeed shoulder.
PROD1542,Enter,Books,162.78,128,Landry Ltd,Strong list expert commercial entire.
PROD1543,Western,Clothing,314.82,129,Duran Group,Guess professor charge send instead direction.
PROD1544,Whatever,Electronics,443.56,59,Kirby and Sons,Including important learn system some gun.
PROD1545,Throughout,Home,309.85,47,Mann Inc,Kind show response.
PROD1546,Approach,Electronics,120.31,28,Wagner LLC,Want be fire word clearly article service.
PROD1547,Best,Home,17.08,96,Williamson Ltd,Total around place require.
PROD1548,Protect,Clothing,435.7,9,"Durham, Hopkins and Smith",Win information though red them return finish.
PROD1549,Land,Books,15.53,241,"Arnold, Smith and Moreno",Account evidence month turn record land.
PROD1550,Themselves,Electronics,437.98,313,Nichols-Mitchell,Thought person peace kind generation.
PROD1551,Factor,Home,266.82,443,"Li, Craig and Drake",Simple thing base Mr hope rest.
PROD1552,Another,Electronics,469.84,231,Rodriguez Inc,Minute must degree memory.
PROD1553,About,Home,400.4,276,"Hernandez, Lee and Fox",Miss serious civil agreement someone.
PROD1554,Goal,Electronics,498.98,283,Adams-Sanders,Else strategy fight institution measure rule success employee.
PROD1555,Spend,Home,178.6,202,Chung-Stevens,Great answer prepare by fear say law.
PROD1556,Case,Home,384.76,246,Branch and Sons,South writer not thus physical.
PROD1557,Public,Clothing,203.96,289,Sutton-Abbott,Suddenly doctor federal project spring of cause.
PROD1558,Everybody,Home,242.54,263,"Frey, Santos and Johnson",Mind easy foreign old state guess.
PROD1559,Color,Clothing,315.62,442,Gray-Tran,Chair international include begin.
PROD1560,Site,Home,437.47,213,Walsh Ltd,Thousand live land hard moment open.
PROD1561,Letter,Books,492.12,199,Miller Group,Single the once PM you ready way.
PROD1562,Ok,Books,385.3,432,"Mueller, Knight and Hodge",Statement certain camera represent can relate.
PROD1563,Season,Books,211.79,78,Jacobson Inc,Brother defense list second want hard weight.
PROD1564,Late,Home,213.57,400,Lewis Ltd,System book hard face mission brother figure hear.
PROD1565,Option,Clothing,370.1,443,"Alvarez, Williams and Jones",Magazine social central operation any.
PROD1566,Act,Clothing,123.19,342,Lam-Elliott,Threat democratic standard major business.
PROD1567,Brother,Home,59.68,343,White LLC,Attack and loss finally laugh full.
PROD1568,Bag,Books,180.54,172,Ali PLC,Little result paper seven measure leave.
PROD1569,You,Books,147.18,466,Goodwin Ltd,Project chance road become person perhaps hold.
PROD1570,Use,Clothing,151.67,68,Hickman-Evans,Fund animal provide kitchen everyone because.
PROD1571,Rock,Books,120.64,415,"Allen, Davenport and Price",Religious occur someone religious.
PROD1572,Well,Electronics,25.84,427,"Rivera, Campos and Taylor",Population popular be western my serious whatever.
PROD1573,Church,Clothing,13.85,448,"Ramsey, Mason and Mccann",Country live to build view conference affect.
PROD1574,Offer,Books,493.92,86,Davis and Sons,Early relationship thought know southern.
PROD1575,Also,Clothing,216.75,100,Peterson PLC,Fly open man value future Congress agency month.
PROD1576,They,Electronics,195.24,7,"Sanders, Ayala and Johnson",Either boy between collection century eight.
PROD1577,Hope,Clothing,341.43,332,Bowers-Hayes,Child weight question arrive.
PROD1578,Pass,Clothing,113.04,199,Kelly Group,Consider require fear better central throw.
PROD1579,Old,Clothing,475.23,86,Lopez-Willis,Heart still building dark sell.
PROD1580,Choose,Clothing,394.24,42,Miller-Montgomery,Door meet mean we especially five network assume.
PROD1581,Law,Electronics,49.26,384,Marquez Inc,Imagine do though.
PROD1582,Care,Home,211.7,108,Moore-Dawson,Never only big several prepare.
PROD1583,Analysis,Clothing,440.16,434,"Moore, Price and Ward",Fight image base player.
PROD1584,Foot,Clothing,472.64,407,Smith LLC,Situation central music collection early.
PROD1585,His,Books,236.36,482,Ward-Nelson,Which new among spend which per.
PROD1586,Way,Clothing,308.64,151,Miller Group,A value lot our.
PROD1587,Worker,Books,87.68,16,Hawkins-Hunt,Yourself successful defense subject example claim.
PROD1588,Style,Home,495.63,132,Johnson LLC,None feel house but cause news evidence.
PROD1589,Traditional,Electronics,119.68,147,"Davis, George and Nguyen",Decision measure soon this war play.
PROD1590,Among,Electronics,471.65,276,Smith-Gutierrez,Event production focus decision where foreign trial.
PROD1591,Way,Home,326.58,231,Hardy PLC,Position ability live top.
PROD1592,Help,Electronics,305.83,313,Armstrong and Sons,Including time reflect several.
PROD1593,Develop,Home,258.78,414,"James, Taylor and Turner",Ball theory prepare much throughout staff knowledge.
PROD1594,Rest,Home,119.18,365,Thomas-Jackson,Good spend still group.
PROD1595,Enjoy,Home,92.38,227,Fisher-Washington,Stuff speech worker by.
PROD1596,Reflect,Electronics,114.14,138,Ward and Sons,View know develop after exactly TV.
PROD1597,Board,Books,97.29,435,"Weber, Wheeler and Gonzalez",Course staff personal space determine woman.
PROD1598,Health,Home,390.89,398,Taylor Inc,Already manage region paper according worker.
PROD1599,State,Clothing,178.31,210,Cook-Oliver,Book everyone matter color create school.
PROD1600,Opportunity,Electronics,33.63,390,Alexander-Jordan,North assume campaign assume employee now direction mission.
PROD1601,Usually,Home,484.71,498,"Mccann, Taylor and Flores",Court question yeah realize mouth.
PROD1602,Two,Home,442.47,27,"Harris, Edwards and Oconnell",Quite third ability interview pull.
PROD1603,Investment,Clothing,464.24,50,Carter-Neal,Take follow such.
PROD1604,Pressure,Books,497.48,490,Faulkner-Casey,Ever quite level guess service this.
PROD1605,So,Books,91.08,441,Bennett-Velasquez,Another truth mother first hot.
PROD1606,Clear,Books,201.14,260,Diaz-Frederick,Bank occur agent scene within interest.
PROD1607,Wish,Home,380.33,260,Vargas PLC,True culture forget as.
PROD1608,Wonder,Home,349.53,349,Maldonado PLC,Benefit lose space or phone free economy blue.
PROD1609,Economic,Home,81.18,351,Benton Group,When strategy start mind door.
PROD1610,Treatment,Electronics,408.84,7,"Clark, Salinas and Guerra",Simply people shake personal.
PROD1611,Commercial,Clothing,116.1,319,Fuentes Group,By window true help three really site artist.
PROD1612,Such,Home,115.79,137,"Porter, Schultz and Allen",Area particularly it big argue appear.
PROD1613,Talk,Clothing,270.8,37,"Moore, Henderson and Bennett",I pay in ten skin perhaps.
PROD1614,Cost,Clothing,298.51,110,Ewing-Mendoza,Himself somebody they people fund visit situation.
PROD1615,Upon,Books,292.14,479,Ferguson-Mclean,Military onto blue activity require or subject.
PROD1616,Itself,Electronics,50.29,367,"Barnes, Johnson and Schmitt",Call meeting green loss per control case.
PROD1617,Ago,Home,439.34,219,"Woodard, Herrera and Little",Art find job.
PROD1618,Country,Books,136.47,336,Rodriguez and Sons,Find those simply challenge final garden.
PROD1619,Since,Books,69.11,222,"Ortega, Jackson and Salazar",Wife military price certain down standard.
PROD1620,Window,Home,444.93,135,"Terrell, Byrd and Ross",Teach instead crime customer training size game.
PROD1621,Go,Clothing,478.05,255,Sheppard-Jordan,Reason word outside former official white pattern.
PROD1622,Stay,Books,431.75,359,Garcia and Sons,Forget bit then treat many turn.
PROD1623,Word,Clothing,405.71,408,"Burgess, Grant and Watts",Really level defense lose shoulder.
PROD1624,Its,Electronics,329.34,328,Griffin Group,Southern heavy hundred step according act.
PROD1625,Suffer,Clothing,277.67,449,Barton-Chapman,Air boy fact create one she.
PROD1626,Relationship,Electronics,48.06,462,"Hernandez, Cuevas and Webb",Wish current exist.
PROD1627,Treat,Clothing,207.18,433,Perry-Nixon,Those responsibility fund never condition.
PROD1628,Simple,Books,189.48,450,Guerra Ltd,Compare energy big.
PROD1629,Talk,Books,133.58,48,Bailey LLC,Her skin book very.
PROD1630,Energy,Electronics,363.09,291,Mueller-Boyd,Lay hard head commercial money.
PROD1631,Example,Home,250.46,381,Alvarez-Kim,Think there assume certain under some court her.
PROD1632,Collection,Electronics,45.12,323,"Chavez, Jones and Williams",Fish involve player TV several onto.
PROD1633,Store,Electronics,113.99,77,"Wilson, Sweeney and Wong",Family chance easy picture evidence call meet.
PROD1634,Science,Clothing,343.21,104,"Marsh, Spears and Yang",Though decide bank likely professional ask meet seem.
PROD1635,Box,Clothing,42.68,168,"Thompson, Moore and Castro",Hear million condition Republican moment low what.
PROD1636,Idea,Electronics,426.35,216,Hall-Sullivan,Environmental husband TV once already detail data.
PROD1637,Turn,Books,250.1,377,Lopez Ltd,How fill thousand number very.
PROD1638,American,Clothing,242.89,118,Foster-Mclaughlin,Effort be seem far million discover.
PROD1639,Town,Home,298.24,189,Cole Group,Let perform international.
PROD1640,Many,Clothing,413.22,254,Smith-Lewis,It happen marriage event agent kid enter.
PROD1641,Doctor,Clothing,177.17,369,Goodwin-Stokes,Grow bar successful mention.
PROD1642,Decision,Home,340.62,265,Ray PLC,Skill unit better author.
PROD1643,Technology,Electronics,285.04,148,Diaz and Sons,National free push.
PROD1644,Why,Home,137.18,163,Wilson-Lambert,Few spring raise ever relationship.
PROD1645,Magazine,Electronics,439.92,139,Rose-Fowler,Your sell science treatment.
PROD1646,Hard,Electronics,399.73,346,"Price, Long and Wilson",Show example get.
PROD1647,Focus,Electronics,330.93,487,Bruce-Williamson,Watch state serious activity pressure writer.
PROD1648,Tend,Home,426.04,257,"Mccarthy, Evans and Mendez",Tend dinner rich decide.
PROD1649,Stuff,Electronics,434.31,373,Powers LLC,Middle skill serious reveal left.
PROD1650,Try,Books,355.64,268,Allen Inc,Fine could show recently.
PROD1651,Drive,Home,419.32,180,Brooks and Sons,Just table air catch them.
PROD1652,Dog,Books,350.25,159,"Price, Carlson and Andrews",Wall act special strong fund.
PROD1653,Agent,Electronics,341.67,350,Lopez-Reid,International sell several real federal only.
PROD1654,Receive,Clothing,311.21,399,"Ellison, Arias and Thompson",Size two child well form picture owner.
PROD1655,Data,Electronics,377.59,287,Burns and Sons,Off hospital high we as hit little forget.
PROD1656,Inside,Books,83.51,287,Edwards Group,Police fight commercial push concern step owner.
PROD1657,Get,Books,441.03,379,"Brown, Howard and Smith",Cost attorney white.
PROD1658,Family,Home,436.56,225,Lee Group,Day fact modern lawyer happy.
PROD1659,Treatment,Clothing,19.48,10,"Wagner, Simpson and Cohen",Commercial teacher improve.
PROD1660,Available,Home,413.78,9,Mckinney-Wallace,Writer can industry sea.
PROD1661,Spring,Books,68.79,270,Miller Inc,Western tend candidate day it report.
PROD1662,Family,Electronics,170.88,272,Carter LLC,City offer financial data respond learn cut.
PROD1663,Have,Clothing,373.04,423,Medina and Sons,Knowledge station painting east.
PROD1664,Put,Electronics,84.58,401,Cunningham-Barton,Travel these least office say explain.
PROD1665,Mr,Electronics,409.89,182,Dunn-Wilson,Get successful society hospital statement sure indeed.
PROD1666,Instead,Clothing,416.91,456,Adams PLC,Tonight run leader treat.
PROD1667,Respond,Home,256.2,152,Weaver-Sherman,Recognize believe recognize analysis.
PROD1668,Threat,Electronics,8.16,487,"Alexander, Robinson and Coleman",Event physical factor trouble.
PROD1669,Not,Books,147.08,314,"Greer, Potter and Evans",Training in seven building hard.
PROD1670,Glass,Electronics,310.38,333,Cole LLC,Mean single improve close.
PROD1671,Wrong,Clothing,490.69,123,Gonzales Inc,Media left available reason see.
PROD1672,Ahead,Clothing,317.75,472,Clark Ltd,Gas human create also economy remember.
PROD1673,Business,Clothing,133.6,113,"Norris, Callahan and Bishop",Force security machine attention.
PROD1674,Understand,Home,318.83,277,Martin-Taylor,Prevent require just likely evidence claim stuff.
PROD1675,Every,Electronics,272.29,499,Li Inc,Beyond family movement hospital back shake quality child.
PROD1676,Could,Home,391.02,413,"Bell, Campbell and Ryan",Concern research throughout mother kind answer.
PROD1677,Partner,Home,57.96,467,Werner-Carter,Political respond to hospital final appear above.
PROD1678,Evidence,Clothing,381.71,212,"Adams, Hodge and Duke",Short up hear draw before instead.
PROD1679,American,Clothing,272.93,171,"Ochoa, Taylor and Brady",Front court protect.
PROD1680,Boy,Home,481.68,287,Sellers-Riddle,When benefit structure professional right.
PROD1681,Pick,Electronics,174.23,434,"Martinez, Cline and Wright",Indeed blue force.
PROD1682,Leader,Books,318.15,173,"Morris, Wright and Bridges",Phone person various house into discussion black.
PROD1683,Hair,Home,466.35,112,Burns-Ray,Community I first home learn at.
PROD1684,Shoulder,Electronics,55.74,375,Burton-Brooks,Practice hard attack despite feeling.
PROD1685,Stop,Clothing,468.93,404,Schultz Inc,Matter wrong Republican social two notice edge behind.
PROD1686,Former,Clothing,345.5,482,Robertson-Ramirez,Wonder recent question win really forward.
PROD1687,Least,Electronics,38.58,121,Gibson-Freeman,Within project attack adult treatment large.
PROD1688,Police,Books,153.98,31,"Smith, Schroeder and Oconnor",Political discussion onto write discussion pattern to.
PROD1689,Much,Clothing,355.55,221,"Stanton, Reid and Terry",Door investment during bag case.
PROD1690,Business,Clothing,38.34,118,Flynn Group,Father charge daughter also type our watch.
PROD1691,Image,Clothing,293.17,38,Donaldson and Sons,Care fish skin always social increase.
PROD1692,We,Electronics,176.21,496,Adams-Clayton,Seek director run garden day.
PROD1693,Part,Home,312.35,267,Kelley-Anderson,Trade professor eat.
PROD1694,Customer,Clothing,27.64,232,Kramer-Shannon,Part high focus kind accept.
PROD1695,Environmental,Home,436.41,430,Williams Ltd,Attorney court plant center daughter begin or.
PROD1696,Another,Books,486.88,17,Smith-Noble,Door back right find return.
PROD1697,Section,Clothing,484.59,148,Alexander Inc,Interest paper field office whose.
PROD1698,Least,Clothing,376.08,396,Harris-Barker,Even sit bag win huge.
PROD1699,Ability,Books,69.39,148,Khan LLC,Likely institution participant item.
PROD1700,Nature,Clothing,380.34,125,Baxter LLC,Standard soldier after high.
PROD1701,Wish,Home,17.17,391,Pena LLC,Serve TV organization check.
PROD1702,Sure,Electronics,15.95,301,Watson Ltd,Either less law heart.
PROD1703,Nothing,Home,165.19,359,Williams Ltd,Lose four resource cultural trouble above technology room.
PROD1704,Right,Electronics,246.88,237,Barber-Fischer,Man understand wait wife health majority.
PROD1705,Serve,Electronics,386.35,134,Rios-Padilla,Author those yeah buy usually class several whatever.
PROD1706,Yard,Home,343.23,150,Lewis Inc,Meeting major read recent prepare unit.
PROD1707,Site,Home,225.72,235,Wheeler PLC,Drug alone spend piece put.
PROD1708,Since,Home,140.45,223,"Wallace, Smith and Cooper",End lay race effect.
PROD1709,Religious,Home,498.58,202,Mcneil Group,Official production claim bring begin represent his relationship.
PROD1710,Debate,Books,215.96,255,"Anderson, Jones and Reyes",Million country institution stop.
PROD1711,Himself,Clothing,228.44,85,"Shaffer, Garcia and Richardson",Reality may mouth though only.
PROD1712,Lawyer,Electronics,85.99,149,Taylor-Ayala,Sell under thank body of something.
PROD1713,Available,Home,398.43,234,May Ltd,Especially decide security recognize.
PROD1714,Red,Home,348.37,344,Jones PLC,Would staff ability.
PROD1715,Wife,Home,114.28,21,Bishop and Sons,Similar individual indicate explain.
PROD1716,Give,Books,45.78,347,Bell-Lewis,Color hear region cup consider way.
PROD1717,Price,Home,341.85,284,"Hernandez, Jenkins and Parks",Note defense cut seek speak court work.
PROD1718,Former,Home,328.98,268,Miller Inc,Key tree body player bag beat.
PROD1719,Record,Home,140.26,465,Goodwin PLC,Everybody garden one long.
PROD1720,Thus,Clothing,475.68,257,"Cruz, Richmond and Edwards",Act entire western program.
PROD1721,Capital,Books,79.77,28,Wright Ltd,Best mission account.
PROD1722,Service,Home,219.01,212,Wright PLC,Mind while entire magazine series page from radio.
PROD1723,We,Electronics,472.09,462,"Griffith, Mitchell and Pugh",Yourself stage wait professor her arm.
PROD1724,First,Electronics,212.77,435,Abbott Ltd,Their south able that I structure.
PROD1725,Movement,Electronics,321.07,282,Harris-Lawson,Agent but most week.
PROD1726,For,Books,201.81,49,Adkins LLC,Happy peace probably little including.
PROD1727,Reflect,Books,140.74,94,"Brown, Hurst and Blevins",About point walk focus plant.
PROD1728,Issue,Electronics,492.07,462,Cruz-Allen,Wide save question.
PROD1729,General,Home,207.62,498,"Wheeler, Rice and Levine",Parent hundred partner bank into.
PROD1730,Interesting,Books,447.58,406,Peck-Anderson,Would tax toward safe family crime century.
PROD1731,Same,Electronics,118.83,87,"Fisher, Payne and Thompson",Then size respond all marriage beautiful strategy.
PROD1732,Find,Electronics,110.49,43,Best-Townsend,Would level to western lot music during.
PROD1733,Once,Home,20.41,460,Matthews Inc,Send process become itself.
PROD1734,Care,Clothing,327.58,277,Lewis-Livingston,Civil upon total.
PROD1735,Dark,Books,187.42,170,Hunter-Fuller,Detail election live today but.
PROD1736,Kitchen,Home,432.86,420,"Wang, Henderson and Morales",Two plant man somebody.
PROD1737,Red,Electronics,239.24,188,"Herrera, Jensen and Ramirez",The use short over popular help.
PROD1738,Yard,Electronics,484.26,352,Miller-Mccall,President size whom join do else.
PROD1739,Hundred,Home,96.84,183,Herrera Group,Because become scientist visit seat.
PROD1740,Research,Books,434.97,2,"Walters, Davenport and Becker",Of camera finish herself.
PROD1741,Smile,Clothing,389.42,190,Collins Group,Financial operation couple.
PROD1742,Weight,Clothing,386.61,117,"Ashley, Allen and Sanchez",Woman floor half quickly someone mind.
PROD1743,Contain,Electronics,423.17,18,Wilson-Salazar,Opportunity blood across system firm staff father despite.
PROD1744,Power,Books,381.71,22,Parker Ltd,Challenge exist section support still alone floor.
PROD1745,Outside,Clothing,314.98,412,"Yang, Wilson and Zimmerman",Wrong but you religious long stock manager.
PROD1746,Fish,Books,69.97,29,"Smith, Crawford and Reed",Arrive special check respond summer various.
PROD1747,Into,Books,21.1,294,"Logan, Le and Jackson",Red apply tend condition maintain.
PROD1748,Official,Electronics,460.82,107,Brady LLC,Federal spring treatment city again hot.
PROD1749,These,Clothing,310.24,366,"Tanner, Wise and Johnson",Question wrong serious hospital month executive.
PROD1750,A,Home,399.29,280,Nelson-Brown,Red nature best food social.
PROD1751,Fly,Electronics,243.35,127,"Proctor, Burton and Crawford",Sure report leader.
PROD1752,Few,Clothing,63.07,228,"Ward, Porter and Bradley",Officer kind lot today.
PROD1753,Develop,Clothing,66.97,110,Moore-Ayala,Design security same across rise.
PROD1754,Law,Clothing,344.35,135,"Craig, Wilson and Yang",Big size teach heavy work quickly collection.
PROD1755,Stock,Clothing,218.0,361,Williams Inc,Benefit wind conference appear.
PROD1756,Particularly,Clothing,104.26,185,Williams LLC,Practice order wide phone identify alone drive.
PROD1757,Policy,Books,248.34,143,Mora-White,Few other common seat simply yard provide.
PROD1758,Real,Electronics,36.78,71,Tran Ltd,Sing ten practice every.
PROD1759,Fund,Books,293.08,128,"Rios, Walker and Wright",Happen build bar majority protect meeting.
PROD1760,Make,Home,138.15,363,"Flores, Mckenzie and Duncan",Only would look.
PROD1761,Letter,Clothing,399.79,260,Shaw Inc,Some Congress machine popular.
PROD1762,Letter,Electronics,158.63,2,Walker PLC,Fear by foot research television Mr.
PROD1763,Republican,Clothing,230.33,448,Finley Inc,Spend after new movie speech major.
PROD1764,Different,Electronics,10.75,387,Cline-Ayala,Student much standard prepare send debate probably.
PROD1765,Much,Books,40.86,103,Murphy-Tran,Congress out conference never.
PROD1766,Material,Electronics,199.28,482,Wood LLC,But can deal claim none surface.
PROD1767,Student,Home,242.57,223,"Mueller, Stevenson and Sanchez",Be by fear.
PROD1768,Wear,Home,302.01,319,Vargas-Snyder,Commercial with probably eat animal watch toward.
PROD1769,Style,Electronics,149.37,361,Oconnor PLC,Process knowledge officer reason mission.
PROD1770,Simply,Electronics,349.02,353,Hernandez Group,Paper member reach production and already.
PROD1771,Condition,Electronics,430.76,490,Hall LLC,Feel strategy whatever own.
PROD1772,Reason,Electronics,391.03,472,"Franco, Wiley and Tapia",Option everyone rock instead near.
PROD1773,Become,Home,24.61,9,Blake Group,High tough hundred bar effect.
PROD1774,Federal,Clothing,242.85,404,"Acosta, Garcia and Moreno",Vote century data picture especially plan.
PROD1775,Myself,Electronics,56.94,383,Barnes Inc,Research nor positive memory clearly.
PROD1776,Record,Electronics,124.81,301,Dawson Inc,First skin her who.
PROD1777,Property,Home,493.4,230,Morse PLC,Back by body nature at.
PROD1778,President,Home,75.54,218,Haynes-Watson,Guy four event than.
PROD1779,Government,Books,251.95,410,"Miller, Davis and Anderson",Event better woman develop weight.
PROD1780,Better,Electronics,310.99,65,Jones-Bradley,Compare rock fill start.
PROD1781,Tell,Books,352.72,424,Bates-Anderson,Believe give occur example even between answer.
PROD1782,Society,Home,282.03,111,Green-Edwards,Water hope generation scientist whose mother.
PROD1783,Easy,Home,9.84,12,Haynes-Moss,Think I or else rather require price central.
PROD1784,Remember,Clothing,166.6,392,Chavez-Hall,Save apply rise window religious eat participant.
PROD1785,Force,Electronics,261.27,499,Taylor PLC,Consumer worry sometimes maybe every into walk.
PROD1786,Down,Books,48.49,419,Moore and Sons,Figure teach water image fine.
PROD1787,Sure,Home,178.56,85,Owens-Russell,Play baby drive behavior.
PROD1788,Decide,Home,21.44,233,"Howard, Townsend and Hayes",Arm sea never manage them while interest.
PROD1789,Choice,Books,43.9,89,Baker-Wilson,Usually carry marriage rate quality mother by.
PROD1790,Ago,Clothing,201.48,313,Aguirre LLC,Pattern treat second.
PROD1791,Any,Home,70.69,53,"Terry, Williams and Huff",Reflect see each school week statement.
PROD1792,Election,Electronics,285.93,11,Hernandez-Dawson,Range amount large collection us shake tough.
PROD1793,May,Home,346.29,208,Foster-Williams,Avoid style message weight.
PROD1794,Popular,Electronics,401.29,461,Green-Ewing,Many color wide full quickly story.
PROD1795,To,Books,104.07,13,Crane Group,Face low enter able.
PROD1796,Special,Electronics,87.9,120,"Adkins, Wright and Murray",Notice design fight value poor stay along leg.
PROD1797,Baby,Books,56.76,417,Martinez Inc,Summer arm accept leave fear blue glass reveal.
PROD1798,Lose,Electronics,320.03,436,Anderson Group,Great big man be method child.
PROD1799,Join,Books,354.71,376,Parks-Pace,Tree according show economic.
PROD1800,Various,Electronics,20.64,19,Aguilar LLC,House federal into consider speech board just.
PROD1801,Professional,Clothing,468.43,74,Johnson Inc,Class government its grow that cup.
PROD1802,Parent,Electronics,30.73,399,Orr Group,Expect card inside former all.
PROD1803,Day,Electronics,272.94,242,Davis LLC,Way where work budget major.
PROD1804,Serious,Clothing,355.98,222,Williams Group,Son research foot share think maybe type.
PROD1805,Same,Home,436.13,69,Jackson PLC,Capital whatever society call general add.
PROD1806,If,Home,358.47,311,Underwood-Foster,Appear stop involve others account.
PROD1807,Miss,Electronics,401.86,210,Reyes Group,Face magazine set easy check memory economic.
PROD1808,Instead,Clothing,173.03,100,Gomez and Sons,Ten yes easy star.
PROD1809,Either,Electronics,408.34,185,Ramirez-Stephenson,Listen situation billion room particularly.
PROD1810,Choose,Books,44.66,131,Mendez PLC,Yeah option play director car.
PROD1811,Reality,Books,447.93,110,Holland Group,Event court certainly.
PROD1812,Rise,Electronics,276.06,380,Andrade-Mendoza,Pattern before anything.
PROD1813,Accept,Home,409.56,131,Ramirez and Sons,Modern record woman develop international article.
PROD1814,Walk,Home,228.9,19,Gonzalez-Wilkerson,Popular fight especially exactly go individual.
PROD1815,Social,Electronics,323.57,393,"Wright, Mcknight and Stephens",Time consider a produce focus experience.
PROD1816,Traditional,Electronics,265.57,23,Mayo Ltd,Training beyond continue way hair.
PROD1817,Speech,Books,367.14,226,Castillo-Harrington,Born protect raise side candidate.
PROD1818,Value,Home,45.41,153,Durham-Shaw,Scientist guess single more he practice.
PROD1819,Both,Electronics,34.87,292,Nelson-Johnson,Once beautiful blood picture own.
PROD1820,Start,Books,127.32,229,"Robinson, Huang and Osborne",Only treatment pressure.
PROD1821,Large,Home,83.97,468,Stokes Group,Cover knowledge better walk people.
PROD1822,Discuss,Clothing,436.53,309,"Howard, Silva and Hall",Rise writer dark result analysis.
PROD1823,Control,Books,113.51,487,Garcia Ltd,Industry represent through service suffer.
PROD1824,Summer,Home,488.05,358,Adams Ltd,Window thus large response treat attack industry.
PROD1825,Safe,Home,171.76,404,Gallagher and Sons,So cold ever whose face what article.
PROD1826,National,Books,95.15,201,"Bradford, Salinas and Kelly",Scientist however range that will.
PROD1827,Majority,Clothing,395.9,37,Thompson PLC,Just meeting none hope.
PROD1828,Apply,Books,331.06,429,Drake-Wolfe,Even contain civil design recent these so lay.
PROD1829,Onto,Home,251.61,259,"Johnson, Haynes and Meza",Else system fast environmental budget difference move.
PROD1830,Enjoy,Electronics,279.9,187,"Thomas, Vaughan and Copeland",Although challenge third until establish.
PROD1831,Whose,Electronics,361.0,56,Weaver-Thompson,Politics eat statement.
PROD1832,Thus,Books,118.09,428,Davis and Sons,Break possible plan win foot watch this.
PROD1833,Campaign,Home,498.19,19,"Robinson, Fox and Smith",Reveal impact particularly foot arm.
PROD1834,Loss,Electronics,487.52,272,"Harris, Anderson and Love",Station despite whole.
PROD1835,Cell,Home,326.91,118,Brown-Hernandez,Eight administration price test.
PROD1836,Suddenly,Books,103.77,70,"Stark, Schroeder and Mathis",Blood second high president thank plant nearly stage.
PROD1837,Majority,Electronics,341.71,3,Yu-Brooks,Food daughter picture teach house.
PROD1838,Region,Home,40.74,220,"Foster, Garcia and Turner",Discussion risk happy total behavior consider continue.
PROD1839,Nice,Electronics,20.17,13,Daugherty Ltd,Country make role positive.
PROD1840,Operation,Books,132.55,2,Conner-Yu,Financial those stage.
PROD1841,Physical,Home,234.0,215,"Stewart, Mann and Hoffman",Could century interview lawyer population I right case.
PROD1842,Free,Electronics,434.79,228,"Buchanan, Walker and Chapman",Owner help again.
PROD1843,Someone,Books,364.95,335,Gray Ltd,Shake popular analysis.
PROD1844,Vote,Electronics,372.64,185,"Phillips, Thompson and Smith",Show environment voice outside society.
PROD1845,Level,Electronics,215.62,54,"Fry, Myers and Gamble",Whatever blood save.
PROD1846,Position,Clothing,176.24,499,"Johnson, Guzman and Mccall",System be cause service throughout spring.
PROD1847,Teacher,Clothing,188.66,387,"Walker, Cunningham and Zuniga",Forward choice argue reality physical.
PROD1848,Serve,Books,493.89,375,Rivera Inc,Again and name bill.
PROD1849,Wait,Clothing,24.85,253,Reed LLC,Center treatment agency interview challenge pretty.
PROD1850,Mother,Books,434.18,23,Fields Inc,Tv range rather resource top.
PROD1851,Last,Clothing,291.44,161,"Santiago, Daniel and Rogers",College body big what ground past brother.
PROD1852,Then,Electronics,222.11,157,Baker and Sons,Time page concern most.
PROD1853,What,Books,364.0,81,"Jones, Scott and Rodriguez",Consider interesting throw reach person expert then even.
PROD1854,Official,Books,245.9,402,Williams Group,Product usually specific represent baby able value.
PROD1855,Like,Electronics,437.34,158,"Barnes, Jackson and Gutierrez",Sing chair challenge land.
PROD1856,Watch,Books,450.85,187,Bell-Bennett,Spring both into risk certain follow camera.
PROD1857,Cold,Books,213.75,59,Kramer-Lane,Good management loss win own PM.
PROD1858,Six,Clothing,142.03,402,"Perez, Hayes and Lloyd",Soon president early industry.
PROD1859,Training,Books,298.21,304,Phillips LLC,Much manage movie discover base resource money.
PROD1860,May,Home,456.62,318,Lynn-Jones,Reflect dog able yes admit.
PROD1861,Listen,Electronics,109.28,365,Barron and Sons,Listen card body treat guess support single.
PROD1862,Event,Clothing,313.37,210,"Jones, Mcmahon and Spence",Far century table will.
PROD1863,Society,Clothing,317.62,405,Wheeler-Austin,Drug still argue case while region.
PROD1864,End,Home,367.89,151,Bush-Reynolds,Run receive interesting approach black ok.
PROD1865,Though,Electronics,70.13,108,"Martin, Preston and Moore",Study that air half bad baby notice.
PROD1866,Public,Electronics,359.33,75,Rivera and Sons,Change consumer sea security recognize federal.
PROD1867,Factor,Clothing,454.97,29,Terry-Bowen,Reveal know population actually born art.
PROD1868,Space,Books,93.94,313,"Fernandez, Guerrero and Evans",Page community civil.
PROD1869,Star,Clothing,122.58,485,Williams PLC,Strategy quite then never stop try.
PROD1870,Near,Electronics,485.84,116,"Larsen, Hernandez and Ward",Fill dinner use even begin help week.
PROD1871,Memory,Home,94.58,414,Miller-Colon,Hundred argue hot state wish.
PROD1872,Produce,Clothing,427.92,355,"Greene, Gonzalez and Johnson",Success staff life finish politics still close sound.
PROD1873,Edge,Electronics,248.68,191,Little Inc,Crime board back owner suggest agreement.
PROD1874,Face,Clothing,127.38,18,Anthony-Parker,Clear blood deep action travel.
PROD1875,Less,Books,436.02,431,Ruiz-Jacobson,Necessary point allow especially with.
PROD1876,Bank,Clothing,225.43,172,Davis-Stephens,And worry low answer behavior final wonder.
PROD1877,Sell,Clothing,259.83,227,Watson Group,When matter fire hospital green.
PROD1878,Feeling,Electronics,182.82,349,Lopez-Williams,Reflect best imagine scientist.
PROD1879,Easy,Electronics,298.51,182,Marshall-Perez,Maybe simple age somebody.
PROD1880,Expert,Electronics,85.94,112,Elliott-Hernandez,Only system face charge leg those behavior.
PROD1881,Government,Clothing,198.59,182,"Contreras, Miller and Cooper",This space pressure shoulder claim.
PROD1882,Front,Books,484.86,480,"Gutierrez, Avila and Perez",Might rock prepare us game size fund.
PROD1883,Walk,Home,132.78,145,Randall PLC,Perhaps vote always require raise dream.
PROD1884,Now,Home,330.08,318,Sheppard-Mcdaniel,Parent when note yes best address short finally.
PROD1885,Be,Electronics,165.97,115,Armstrong-Young,Material lawyer college fast.
PROD1886,Certainly,Electronics,387.87,112,Miller-Orr,Evidence guy become condition.
PROD1887,City,Clothing,69.78,250,"Johnson, Duncan and Black",Election list eight theory practice cell buy.
PROD1888,During,Home,485.06,475,"Byrd, Oliver and Martinez",Major guy expert important people quite kid.
PROD1889,Identify,Electronics,229.63,250,Thompson-Joyce,Suddenly weight health radio media enjoy then.
PROD1890,Rule,Books,121.84,302,Stokes and Sons,Per popular scientist.
PROD1891,Claim,Books,41.38,458,Henderson Ltd,Record night choice black heart.
PROD1892,Seat,Electronics,89.03,312,Harris-Carson,Human authority hold left behavior letter politics.
PROD1893,Difficult,Electronics,262.29,117,Flowers LLC,Board Congress board where however item husband.
PROD1894,Attack,Home,171.82,300,Bartlett-Sloan,Fish you main reduce.
PROD1895,Join,Home,415.3,160,Miller PLC,Boy lawyer nation we certainly degree nothing.
PROD1896,Involve,Clothing,218.29,400,Arnold-Gates,Similar artist speak smile without degree deep age.
PROD1897,Give,Home,128.11,197,"Ellis, Marks and Buchanan",Establish player base attorney if fear.
PROD1898,Occur,Books,310.49,259,"Matthews, Harrington and Rodriguez",The modern prove else store begin top.
PROD1899,Man,Books,354.85,147,Hernandez PLC,White father cup walk loss movement.
PROD1900,Just,Electronics,87.69,239,"Chang, Ayers and Buckley",Whole join tree now.
PROD1901,Assume,Home,87.97,46,"Chan, Floyd and Dillon",Night throw cup.
PROD1902,Design,Clothing,23.15,474,Humphrey-Baker,Pattern food worry voice sea say first character.
PROD1903,There,Books,369.52,398,"Washington, Lynch and Johnson",Value material first society purpose enjoy reveal.
PROD1904,Kitchen,Books,333.58,197,Powell-Montgomery,Wall tax plant police official already second.
PROD1905,Improve,Clothing,239.94,46,"Steele, Williams and Preston",Information national coach help girl.
PROD1906,West,Clothing,422.86,77,Vaughn-Williams,Will officer add sport administration.
PROD1907,Speech,Books,403.81,123,Mccall-Prince,Maybe test record power lay.
PROD1908,Pattern,Books,294.75,74,Morgan LLC,Goal stock international wind from unit.
PROD1909,Young,Clothing,434.79,358,Ramirez-Vasquez,Into computer organization myself high suddenly read.
PROD1910,Safe,Books,106.89,136,"Cohen, Compton and Perez",Plant reduce visit town between because.
PROD1911,Again,Electronics,60.4,89,Mccann-Ramos,Bed administration usually billion.
PROD1912,Tough,Electronics,138.53,399,Adams-Butler,Until between know ok allow face inside development.
PROD1913,Up,Clothing,33.26,324,"Davis, Alexander and Mcintyre",Necessary boy task wear go soldier less.
PROD1914,Southern,Home,267.93,499,Figueroa-Malone,Account hear difference exist they enough.
PROD1915,Parent,Clothing,468.62,60,Nicholson-Robertson,Pull above training allow ago so.
PROD1916,Husband,Clothing,24.48,137,Jones Ltd,Star outside friend where year drop wind.
PROD1917,Me,Home,65.44,49,"Powell, Deleon and Warren",Pattern hotel appear use investment.
PROD1918,According,Home,228.84,258,"Johnson, Lee and Whitaker",Within community tough military join between.
PROD1919,Yes,Home,467.27,460,Wright Group,Mean place six successful.
PROD1920,He,Electronics,161.5,106,Hull Ltd,True study city follow behavior agent activity show.
PROD1921,Fire,Books,256.08,112,Hill Group,Agreement remain turn bad.
PROD1922,Some,Electronics,25.58,349,"Sanders, Leblanc and Maldonado",Agent safe work play sing cost.
PROD1923,In,Books,78.43,253,Watson PLC,Father movement early sister skill.
PROD1924,Tonight,Electronics,493.38,117,Thompson-Harrell,Process ever various physical point.
PROD1925,Wait,Books,482.73,492,"Arnold, Cooper and Monroe",Term book until but center energy Congress back.
PROD1926,Thing,Electronics,7.45,197,Curry-Barker,Tree debate beyond somebody including main.
PROD1927,Kind,Home,476.15,336,Johnson-Williams,Baby reach heart finish traditional speak conference act.
PROD1928,Nothing,Clothing,321.36,364,"Chan, Lewis and Walker",Process piece talk bring.
PROD1929,Small,Electronics,434.62,50,Byrd LLC,Year low pass national citizen score.
PROD1930,Simple,Books,230.1,244,"Ortiz, Smith and Deleon",Cover ahead age memory.
PROD1931,Office,Home,260.22,402,"Smith, Buck and Holland",Describe half together ahead.
PROD1932,Such,Electronics,246.98,425,"Owen, Walker and Franklin",Detail road vote environment.
PROD1933,Player,Electronics,335.1,34,Marquez-Fletcher,Current begin remain present level speak job.
PROD1934,Water,Home,74.13,301,Coleman-Bennett,Two economic cup suffer response which.
PROD1935,Discussion,Electronics,19.84,409,Stevens-Robinson,On short find some.
PROD1936,Method,Clothing,157.43,498,Byrd-Holloway,Item land others even five blue him.
PROD1937,Discuss,Electronics,353.82,68,Silva-Smith,Note hear plan ask cold.
PROD1938,Explain,Clothing,104.92,348,"Levy, Franco and Hoffman",When education important.
PROD1939,Least,Clothing,338.35,319,"Lynch, Evans and Rodriguez",Step population whole good air conference follow so.
PROD1940,Mention,Home,485.11,420,Rogers LLC,Early Democrat he certain fire act.
PROD1941,Air,Electronics,51.48,467,"Nguyen, Hill and Douglas",Response degree nothing.
PROD1942,Improve,Home,337.94,48,"Evans, Hernandez and Cannon",Together no history own money bill.
PROD1943,Great,Electronics,224.66,404,Trujillo PLC,Respond watch space provide off.
PROD1944,Relate,Electronics,434.73,73,Guerrero-Becker,Radio itself spend cup anyone management.
PROD1945,Respond,Books,92.69,191,"Johnson, Jimenez and Phillips",Wrong instead buy.
PROD1946,Success,Electronics,347.85,260,Sullivan-Doyle,Over option door again.
PROD1947,Interview,Home,419.87,355,"Erickson, Armstrong and Lee",Popular task write.
PROD1948,Shake,Clothing,472.58,69,"Reeves, Parks and Little",Expect success idea time truth although population.
PROD1949,Company,Electronics,343.21,89,Knox-Powers,Like stop indeed feeling.
PROD1950,Though,Books,251.1,259,"Evans, Jackson and Sandoval",Send hundred news finish partner hotel.
PROD1951,Manage,Home,310.83,125,"White, Davis and Anderson",Management political treat successful visit bill difference.
PROD1952,Wide,Electronics,435.11,230,Hardy-Hansen,Catch year technology.
PROD1953,Care,Home,287.45,294,Arroyo LLC,Difficult because right speech staff Mr.
PROD1954,Prevent,Books,20.04,497,"Davis, Kelly and Garner",Various test employee.
PROD1955,None,Books,465.82,418,Fisher-Eaton,Book water avoid.
PROD1956,Agreement,Home,346.32,128,Green-Carter,Reach social here recognize understand on.
PROD1957,What,Electronics,339.87,279,Ruiz Ltd,Call technology send thousand.
PROD1958,Indeed,Clothing,111.76,312,"Carpenter, Oliver and Kennedy",Pm property miss drive long majority.
PROD1959,Person,Books,331.15,99,Mason Ltd,Focus room difficult enough fast.
PROD1960,Organization,Electronics,199.96,325,Moreno-Gutierrez,Good structure drug positive.
PROD1961,Recognize,Electronics,327.36,296,Taylor and Sons,Reason avoid manager defense provide.
PROD1962,Agreement,Clothing,57.76,181,Ortiz-Hudson,Stand could bit decade opportunity month teach.
PROD1963,Because,Books,330.63,173,Thomas-Huffman,Remain pretty summer black candidate.
PROD1964,Question,Books,499.71,315,Maxwell Group,History laugh per data hundred attention.
PROD1965,Later,Electronics,28.86,363,Welch-Thompson,Clearly film thank possible challenge then.
PROD1966,Central,Electronics,488.7,187,"Brown, Hayes and Clark",Drive thus cost agreement.
PROD1967,Trial,Clothing,206.42,56,Johnston and Sons,Laugh enter until base issue character maybe.
PROD1968,Main,Clothing,436.02,30,Glover-Chan,Free kid have any him up create.
PROD1969,Court,Books,392.28,83,Mendez Ltd,Idea order morning management item.
PROD1970,Apply,Home,285.67,151,Powell-Sanford,Position where detail.
PROD1971,Ever,Books,370.53,472,Smith-Ferguson,Time offer draw.
PROD1972,Hundred,Electronics,439.87,35,"Watson, Smith and Morris",Big difficult per respond hot big safe.
PROD1973,Generation,Books,205.05,212,"Lee, Rhodes and Sims",Manager commercial data PM relationship.
PROD1974,Development,Home,166.88,413,Perez LLC,Safe behind me red live.
PROD1975,Look,Clothing,335.46,407,Anderson-Reyes,System reach color race coach.
PROD1976,General,Home,404.88,363,"Torres, Brown and Williams",Tonight center actually listen free concern.
PROD1977,Green,Home,382.33,105,Bryant-Meyer,Thing color set act goal.
PROD1978,Sort,Home,399.92,413,"Morgan, Barron and Cowan",On major easy body standard note wrong.
PROD1979,Until,Clothing,220.61,341,Ferrell-Henry,Moment cold chair behind fight.
PROD1980,Hundred,Home,409.83,219,Martin Group,Laugh same wrong either main hair.
PROD1981,Fall,Home,64.5,390,Perez Ltd,Still feeling free.
PROD1982,Soldier,Home,274.52,162,Clark Inc,Simple tax total other both rate rock.
PROD1983,Theory,Electronics,7.85,438,"Wagner, Martinez and Dawson",Challenge improve detail.
PROD1984,Know,Home,165.67,219,Brooks Ltd,Ground all officer receive.
PROD1985,Entire,Clothing,186.4,269,Wise-Dean,Grow season create western police whole.
PROD1986,They,Home,201.11,119,"Vang, Stanley and Valdez",Quickly tonight last when money enter quickly thousand.
PROD1987,Beat,Home,349.26,393,Williams Inc,Operation war everybody course often reduce.
PROD1988,Many,Clothing,197.34,335,Wallace-Martinez,But somebody note society get body across until.
PROD1989,After,Home,227.1,399,Wells-Hernandez,Letter change whom perhaps.
PROD1990,So,Clothing,122.58,181,"Jennings, Smith and Fisher",Field explain son administration.
PROD1991,Notice,Home,189.76,478,Bates LLC,Design stay but.
PROD1992,Area,Clothing,117.5,105,"Obrien, Taylor and Rivas",Figure involve produce a edge go exist.
PROD1993,Hard,Home,41.23,216,Hunt PLC,Program shoulder choice beat establish you culture.
PROD1994,Door,Home,303.71,204,Campbell Inc,Truth fact allow usually eat question hit human.
PROD1995,Rate,Electronics,335.77,69,Gonzalez-Gonzalez,Throw turn others community.
PROD1996,Authority,Electronics,311.65,43,Decker-Dudley,Quickly follow official raise current career.
PROD1997,Statement,Home,234.43,328,Warner-Phillips,Current figure father until leave contain site.
PROD1998,Reach,Home,192.99,300,Kelley and Sons,Benefit money reason mean rate group.
PROD1999,Amount,Books,432.35,227,"Fitzpatrick, Rivera and Smith",Into inside improve agree next whatever.
