order_id,customer_id,restaurant_id,order_ts,status,total_amount,coupon_code,driver_id,payment_method
O00001,1825,13,2025-08-28 04:18:59,CANCELLED,485.04,QB015,72,COD
O00002,8936,45,2025-08-03 01:54:43,DELIVERED,690.69,QB002,48,COD
O00003,3812,259,2025-09-09 19:58:22,DELIVERED,137.15,QB013,367,PREPAID
O00004,3612,230,2025-08-21 03:21:07,DELIVERED,489.47,QB001,389,COD
O00005,6925,175,2025-10-17 22:22:00,PREPARING,317.67,QB049,173,COD
O00006,1520,195,2025-08-18 00:39:48,PLACED,602.57,QB023,310,PREPAID
O00007,712,374,2025-09-08 04:33:38,OUT_FOR_DELIVERY,850.72,QB025,41,PREPAID
O00008,5926,296,2025-08-24 21:04:48,CONFIRMED,1086.4,QB003,339,COD
O00009,4742,41,2025-10-05 11:37:27,CONFIRMED,1313.08,QB025,143,PREPAID
O00010,5978,84,2025-09-07 12:55:52,PREPARING,597.38,QB043,137,COD
O00011,9981,326,2025-08-08 23:43:05,CONFIRMED,847.8,QB016,84,PREPAID
O00012,6217,139,2025-09-08 00:00:11,CANCELLED,1063.43,QB015,351,PREPAID
O00013,917,118,2025-10-13 13:39:37,PLACED,1227.06,QB026,138,COD
O00014,3457,468,2025-10-14 09:09:54,DELIVERED,1326.91,QB021,109,PREPAID
O00015,6483,453,2025-10-25 12:01:08,CANCELLED,742.39,QB017,72,COD
O00016,9198,276,2025-09-20 06:00:34,PREPARING,1145.82,QB028,460,PREPAID
O00017,5931,113,2025-10-26 11:05:08,CONFIRMED,813.34,QB006,387,COD
O00018,1797,79,2025-09-25 02:45:17,CANCELLED,323.97,QB044,217,COD
O00019,6305,196,2025-09-26 20:24:36,DELIVERED,1494.57,QB034,129,COD
O00020,1877,350,2025-10-11 10:53:24,DELIVERED,1151.23,QB050,329,PREPAID
O00021,1828,151,2025-08-10 11:40:10,OUT_FOR_DELIVERY,321.42,QB001,489,PREPAID
O00022,8202,391,2025-10-20 20:38:15,CONFIRMED,810.75,QB007,446,PREPAID
O00023,8318,312,2025-08-13 21:40:13,CONFIRMED,313.97,QB049,83,COD
O00024,9814,166,2025-10-09 18:21:22,OUT_FOR_DELIVERY,127.27,QB024,450,PREPAID
O00025,3924,30,2025-09-26 01:23:08,CONFIRMED,1329.21,QB006,44,PREPAID
O00026,1134,390,2025-10-23 03:18:01,DELIVERED,1172.17,QB009,338,PREPAID
O00027,9008,85,2025-08-28 08:02:41,PREPARING,838.74,QB039,217,COD
O00028,8836,387,2025-09-20 06:50:26,CANCELLED,1065.81,QB046,160,PREPAID
O00029,6119,225,2025-10-24 03:49:40,DELIVERED,732.08,QB016,116,COD
O00030,5540,11,2025-09-10 20:18:29,DELIVERED,875.49,QB038,113,COD
O00031,1164,363,2025-09-24 17:02:10,CANCELLED,182.42,QB005,464,COD
O00032,5414,37,2025-10-20 16:22:50,DELIVERED,433.21,QB043,249,COD
O00033,8835,68,2025-08-04 18:17:24,CANCELLED,1409.72,QB037,296,PREPAID
O00034,3982,402,2025-10-18 08:10:47,OUT_FOR_DELIVERY,1230.5,QB013,49,COD
O00035,7063,182,2025-10-26 19:13:30,OUT_FOR_DELIVERY,675.54,QB047,28,COD
O00036,994,207,2025-10-01 19:50:59,CANCELLED,575.02,QB007,128,COD
O00037,3117,275,2025-09-01 04:43:09,OUT_FOR_DELIVERY,296.26,QB012,143,PREPAID
O00038,4093,448,2025-10-18 21:16:02,PLACED,720.38,QB036,51,COD
O00039,8857,429,2025-09-16 18:16:54,PLACED,1456.59,QB049,435,COD
O00040,2725,209,2025-08-16 09:16:58,OUT_FOR_DELIVERY,773.9,QB026,463,COD
O00041,2698,195,2025-09-19 13:01:28,PLACED,1479.43,QB017,475,PREPAID
O00042,4674,217,2025-08-05 21:51:55,CANCELLED,1440.24,,285,PREPAID
O00043,2537,98,2025-10-05 13:46:23,PREPARING,404.78,QB004,297,COD
O00044,5139,30,2025-10-02 03:02:16,PLACED,917.85,QB033,471,COD
O00045,932,492,2025-09-05 05:38:24,DELIVERED,212.16,QB012,36,COD
O00046,3854,207,2025-10-05 15:28:05,PLACED,1418.23,QB037,127,COD
O00047,1344,215,2025-08-13 19:35:26,CANCELLED,917.14,QB034,162,PREPAID
O00048,3347,343,2025-08-21 00:39:51,CANCELLED,539.86,QB017,203,COD
O00049,4916,235,2025-08-19 10:33:03,PREPARING,1400.63,QB005,5,PREPAID
O00050,9225,52,2025-08-12 15:46:39,PLACED,852.69,QB033,136,COD
O00051,5719,452,2025-08-18 08:09:06,PLACED,1330.98,QB024,146,COD
O00052,7180,427,2025-09-10 09:40:41,DELIVERED,1084.96,QB040,414,COD
O00053,9087,154,2025-09-10 09:03:59,CANCELLED,245.02,QB009,136,COD
O00054,1754,381,2025-10-28 05:28:31,DELIVERED,317.63,QB019,310,COD
O00055,5618,105,2025-10-06 02:20:29,CANCELLED,987.93,QB017,259,PREPAID
O00056,4115,464,2025-10-22 06:50:41,PLACED,229.22,QB028,425,PREPAID
O00057,723,2,2025-08-27 10:45:57,PREPARING,1179.57,QB041,135,COD
O00058,7240,283,2025-08-19 03:37:00,CANCELLED,698.76,QB001,58,COD
O00059,2443,280,2025-08-24 20:36:08,PLACED,1268.43,QB038,283,COD
O00060,7042,66,2025-10-07 02:19:30,PLACED,531.56,,498,COD
O00061,5863,108,2025-10-25 11:56:16,CANCELLED,449.34,QB007,182,PREPAID
O00062,2533,474,2025-08-15 09:50:46,CONFIRMED,1310.45,,416,COD
O00063,6756,13,2025-10-08 06:39:08,CONFIRMED,1131.19,QB022,401,PREPAID
O00064,4066,137,2025-09-01 17:04:59,CONFIRMED,1202.32,QB007,196,COD
O00065,7712,114,2025-10-24 08:21:26,CONFIRMED,1243.22,QB030,180,PREPAID
O00066,3729,115,2025-10-24 20:16:47,PLACED,1024.05,QB026,169,PREPAID
O00067,1138,496,2025-10-15 02:45:13,PREPARING,591.6,QB033,205,PREPAID
O00068,453,60,2025-10-04 08:47:28,PREPARING,349.99,QB017,20,COD
O00069,9775,223,2025-10-08 23:43:01,PREPARING,1119.96,QB021,224,COD
O00070,6312,461,2025-10-15 20:59:41,DELIVERED,366.11,QB003,363,PREPAID
O00071,28,267,2025-08-09 06:47:25,DELIVERED,1061.6,QB048,378,COD
O00072,5968,221,2025-10-22 03:02:27,PLACED,1428.42,QB022,320,PREPAID
O00073,2042,369,2025-09-27 11:34:58,PREPARING,809.97,QB043,210,PREPAID
O00074,6593,357,2025-10-21 03:23:04,PREPARING,876.18,QB013,216,PREPAID
O00075,2852,316,2025-10-21 20:17:57,DELIVERED,521.33,QB036,427,COD
O00076,4979,147,2025-10-05 23:02:23,CONFIRMED,701.84,QB038,311,PREPAID
O00077,7619,227,2025-09-12 06:54:31,OUT_FOR_DELIVERY,1045.88,QB033,243,COD
O00078,1390,146,2025-09-15 16:16:16,DELIVERED,1029.4,QB040,172,COD
O00079,3849,345,2025-09-19 06:40:09,PREPARING,414.5,QB013,76,COD
O00080,758,126,2025-09-15 20:06:43,OUT_FOR_DELIVERY,955.78,QB050,38,PREPAID
O00081,6791,454,2025-09-24 12:19:15,CANCELLED,905.94,QB046,357,PREPAID
O00082,8100,205,2025-08-14 10:01:33,CONFIRMED,306.6,QB045,3,COD
O00083,6966,113,2025-09-11 22:55:35,CONFIRMED,1225.75,QB045,266,PREPAID
O00084,823,286,2025-10-01 03:17:24,CONFIRMED,1384.46,QB008,234,COD
O00085,7613,342,2025-08-05 02:59:27,DELIVERED,1483.05,QB039,163,PREPAID
O00086,8271,219,2025-10-23 01:01:18,DELIVERED,724.28,QB011,381,PREPAID
O00087,7374,133,2025-09-04 16:21:04,CONFIRMED,1275.81,QB018,393,PREPAID
O00088,3920,141,2025-10-23 20:38:09,OUT_FOR_DELIVERY,208.48,QB019,121,PREPAID
O00089,5503,164,2025-10-21 22:04:44,DELIVERED,212.81,QB010,119,PREPAID
O00090,2504,362,2025-10-31 08:32:24,CONFIRMED,189.92,QB027,170,PREPAID
O00091,6813,32,2025-10-07 01:11:39,CONFIRMED,1266.05,QB025,464,COD
O00092,9433,195,2025-10-30 02:42:56,OUT_FOR_DELIVERY,108.25,QB023,153,PREPAID
O00093,6866,276,2025-10-02 12:16:33,CANCELLED,1128.49,,309,COD
O00094,8000,113,2025-10-06 01:25:37,PREPARING,710.17,QB002,200,PREPAID
O00095,6625,371,2025-08-25 04:41:04,CONFIRMED,1276.71,QB009,319,COD
O00096,6456,304,2025-10-04 01:23:18,DELIVERED,1028.2,QB006,330,PREPAID
O00097,2224,444,2025-10-27 08:30:14,OUT_FOR_DELIVERY,354.42,QB017,195,PREPAID
O00098,3468,233,2025-09-02 20:48:23,PREPARING,572.5,QB025,143,PREPAID
O00099,4134,428,2025-10-19 18:17:21,PLACED,758.43,QB048,277,COD
O00100,5734,115,2025-10-23 04:44:24,CANCELLED,196.07,QB042,21,COD
O00101,4052,103,2025-09-16 10:10:42,PLACED,969.87,QB016,65,PREPAID
O00102,1875,289,2025-10-24 16:17:01,CONFIRMED,751.05,QB017,393,PREPAID
O00103,2750,311,2025-10-31 04:14:16,DELIVERED,1449.23,QB046,59,COD
O00104,5097,56,2025-10-27 20:39:22,DELIVERED,135.95,QB020,295,PREPAID
O00105,6499,483,2025-09-07 00:08:25,CANCELLED,377.66,QB038,354,COD
O00106,1670,357,2025-09-15 22:06:11,PREPARING,1290.41,QB039,413,COD
O00107,9273,401,2025-09-23 08:03:06,PLACED,586.09,QB028,339,PREPAID
O00108,1130,260,2025-09-07 11:16:47,CANCELLED,577.72,QB027,422,PREPAID
O00109,1730,222,2025-10-19 06:31:33,PREPARING,989.82,QB030,363,COD
O00110,7136,91,2025-09-13 23:24:28,CANCELLED,830.45,QB042,139,PREPAID
O00111,7617,224,2025-08-13 22:04:55,CANCELLED,929.46,QB021,437,COD
O00112,1420,143,2025-09-29 02:08:20,OUT_FOR_DELIVERY,441.41,QB030,292,PREPAID
O00113,5512,15,2025-09-20 01:11:40,OUT_FOR_DELIVERY,1291.33,QB012,250,COD
O00114,5814,409,2025-09-06 04:42:10,PREPARING,576.47,QB039,360,PREPAID
O00115,9107,6,2025-10-03 02:25:31,DELIVERED,1427.29,QB006,124,PREPAID
O00116,8005,285,2025-08-28 15:25:22,CONFIRMED,1066.85,QB042,365,PREPAID
O00117,7343,406,2025-10-16 03:50:22,PLACED,230.27,QB015,208,COD
O00118,5017,340,2025-10-12 00:38:07,DELIVERED,616.63,QB036,272,PREPAID
O00119,6972,382,2025-10-11 02:05:52,DELIVERED,563.11,QB045,233,PREPAID
O00120,5024,129,2025-10-28 00:58:11,CONFIRMED,268.92,QB013,162,COD
O00121,8780,487,2025-09-12 10:59:25,CANCELLED,359.21,QB014,379,PREPAID
O00122,4531,371,2025-10-17 23:09:02,DELIVERED,1467.25,QB034,306,PREPAID
O00123,1648,427,2025-10-22 17:08:10,CONFIRMED,514.75,QB024,92,PREPAID
O00124,232,363,2025-10-26 15:12:11,DELIVERED,277.22,QB003,499,COD
O00125,9067,150,2025-10-21 07:07:48,CANCELLED,1421.73,QB041,445,PREPAID
O00126,1681,447,2025-10-10 16:39:05,PLACED,903.69,QB031,246,PREPAID
O00127,5583,95,2025-10-03 22:16:50,PLACED,453.47,QB031,59,COD
O00128,6566,252,2025-08-19 22:27:36,PLACED,907.83,QB044,28,COD
O00129,2445,416,2025-08-06 02:45:29,DELIVERED,1428.78,QB006,128,COD
O00130,9144,392,2025-08-18 01:02:40,OUT_FOR_DELIVERY,948.84,,317,COD
O00131,8562,195,2025-10-30 22:26:23,OUT_FOR_DELIVERY,1371.91,QB020,441,PREPAID
O00132,5004,292,2025-08-04 14:53:44,DELIVERED,184.32,QB048,51,COD
O00133,3458,136,2025-08-12 21:17:01,CANCELLED,213.66,QB016,89,COD
O00134,2565,2,2025-09-14 13:20:49,OUT_FOR_DELIVERY,730.71,QB039,241,PREPAID
O00135,535,119,2025-10-16 08:22:23,PREPARING,1089.74,QB045,441,PREPAID
O00136,1167,352,2025-10-03 05:35:30,CONFIRMED,1393.48,,406,COD
O00137,6966,59,2025-10-19 11:38:20,DELIVERED,414.73,QB010,466,PREPAID
O00138,2331,37,2025-10-20 04:07:40,PLACED,332.29,QB020,305,PREPAID
O00139,7196,64,2025-08-26 15:04:43,OUT_FOR_DELIVERY,1064.15,QB045,207,PREPAID
O00140,8200,277,2025-08-06 19:32:26,OUT_FOR_DELIVERY,712.86,QB039,21,PREPAID
O00141,5281,310,2025-09-29 21:35:39,PREPARING,136.21,QB015,493,COD
O00142,4416,296,2025-08-08 20:45:31,PLACED,1168.35,QB012,241,PREPAID
O00143,4558,93,2025-10-16 23:36:45,DELIVERED,710.24,,252,COD
O00144,7701,179,2025-08-15 15:30:21,OUT_FOR_DELIVERY,566.63,QB043,54,COD
O00145,5404,211,2025-10-28 00:14:00,CANCELLED,793.66,QB043,484,PREPAID
O00146,9013,19,2025-08-15 19:33:58,OUT_FOR_DELIVERY,223.28,QB017,166,COD
O00147,6623,443,2025-10-06 08:45:22,DELIVERED,1254.9,QB001,337,PREPAID
O00148,6771,28,2025-10-07 05:32:53,CONFIRMED,825.82,QB040,388,PREPAID
O00149,7243,390,2025-08-22 20:27:54,PLACED,384.98,QB036,68,PREPAID
O00150,7179,451,2025-08-03 01:31:06,CANCELLED,778.6,QB002,499,COD
O00151,2595,160,2025-10-21 22:48:20,DELIVERED,119.14,QB027,48,COD
O00152,1859,237,2025-09-21 11:19:53,PLACED,1006.79,QB010,256,PREPAID
O00153,8338,362,2025-09-15 20:57:20,PREPARING,681.69,QB031,242,COD
O00154,7484,283,2025-09-24 06:51:20,CONFIRMED,637.02,QB039,261,COD
O00155,1144,142,2025-10-10 02:06:43,OUT_FOR_DELIVERY,575.83,,260,PREPAID
O00156,43,145,2025-09-06 21:49:37,CANCELLED,517.98,QB038,297,PREPAID
O00157,2435,229,2025-10-12 00:52:22,DELIVERED,778.08,QB022,283,PREPAID
O00158,7461,478,2025-08-15 00:47:42,PREPARING,1317.44,QB045,123,PREPAID
O00159,3827,439,2025-10-06 21:18:48,OUT_FOR_DELIVERY,161.11,QB048,243,PREPAID
O00160,6326,340,2025-08-30 15:13:39,CANCELLED,1473.15,QB032,494,COD
O00161,2069,258,2025-09-16 18:01:48,DELIVERED,564.79,QB007,448,PREPAID
O00162,1634,270,2025-09-03 15:24:27,OUT_FOR_DELIVERY,121.49,QB010,210,COD
O00163,1226,241,2025-09-24 08:18:52,PREPARING,573.99,QB045,204,COD
O00164,5384,437,2025-08-17 12:46:41,CANCELLED,1303.08,QB025,489,PREPAID
O00165,7995,447,2025-08-25 09:19:07,DELIVERED,150.26,QB005,121,PREPAID
O00166,3728,383,2025-10-21 04:18:40,PLACED,707.56,QB007,390,COD
O00167,7270,86,2025-10-04 03:24:12,CANCELLED,519.25,QB002,24,PREPAID
O00168,920,151,2025-10-11 22:37:41,PREPARING,624.78,QB010,126,PREPAID
O00169,9273,350,2025-08-03 08:06:35,CONFIRMED,337.98,QB006,313,PREPAID
O00170,3946,255,2025-08-26 01:25:12,DELIVERED,300.36,QB030,327,PREPAID
O00171,7530,131,2025-09-02 15:43:00,CANCELLED,113.16,,239,PREPAID
O00172,8956,81,2025-08-15 02:12:12,PLACED,718.42,QB023,301,PREPAID
O00173,6952,354,2025-08-08 00:29:51,PREPARING,739.57,QB020,102,PREPAID
O00174,7917,55,2025-08-28 20:08:49,CONFIRMED,633.91,QB023,295,PREPAID
O00175,4838,12,2025-08-08 11:41:08,CANCELLED,654.13,QB001,290,COD
O00176,9936,382,2025-09-05 14:07:53,OUT_FOR_DELIVERY,1265.97,QB019,398,COD
O00177,9947,411,2025-10-01 00:07:13,PREPARING,406.61,QB013,318,PREPAID
O00178,2241,322,2025-10-23 21:12:58,PLACED,1364.77,QB042,21,PREPAID
O00179,7223,18,2025-10-03 02:24:08,DELIVERED,610.81,QB009,47,PREPAID
O00180,5353,383,2025-09-27 14:28:37,OUT_FOR_DELIVERY,345.9,QB009,403,PREPAID
O00181,8698,257,2025-10-15 09:05:32,PREPARING,1262.66,QB017,468,PREPAID
O00182,4836,383,2025-09-07 16:48:53,PREPARING,1225.93,QB030,494,COD
O00183,2307,387,2025-10-16 03:28:23,CONFIRMED,1304.2,QB047,346,PREPAID
O00184,9132,188,2025-09-27 02:02:28,PLACED,1206.95,QB001,136,COD
O00185,7452,189,2025-08-26 04:15:26,CANCELLED,1148.62,QB017,300,PREPAID
O00186,6087,56,2025-10-27 07:53:57,CANCELLED,427.35,QB002,318,PREPAID
O00187,9996,114,2025-08-30 20:01:17,CANCELLED,188.5,,238,PREPAID
O00188,6690,60,2025-09-13 23:01:36,CONFIRMED,163.49,QB003,156,PREPAID
O00189,1903,50,2025-08-16 15:38:04,CONFIRMED,1342.16,QB009,199,PREPAID
O00190,6079,344,2025-08-30 05:06:36,CANCELLED,1075.08,QB035,215,COD
O00191,6798,336,2025-09-21 09:35:25,PLACED,1267.17,QB040,209,PREPAID
O00192,537,354,2025-08-09 00:32:45,PREPARING,404.18,QB029,487,COD
O00193,5943,51,2025-09-28 18:48:45,CANCELLED,614.27,QB042,184,COD
O00194,6524,142,2025-09-09 17:12:31,CONFIRMED,1455.49,,233,COD
O00195,3476,329,2025-09-10 10:01:20,CANCELLED,936.0,QB002,26,PREPAID
O00196,3991,65,2025-09-25 10:47:37,DELIVERED,387.29,QB049,284,COD
O00197,9608,111,2025-09-25 12:25:14,CONFIRMED,559.98,QB010,404,COD
O00198,4543,440,2025-10-03 16:42:07,CONFIRMED,1482.54,QB035,129,COD
O00199,1802,339,2025-10-22 22:48:38,PLACED,284.52,QB023,405,COD
O00200,9648,166,2025-08-21 01:39:39,PLACED,343.94,QB004,65,PREPAID
O00201,8620,59,2025-08-06 12:10:01,CANCELLED,188.98,QB029,399,PREPAID
O00202,8409,304,2025-08-06 21:20:32,PLACED,732.81,QB015,485,COD
O00203,8544,155,2025-09-21 00:44:40,OUT_FOR_DELIVERY,1000.68,QB002,32,PREPAID
O00204,6581,219,2025-10-23 14:22:35,CANCELLED,251.15,QB046,466,PREPAID
O00205,1205,461,2025-10-24 13:53:58,PLACED,550.96,QB010,34,COD
O00206,4506,320,2025-10-20 23:17:05,CANCELLED,919.51,QB046,167,PREPAID
O00207,9788,272,2025-10-26 12:16:44,PREPARING,735.2,QB039,221,COD
O00208,1875,437,2025-08-05 11:03:05,CANCELLED,1011.28,QB050,283,COD
O00209,7047,232,2025-10-02 18:43:59,CONFIRMED,679.34,,233,PREPAID
O00210,6816,374,2025-09-12 14:30:55,PLACED,537.57,QB021,341,PREPAID
O00211,6133,489,2025-10-27 22:30:31,CONFIRMED,1061.55,QB031,35,COD
O00212,1399,48,2025-08-08 13:13:06,OUT_FOR_DELIVERY,235.19,QB048,191,COD
O00213,9116,31,2025-10-04 01:02:35,DELIVERED,1439.27,QB036,169,COD
O00214,6731,182,2025-08-11 07:44:54,CANCELLED,1417.58,QB028,445,COD
O00215,4713,308,2025-10-16 16:35:45,PREPARING,592.3,QB037,260,COD
O00216,2536,337,2025-09-10 09:05:54,OUT_FOR_DELIVERY,413.94,QB007,180,PREPAID
O00217,1883,391,2025-10-17 20:17:34,PREPARING,903.74,,220,COD
O00218,9978,476,2025-10-07 10:41:28,CANCELLED,1261.25,QB018,15,COD
O00219,4478,360,2025-09-19 07:03:57,PREPARING,1390.15,QB023,4,COD
O00220,2348,290,2025-08-08 04:17:23,CANCELLED,661.1,QB010,380,COD
O00221,1504,383,2025-10-26 13:20:20,DELIVERED,401.19,QB027,233,PREPAID
O00222,2579,190,2025-10-10 04:54:38,PREPARING,1110.23,QB050,483,COD
O00223,862,80,2025-09-17 08:37:51,CONFIRMED,1156.21,QB004,346,COD
O00224,4459,227,2025-10-04 05:07:20,CANCELLED,693.62,QB039,227,PREPAID
O00225,4476,111,2025-09-28 00:18:20,DELIVERED,259.34,QB028,57,PREPAID
O00226,9718,250,2025-10-24 17:04:02,DELIVERED,1033.99,QB003,113,PREPAID
O00227,9820,29,2025-09-02 22:37:23,PLACED,386.19,QB014,393,COD
O00228,4187,149,2025-10-12 13:49:00,PREPARING,267.98,QB032,383,PREPAID
O00229,2879,67,2025-10-11 14:26:40,OUT_FOR_DELIVERY,845.62,QB015,257,PREPAID
O00230,1181,204,2025-10-29 10:04:16,CANCELLED,159.22,QB002,236,COD
O00231,5130,295,2025-08-14 13:49:56,OUT_FOR_DELIVERY,902.76,QB046,328,PREPAID
O00232,4744,59,2025-09-12 12:25:17,OUT_FOR_DELIVERY,129.2,QB021,88,PREPAID
O00233,5929,46,2025-09-27 07:14:19,OUT_FOR_DELIVERY,1282.28,QB016,224,PREPAID
O00234,8585,41,2025-08-27 18:53:38,OUT_FOR_DELIVERY,1318.73,QB048,174,COD
O00235,5457,399,2025-10-24 06:55:57,CONFIRMED,206.93,QB041,59,COD
O00236,5725,180,2025-09-04 03:44:51,CANCELLED,1441.51,QB042,418,COD
O00237,3872,53,2025-08-06 01:46:26,CONFIRMED,458.36,QB012,309,COD
O00238,1235,91,2025-09-20 11:44:23,CANCELLED,791.76,QB049,289,PREPAID
O00239,9249,330,2025-08-04 21:07:38,CANCELLED,1481.14,QB021,443,PREPAID
O00240,2474,226,2025-09-09 21:25:20,PLACED,756.49,QB041,156,PREPAID
O00241,9690,29,2025-10-03 19:54:11,PREPARING,810.27,QB020,237,PREPAID
O00242,617,30,2025-10-31 08:08:41,PREPARING,1264.38,QB005,331,COD
O00243,9734,260,2025-08-31 18:35:44,OUT_FOR_DELIVERY,747.8,QB036,489,COD
O00244,7369,466,2025-09-20 16:47:34,DELIVERED,1012.57,QB021,310,PREPAID
O00245,8215,78,2025-08-20 18:12:07,PLACED,730.73,,461,PREPAID
O00246,1382,259,2025-08-13 20:30:06,CANCELLED,341.58,QB016,363,PREPAID
O00247,7200,269,2025-08-31 08:13:03,DELIVERED,953.73,QB024,191,PREPAID
O00248,6348,210,2025-08-13 01:14:25,PREPARING,1050.46,QB004,405,PREPAID
O00249,1080,169,2025-08-16 22:34:12,PLACED,881.15,QB025,146,PREPAID
O00250,9875,448,2025-09-18 20:20:11,CONFIRMED,566.71,QB038,340,COD
O00251,5732,159,2025-08-19 01:58:13,CANCELLED,1077.87,QB026,67,COD
O00252,5073,287,2025-08-03 05:45:33,OUT_FOR_DELIVERY,1000.89,QB022,417,COD
O00253,8625,48,2025-09-30 08:28:25,CANCELLED,1038.64,QB033,186,COD
O00254,5941,159,2025-08-17 21:54:26,CONFIRMED,1431.64,QB022,486,PREPAID
O00255,3146,116,2025-09-05 05:45:05,CONFIRMED,316.92,QB019,433,COD
O00256,8318,395,2025-09-06 07:52:22,DELIVERED,1269.17,QB034,20,PREPAID
O00257,2148,306,2025-08-16 18:49:55,OUT_FOR_DELIVERY,315.95,QB012,426,COD
O00258,7171,23,2025-09-02 09:45:10,OUT_FOR_DELIVERY,610.02,QB047,122,PREPAID
O00259,4669,386,2025-10-10 16:51:33,CANCELLED,1197.32,QB015,274,COD
O00260,5071,495,2025-09-29 12:14:48,OUT_FOR_DELIVERY,1365.56,QB013,189,PREPAID
O00261,7565,394,2025-10-19 18:53:24,PREPARING,1189.37,QB033,271,PREPAID
O00262,2656,419,2025-10-30 21:50:02,CONFIRMED,1221.76,QB009,447,PREPAID
O00263,855,329,2025-10-01 01:00:17,OUT_FOR_DELIVERY,1323.76,QB036,479,COD
O00264,8453,436,2025-08-24 01:50:20,PLACED,499.09,QB049,83,PREPAID
O00265,7362,464,2025-10-25 00:02:22,DELIVERED,306.29,QB028,47,COD
O00266,7392,453,2025-10-13 11:22:14,PREPARING,1402.66,QB027,28,PREPAID
O00267,8225,192,2025-09-17 13:01:24,CONFIRMED,640.63,QB006,192,COD
O00268,462,164,2025-10-14 03:00:10,PLACED,1274.85,QB042,172,COD
O00269,2255,20,2025-09-26 10:31:42,PREPARING,1384.35,QB031,357,COD
O00270,7686,230,2025-09-28 20:02:52,DELIVERED,107.35,QB006,10,PREPAID
O00271,3534,428,2025-08-08 21:23:44,CONFIRMED,868.33,QB047,312,PREPAID
O00272,1822,398,2025-10-13 11:05:40,PREPARING,432.7,QB008,25,COD
O00273,6879,328,2025-08-19 03:59:02,DELIVERED,739.96,QB008,429,PREPAID
O00274,9777,275,2025-08-20 08:08:58,PLACED,984.74,QB037,124,COD
O00275,4773,220,2025-09-11 10:27:02,PLACED,960.73,QB016,293,PREPAID
O00276,3069,341,2025-09-29 08:58:46,CANCELLED,219.86,QB024,35,COD
O00277,6398,448,2025-10-18 11:57:03,OUT_FOR_DELIVERY,160.95,QB025,192,PREPAID
O00278,267,183,2025-08-03 15:01:02,PLACED,582.72,QB047,337,COD
O00279,9534,377,2025-10-18 21:13:50,PREPARING,286.77,QB023,280,PREPAID
O00280,2869,426,2025-10-04 18:51:47,CANCELLED,750.47,QB045,246,COD
O00281,2210,33,2025-10-20 16:47:33,CANCELLED,1186.67,QB030,19,PREPAID
O00282,3303,23,2025-10-05 21:23:26,CONFIRMED,1340.11,QB021,478,PREPAID
O00283,8445,204,2025-08-14 03:04:31,DELIVERED,762.76,QB003,386,COD
O00284,4688,183,2025-09-08 00:47:38,PLACED,1312.12,QB022,140,COD
O00285,6030,224,2025-10-30 11:55:27,OUT_FOR_DELIVERY,1140.63,QB025,174,COD
O00286,8130,355,2025-09-18 03:06:47,OUT_FOR_DELIVERY,614.29,,266,PREPAID
O00287,1354,373,2025-10-11 16:24:04,OUT_FOR_DELIVERY,210.5,QB039,422,COD
O00288,8938,151,2025-08-13 17:46:24,PREPARING,243.64,QB021,339,PREPAID
O00289,5022,229,2025-10-20 19:04:27,DELIVERED,1104.73,QB011,354,PREPAID
O00290,5760,229,2025-08-08 20:43:34,PLACED,1117.54,QB023,315,PREPAID
O00291,4499,328,2025-10-18 00:26:08,PLACED,205.06,QB041,208,PREPAID
O00292,8407,411,2025-08-04 05:59:52,CANCELLED,1051.17,QB002,74,PREPAID
O00293,571,65,2025-10-09 09:43:31,PLACED,430.39,QB042,188,PREPAID
O00294,6273,487,2025-08-02 23:54:55,DELIVERED,145.34,QB010,348,PREPAID
O00295,6078,191,2025-08-25 10:11:19,OUT_FOR_DELIVERY,1168.32,QB037,71,PREPAID
O00296,6522,161,2025-08-12 06:45:14,CANCELLED,490.17,QB008,14,COD
O00297,8177,266,2025-08-17 14:28:22,OUT_FOR_DELIVERY,1378.96,QB008,135,PREPAID
O00298,7312,110,2025-10-07 15:15:12,DELIVERED,499.81,QB032,103,COD
O00299,2224,437,2025-08-30 01:12:57,PLACED,732.86,QB046,228,COD
O00300,5237,342,2025-08-16 10:41:12,PREPARING,1093.36,QB036,278,PREPAID
O00301,4915,436,2025-08-16 05:44:08,CONFIRMED,1096.53,QB045,327,COD
O00302,5923,261,2025-10-10 05:52:27,CONFIRMED,269.91,QB013,406,COD
O00303,3879,405,2025-08-24 02:18:26,OUT_FOR_DELIVERY,136.8,QB036,294,PREPAID
O00304,7658,412,2025-08-21 05:04:19,DELIVERED,281.68,QB006,34,PREPAID
O00305,6524,368,2025-09-29 23:40:38,CANCELLED,770.13,QB027,394,PREPAID
O00306,9420,38,2025-08-03 05:33:04,CONFIRMED,1461.33,QB042,38,PREPAID
O00307,7633,349,2025-10-06 09:00:26,DELIVERED,582.32,QB050,283,COD
O00308,2115,222,2025-09-28 23:29:29,DELIVERED,1375.0,QB004,426,COD
O00309,8489,79,2025-10-17 19:45:13,PREPARING,330.52,QB021,479,COD
O00310,5670,486,2025-08-14 09:36:24,DELIVERED,1352.9,QB006,129,COD
O00311,9025,141,2025-08-31 00:10:41,CONFIRMED,975.03,QB040,274,COD
O00312,8235,329,2025-08-27 20:58:12,CONFIRMED,928.53,QB038,79,COD
O00313,9915,173,2025-10-17 19:26:11,DELIVERED,157.67,QB002,42,COD
O00314,9450,136,2025-10-01 10:39:09,CANCELLED,395.13,QB037,214,COD
O00315,8160,456,2025-10-06 16:11:26,CANCELLED,863.81,QB042,490,PREPAID
O00316,7913,126,2025-10-21 20:34:17,CANCELLED,668.53,QB030,38,COD
O00317,2590,226,2025-08-22 07:03:20,OUT_FOR_DELIVERY,777.95,QB014,175,COD
O00318,5122,442,2025-10-29 02:52:07,CANCELLED,547.04,QB023,500,PREPAID
O00319,2143,390,2025-10-08 03:57:34,PREPARING,820.97,QB007,164,COD
O00320,7643,63,2025-10-06 03:14:08,PREPARING,729.43,QB010,50,COD
O00321,4755,485,2025-10-15 08:28:55,OUT_FOR_DELIVERY,1309.83,QB027,128,COD
O00322,5365,479,2025-09-20 23:19:20,DELIVERED,1109.58,QB013,391,COD
O00323,8164,264,2025-08-29 10:36:45,OUT_FOR_DELIVERY,798.26,QB020,255,COD
O00324,1476,484,2025-09-27 17:36:01,OUT_FOR_DELIVERY,807.62,QB016,111,PREPAID
O00325,798,26,2025-09-13 21:12:16,PREPARING,792.85,QB042,345,PREPAID
O00326,4682,275,2025-08-23 05:04:09,PLACED,1286.04,QB028,69,PREPAID
O00327,5993,392,2025-08-16 14:57:11,OUT_FOR_DELIVERY,612.31,QB026,27,COD
O00328,5940,284,2025-10-08 12:20:12,PREPARING,202.94,QB033,231,PREPAID
O00329,1947,66,2025-10-06 10:41:43,PLACED,651.47,,174,PREPAID
O00330,2364,102,2025-10-15 01:57:03,DELIVERED,812.77,QB033,21,COD
O00331,638,71,2025-10-28 08:36:58,CANCELLED,566.26,QB031,266,PREPAID
O00332,2441,311,2025-10-30 11:15:30,DELIVERED,295.69,QB040,164,COD
O00333,6439,316,2025-10-07 03:55:32,CANCELLED,1279.64,QB038,173,PREPAID
O00334,9223,154,2025-10-14 16:41:29,OUT_FOR_DELIVERY,1242.05,QB024,170,COD
O00335,6825,299,2025-08-26 16:13:22,PREPARING,1215.46,QB047,447,COD
O00336,9780,243,2025-08-12 11:57:36,PREPARING,1453.9,,498,COD
O00337,842,299,2025-09-02 06:02:55,OUT_FOR_DELIVERY,338.72,QB041,370,PREPAID
O00338,2422,421,2025-08-05 21:52:34,CANCELLED,439.08,QB037,486,COD
O00339,3126,10,2025-08-23 04:09:04,OUT_FOR_DELIVERY,539.17,QB010,212,COD
O00340,6724,257,2025-10-17 17:09:31,DELIVERED,1388.73,QB048,373,COD
O00341,2263,266,2025-08-15 17:19:09,CONFIRMED,885.24,QB043,245,PREPAID
O00342,5141,490,2025-09-21 02:59:40,CONFIRMED,743.53,QB035,176,PREPAID
O00343,4332,313,2025-09-17 04:08:18,OUT_FOR_DELIVERY,369.17,QB016,143,PREPAID
O00344,3685,483,2025-09-11 19:19:16,PREPARING,1179.64,QB046,107,PREPAID
O00345,5195,246,2025-09-24 18:05:52,PREPARING,884.68,,370,PREPAID
O00346,4716,63,2025-10-14 13:16:52,DELIVERED,1047.27,QB025,459,PREPAID
O00347,5655,489,2025-10-21 08:34:33,CONFIRMED,506.63,QB019,490,COD
O00348,5675,474,2025-08-12 21:05:27,OUT_FOR_DELIVERY,1018.36,QB048,246,COD
O00349,3311,424,2025-10-26 09:31:04,DELIVERED,479.59,QB036,357,PREPAID
O00350,2250,56,2025-09-13 02:56:57,DELIVERED,1137.25,QB016,125,COD
O00351,8701,116,2025-09-11 11:57:44,CANCELLED,425.97,QB007,212,PREPAID
O00352,7740,52,2025-10-15 09:57:06,CANCELLED,1179.07,QB001,494,COD
O00353,6667,335,2025-10-19 10:22:20,OUT_FOR_DELIVERY,768.43,QB013,388,PREPAID
O00354,5263,147,2025-08-20 06:55:05,CANCELLED,182.83,QB050,46,COD
O00355,8768,379,2025-08-12 14:04:03,CANCELLED,1290.47,QB003,468,COD
O00356,6847,452,2025-09-10 00:52:19,CONFIRMED,1407.49,QB003,429,PREPAID
O00357,8117,96,2025-08-02 14:01:21,CANCELLED,1446.98,QB019,449,COD
O00358,152,153,2025-08-06 08:37:16,DELIVERED,943.9,QB022,146,PREPAID
O00359,8902,269,2025-09-02 23:50:22,OUT_FOR_DELIVERY,1344.96,QB009,436,PREPAID
O00360,4471,99,2025-08-17 20:34:20,PLACED,562.96,QB047,235,PREPAID
O00361,3051,8,2025-09-26 00:41:56,CANCELLED,571.96,QB019,291,COD
O00362,2876,313,2025-10-22 07:32:16,CANCELLED,1355.86,,219,PREPAID
O00363,1422,206,2025-09-27 18:31:51,CANCELLED,233.54,QB009,245,PREPAID
O00364,4065,4,2025-09-05 23:13:12,PREPARING,637.0,QB029,386,PREPAID
O00365,5401,155,2025-10-13 21:34:54,DELIVERED,1112.04,QB001,134,PREPAID
O00366,3872,32,2025-08-10 02:44:04,CANCELLED,265.51,QB020,82,PREPAID
O00367,8234,473,2025-08-26 15:54:09,CANCELLED,1177.78,QB045,61,PREPAID
O00368,6022,315,2025-10-10 10:25:15,CONFIRMED,406.78,QB009,245,COD
O00369,7455,383,2025-08-23 20:07:58,DELIVERED,623.07,QB045,282,PREPAID
O00370,8807,411,2025-10-05 14:08:20,CANCELLED,1255.84,QB049,127,COD
O00371,8610,229,2025-10-28 15:34:26,DELIVERED,1085.27,QB005,470,COD
O00372,1012,425,2025-10-04 15:20:28,DELIVERED,1364.04,QB013,294,COD
O00373,2696,168,2025-09-16 11:07:50,DELIVERED,718.58,QB044,106,PREPAID
O00374,1490,461,2025-08-21 01:09:06,DELIVERED,723.68,QB004,233,COD
O00375,8410,213,2025-10-31 01:37:12,OUT_FOR_DELIVERY,889.48,QB036,237,PREPAID
O00376,357,203,2025-10-01 01:54:09,PREPARING,1243.03,QB048,112,COD
O00377,743,217,2025-10-17 14:39:10,PREPARING,1080.54,QB035,31,COD
O00378,7735,17,2025-09-13 12:51:45,PREPARING,672.41,QB050,70,PREPAID
O00379,6136,457,2025-10-16 09:55:21,OUT_FOR_DELIVERY,727.95,QB025,193,COD
O00380,8836,69,2025-09-17 08:13:09,CANCELLED,1304.4,QB008,92,PREPAID
O00381,8665,66,2025-08-28 12:49:50,CANCELLED,1470.21,QB001,388,COD
O00382,4889,238,2025-10-01 05:22:54,CANCELLED,1106.73,QB028,273,PREPAID
O00383,3763,127,2025-09-23 22:51:47,OUT_FOR_DELIVERY,584.62,QB018,97,COD
O00384,528,415,2025-08-17 08:17:40,CANCELLED,686.94,QB050,480,COD
O00385,3944,106,2025-08-31 10:59:04,PLACED,241.26,QB003,229,COD
O00386,4010,380,2025-08-27 11:11:48,PLACED,663.17,QB015,277,COD
O00387,925,72,2025-09-14 12:52:02,DELIVERED,1490.88,QB015,418,PREPAID
O00388,9462,307,2025-09-27 05:34:36,CANCELLED,1245.74,QB016,155,COD
O00389,8541,114,2025-08-06 18:40:40,OUT_FOR_DELIVERY,520.7,QB004,286,COD
O00390,7000,285,2025-09-11 02:59:34,OUT_FOR_DELIVERY,165.64,QB023,483,PREPAID
O00391,8593,164,2025-10-22 01:22:42,CANCELLED,682.85,QB010,154,PREPAID
O00392,3013,387,2025-09-05 09:23:58,DELIVERED,762.93,QB015,154,COD
O00393,7587,469,2025-10-20 02:30:57,PLACED,887.34,QB027,286,COD
O00394,6364,125,2025-09-29 16:50:47,PREPARING,384.67,QB042,41,PREPAID
O00395,6080,48,2025-08-04 20:22:36,DELIVERED,1114.42,QB013,27,PREPAID
O00396,6180,345,2025-08-18 23:30:41,DELIVERED,944.09,QB005,97,COD
O00397,7855,107,2025-08-31 21:18:58,PREPARING,524.46,QB001,109,COD
O00398,1923,383,2025-09-11 11:46:12,OUT_FOR_DELIVERY,1380.22,QB045,310,COD
O00399,6499,469,2025-09-19 19:32:29,CONFIRMED,872.91,QB050,145,PREPAID
O00400,7640,274,2025-09-06 10:57:38,CANCELLED,602.96,QB017,185,PREPAID
O00401,7636,51,2025-10-26 21:09:36,CANCELLED,757.29,QB021,469,COD
O00402,6074,161,2025-10-26 08:26:47,OUT_FOR_DELIVERY,164.0,QB015,380,COD
O00403,266,134,2025-09-26 18:49:44,DELIVERED,1408.66,QB038,369,PREPAID
O00404,4837,79,2025-10-01 23:40:33,CONFIRMED,561.81,QB025,292,COD
O00405,8181,282,2025-09-09 07:31:01,CANCELLED,1420.85,QB022,132,PREPAID
O00406,8038,236,2025-09-09 11:34:25,CONFIRMED,1125.88,QB023,87,COD
O00407,8955,251,2025-08-26 17:36:48,CONFIRMED,1383.66,QB035,329,COD
O00408,8585,18,2025-08-20 22:57:34,PLACED,1423.26,QB043,25,COD
O00409,6757,71,2025-09-30 23:10:19,CANCELLED,424.01,QB046,78,COD
O00410,3584,259,2025-10-21 05:57:07,OUT_FOR_DELIVERY,622.48,QB040,327,PREPAID
O00411,7994,9,2025-09-18 23:46:20,PLACED,845.1,QB027,7,COD
O00412,8674,370,2025-09-16 15:21:08,PREPARING,850.03,QB019,9,PREPAID
O00413,2938,55,2025-09-29 12:18:28,PLACED,834.14,QB016,99,PREPAID
O00414,5808,137,2025-10-29 13:33:27,OUT_FOR_DELIVERY,210.63,QB026,236,COD
O00415,3701,154,2025-09-23 22:38:05,CANCELLED,1259.29,QB006,335,COD
O00416,1532,208,2025-09-26 18:44:15,OUT_FOR_DELIVERY,628.04,QB031,29,COD
O00417,2808,43,2025-09-30 15:36:13,OUT_FOR_DELIVERY,1283.46,QB042,402,PREPAID
O00418,9271,440,2025-08-18 09:53:24,PLACED,1352.71,QB003,118,COD
O00419,9287,244,2025-09-29 21:10:41,PREPARING,165.19,QB005,351,PREPAID
O00420,8898,289,2025-08-26 20:01:45,CANCELLED,146.06,QB021,9,COD
O00421,9618,74,2025-08-18 17:51:57,CANCELLED,1249.26,QB005,154,COD
O00422,9240,124,2025-08-23 17:21:59,DELIVERED,1268.51,QB025,347,PREPAID
O00423,6289,387,2025-08-05 04:08:21,CANCELLED,295.93,QB045,371,COD
O00424,8205,382,2025-10-02 10:33:46,PREPARING,175.18,QB028,119,COD
O00425,5581,310,2025-08-18 21:30:28,DELIVERED,1436.8,QB026,497,PREPAID
O00426,486,325,2025-08-30 14:47:10,PREPARING,1196.97,QB029,252,COD
O00427,5830,284,2025-09-08 21:30:34,OUT_FOR_DELIVERY,704.59,QB044,300,PREPAID
O00428,1405,396,2025-10-10 10:11:22,DELIVERED,513.53,QB016,366,COD
O00429,1345,138,2025-08-12 03:50:23,CONFIRMED,632.0,,325,COD
O00430,6384,163,2025-09-07 06:54:15,PREPARING,249.17,QB001,483,PREPAID
O00431,7287,185,2025-09-12 15:25:15,PREPARING,243.12,QB006,96,PREPAID
O00432,7354,286,2025-08-05 02:25:11,DELIVERED,817.42,QB007,14,COD
O00433,5799,284,2025-09-17 13:26:07,PLACED,935.69,,167,PREPAID
O00434,203,150,2025-08-23 14:04:27,OUT_FOR_DELIVERY,642.92,QB006,372,COD
O00435,9371,267,2025-08-04 03:29:13,CONFIRMED,1059.44,QB011,72,PREPAID
O00436,4934,138,2025-08-10 14:59:01,OUT_FOR_DELIVERY,304.31,QB011,223,PREPAID
O00437,6900,154,2025-10-30 12:21:19,OUT_FOR_DELIVERY,1195.73,QB024,129,COD
O00438,8124,305,2025-08-29 09:10:44,DELIVERED,373.77,QB007,70,PREPAID
O00439,111,486,2025-08-15 16:57:08,OUT_FOR_DELIVERY,565.1,QB040,195,PREPAID
O00440,7213,172,2025-09-11 07:58:55,OUT_FOR_DELIVERY,1241.67,QB042,499,COD
O00441,4923,165,2025-09-02 05:52:27,DELIVERED,1426.19,QB013,246,PREPAID
O00442,2911,494,2025-10-04 23:13:12,OUT_FOR_DELIVERY,1456.22,QB019,377,PREPAID
O00443,9436,401,2025-10-20 04:00:52,CONFIRMED,556.24,QB018,419,PREPAID
O00444,5981,59,2025-08-31 22:13:21,DELIVERED,379.72,QB035,93,COD
O00445,7564,483,2025-08-27 15:40:14,CANCELLED,393.51,,150,COD
O00446,6704,345,2025-10-25 09:19:29,OUT_FOR_DELIVERY,294.85,QB020,124,PREPAID
O00447,2526,367,2025-09-03 08:01:26,OUT_FOR_DELIVERY,1204.71,QB005,230,PREPAID
O00448,9540,206,2025-08-04 19:14:20,DELIVERED,809.26,QB045,215,COD
O00449,5891,360,2025-08-23 18:05:02,DELIVERED,931.35,QB006,56,COD
O00450,5817,86,2025-08-22 06:34:30,CANCELLED,957.75,QB037,331,PREPAID
O00451,5433,495,2025-08-16 21:45:20,OUT_FOR_DELIVERY,248.32,QB007,133,COD
O00452,8367,383,2025-09-23 09:46:07,DELIVERED,881.19,QB045,295,COD
O00453,7304,192,2025-09-22 17:41:38,OUT_FOR_DELIVERY,748.29,QB044,302,COD
O00454,5652,13,2025-10-15 04:37:08,OUT_FOR_DELIVERY,246.37,QB027,472,COD
O00455,1902,426,2025-08-04 17:00:55,CANCELLED,298.35,QB020,176,PREPAID
O00456,3390,267,2025-10-04 09:42:09,OUT_FOR_DELIVERY,587.62,QB007,225,PREPAID
O00457,5226,35,2025-08-26 03:21:16,PREPARING,162.56,QB046,59,COD
O00458,5621,332,2025-08-06 08:12:38,PLACED,1048.0,QB011,477,COD
O00459,8455,90,2025-10-11 07:35:09,DELIVERED,324.19,QB036,219,PREPAID
O00460,3799,409,2025-08-06 11:34:05,OUT_FOR_DELIVERY,981.66,QB012,328,PREPAID
O00461,6482,15,2025-08-14 18:06:45,CANCELLED,959.75,QB013,231,PREPAID
O00462,6371,3,2025-10-10 21:10:58,CANCELLED,400.71,QB018,386,COD
O00463,9460,53,2025-08-03 08:11:50,DELIVERED,361.74,QB021,101,PREPAID
O00464,1868,135,2025-08-18 14:51:52,CANCELLED,1307.69,QB034,495,PREPAID
O00465,9781,199,2025-08-04 15:15:48,DELIVERED,649.56,QB008,179,PREPAID
O00466,7502,317,2025-10-17 19:40:29,CONFIRMED,1239.23,QB046,410,PREPAID
O00467,9670,44,2025-09-05 16:26:56,CANCELLED,287.53,QB008,123,PREPAID
O00468,1917,94,2025-09-03 08:48:25,PREPARING,1070.81,QB033,199,PREPAID
O00469,9772,71,2025-10-29 06:44:59,DELIVERED,637.19,QB012,250,COD
O00470,9092,86,2025-10-20 15:13:47,OUT_FOR_DELIVERY,504.37,QB012,162,PREPAID
O00471,879,444,2025-09-05 09:44:54,PREPARING,1432.58,QB032,70,COD
O00472,6291,494,2025-10-20 18:06:06,DELIVERED,807.61,QB032,210,PREPAID
O00473,6810,364,2025-09-23 22:55:25,OUT_FOR_DELIVERY,784.18,QB006,290,COD
O00474,3614,150,2025-08-06 05:35:38,PLACED,484.79,QB035,148,COD
O00475,7493,290,2025-08-16 21:28:14,CANCELLED,1181.57,QB032,282,COD
O00476,9384,59,2025-08-24 10:30:42,PREPARING,1185.16,,188,COD
O00477,7232,280,2025-08-12 19:52:50,CONFIRMED,1485.69,QB007,377,COD
O00478,4878,448,2025-09-24 23:54:19,PLACED,729.63,QB023,442,COD
O00479,7194,444,2025-08-24 17:45:32,PLACED,1185.88,QB016,108,PREPAID
O00480,9999,324,2025-09-04 15:48:06,OUT_FOR_DELIVERY,332.37,QB009,402,COD
O00481,3391,413,2025-08-06 12:35:01,PLACED,898.1,QB035,144,COD
O00482,5303,361,2025-09-06 06:35:01,PREPARING,505.07,QB018,488,COD
O00483,2222,493,2025-10-19 07:21:38,OUT_FOR_DELIVERY,1386.28,QB018,444,COD
O00484,2175,128,2025-09-20 13:24:14,CONFIRMED,1095.95,QB016,390,PREPAID
O00485,8020,73,2025-09-15 20:42:05,DELIVERED,985.36,QB041,213,PREPAID
O00486,7406,39,2025-08-17 01:32:20,CANCELLED,1212.44,QB050,48,PREPAID
O00487,8448,384,2025-08-10 21:25:44,PREPARING,1072.59,QB024,233,PREPAID
O00488,5363,298,2025-10-24 17:45:28,PLACED,1316.47,QB047,48,PREPAID
O00489,5870,436,2025-10-22 22:14:27,PLACED,1213.95,QB026,112,PREPAID
O00490,3471,254,2025-10-03 07:48:02,PREPARING,552.01,QB019,173,COD
O00491,9276,437,2025-08-05 09:54:26,OUT_FOR_DELIVERY,1203.63,QB044,391,COD
O00492,753,51,2025-09-06 22:52:47,CANCELLED,1197.45,QB030,9,COD
O00493,2589,226,2025-08-03 23:17:38,OUT_FOR_DELIVERY,100.95,QB028,104,COD
O00494,4946,82,2025-08-10 18:59:48,PREPARING,230.68,QB024,129,COD
O00495,6093,341,2025-09-19 16:59:15,CANCELLED,331.74,QB026,321,PREPAID
O00496,3837,220,2025-09-23 15:31:41,CANCELLED,227.68,QB007,1,COD
O00497,7813,40,2025-09-26 15:21:19,CONFIRMED,931.15,QB034,349,PREPAID
O00498,153,5,2025-10-13 01:33:21,CANCELLED,581.0,QB008,441,PREPAID
O00499,2166,245,2025-10-11 15:41:05,PLACED,420.53,QB006,375,COD
O00500,1691,161,2025-08-29 11:16:56,PREPARING,1333.38,QB009,196,COD
O00501,2341,36,2025-10-24 09:41:23,DELIVERED,888.61,QB040,333,COD
O00502,7211,180,2025-08-07 04:20:47,CANCELLED,398.28,QB048,78,PREPAID
O00503,7249,441,2025-09-09 18:36:50,CONFIRMED,221.36,QB007,72,COD
O00504,9660,374,2025-08-10 22:14:04,OUT_FOR_DELIVERY,592.15,QB028,162,COD
O00505,4060,142,2025-09-22 05:43:25,CANCELLED,217.95,QB036,308,PREPAID
O00506,440,435,2025-09-27 11:52:24,CANCELLED,1326.16,QB014,266,COD
O00507,6419,152,2025-09-28 01:05:44,CANCELLED,176.4,,489,COD
O00508,8109,198,2025-10-08 00:12:15,PLACED,437.51,QB041,305,COD
O00509,8656,456,2025-09-08 07:57:48,PLACED,1481.64,QB021,68,PREPAID
O00510,9313,216,2025-09-21 23:46:21,PREPARING,864.9,QB012,391,PREPAID
O00511,1196,9,2025-08-17 02:41:55,DELIVERED,194.55,QB017,111,COD
O00512,991,486,2025-09-25 04:46:58,OUT_FOR_DELIVERY,809.25,QB041,365,PREPAID
O00513,6940,360,2025-09-09 03:04:43,OUT_FOR_DELIVERY,215.4,QB035,276,COD
O00514,4547,43,2025-08-04 09:28:28,PREPARING,210.63,QB014,499,COD
O00515,8789,168,2025-08-11 21:04:22,OUT_FOR_DELIVERY,921.01,QB049,428,COD
O00516,5082,358,2025-09-14 02:34:32,OUT_FOR_DELIVERY,1121.94,QB016,30,COD
O00517,1413,474,2025-10-11 03:02:05,OUT_FOR_DELIVERY,262.38,QB040,312,COD
O00518,5068,342,2025-10-31 00:38:00,CANCELLED,1021.27,QB012,62,COD
O00519,2249,360,2025-09-25 21:16:43,PLACED,329.37,QB023,268,PREPAID
O00520,2736,191,2025-09-07 19:57:42,CONFIRMED,1149.69,QB018,376,COD
O00521,481,172,2025-09-27 03:18:47,OUT_FOR_DELIVERY,480.77,QB005,135,COD
O00522,8129,234,2025-08-04 18:41:53,DELIVERED,604.17,QB032,440,COD
O00523,6025,81,2025-08-23 19:13:46,PREPARING,1182.66,QB037,346,COD
O00524,3743,380,2025-09-30 05:06:15,DELIVERED,103.6,QB001,126,COD
O00525,7730,187,2025-10-24 19:52:44,OUT_FOR_DELIVERY,1388.32,QB012,477,COD
O00526,9059,412,2025-10-18 13:25:48,CANCELLED,1136.93,QB027,115,PREPAID
O00527,4068,214,2025-09-16 06:35:48,CANCELLED,547.91,,40,PREPAID
O00528,1957,258,2025-08-02 15:27:21,CANCELLED,1362.72,QB012,115,COD
O00529,6569,36,2025-10-12 07:10:27,OUT_FOR_DELIVERY,1312.45,QB050,433,PREPAID
O00530,5363,45,2025-09-07 19:10:51,DELIVERED,739.44,QB024,103,PREPAID
O00531,9238,402,2025-08-07 18:09:48,PREPARING,1135.41,QB016,238,PREPAID
O00532,9695,498,2025-08-25 05:32:50,OUT_FOR_DELIVERY,1496.9,QB050,101,COD
O00533,2467,4,2025-08-19 19:11:53,OUT_FOR_DELIVERY,133.47,QB035,178,COD
O00534,5489,1,2025-09-16 19:10:04,CANCELLED,626.78,QB048,373,PREPAID
O00535,1704,106,2025-09-13 02:26:03,DELIVERED,1476.36,QB027,252,COD
O00536,2333,365,2025-10-31 08:13:37,PREPARING,230.24,QB015,460,PREPAID
O00537,6103,235,2025-08-27 00:22:33,CANCELLED,218.86,QB007,259,COD
O00538,6462,39,2025-09-05 15:32:53,DELIVERED,894.95,QB028,340,COD
O00539,3880,150,2025-08-22 04:27:55,PREPARING,1291.28,,202,PREPAID
O00540,5212,232,2025-09-08 07:07:11,PREPARING,427.06,QB013,70,COD
O00541,2547,55,2025-09-13 04:02:24,CONFIRMED,729.39,QB021,209,COD
O00542,8781,184,2025-08-12 11:23:34,CONFIRMED,732.68,QB030,136,COD
O00543,1482,81,2025-09-07 15:16:32,CANCELLED,525.9,QB046,357,COD
O00544,3523,428,2025-09-10 06:19:38,PREPARING,307.65,QB046,128,PREPAID
O00545,6493,263,2025-09-24 05:18:52,PLACED,1048.06,QB017,420,COD
O00546,510,488,2025-10-16 05:30:21,OUT_FOR_DELIVERY,1296.44,QB036,384,COD
O00547,1552,237,2025-10-03 03:26:38,PLACED,1225.46,QB009,63,COD
O00548,1011,426,2025-08-26 14:54:00,CONFIRMED,283.0,,206,PREPAID
O00549,1377,299,2025-09-22 17:11:19,DELIVERED,462.35,,39,COD
O00550,1057,102,2025-09-20 22:38:20,CANCELLED,720.8,QB009,48,PREPAID
O00551,2008,22,2025-08-04 07:17:07,OUT_FOR_DELIVERY,170.89,QB037,222,PREPAID
O00552,8129,16,2025-09-20 14:08:35,OUT_FOR_DELIVERY,1056.5,QB012,182,COD
O00553,3067,141,2025-08-28 05:18:16,PREPARING,724.42,QB010,18,COD
O00554,4836,256,2025-10-08 23:49:22,OUT_FOR_DELIVERY,1335.89,QB031,32,COD
O00555,4584,197,2025-08-20 00:07:29,CONFIRMED,686.93,QB042,453,COD
O00556,8908,407,2025-08-16 16:16:01,PLACED,1485.17,,366,PREPAID
O00557,7860,279,2025-10-11 01:22:03,OUT_FOR_DELIVERY,581.65,QB037,258,PREPAID
O00558,6364,139,2025-08-13 02:50:20,CONFIRMED,136.49,QB039,113,COD
O00559,4603,30,2025-08-04 21:30:30,OUT_FOR_DELIVERY,841.21,QB050,300,COD
O00560,2616,52,2025-08-15 21:41:12,CONFIRMED,1019.61,QB018,274,COD
O00561,3595,295,2025-09-13 09:38:38,OUT_FOR_DELIVERY,596.73,QB012,91,COD
O00562,9708,163,2025-09-11 04:23:18,CANCELLED,1076.68,QB038,15,PREPAID
O00563,9301,289,2025-10-18 17:01:58,CONFIRMED,888.35,QB013,429,PREPAID
O00564,8883,159,2025-09-12 15:59:43,CONFIRMED,786.61,QB006,29,COD
O00565,9858,113,2025-08-16 03:07:39,PLACED,837.03,QB001,170,COD
O00566,2138,175,2025-10-04 18:03:13,CANCELLED,348.44,,433,PREPAID
O00567,976,12,2025-10-08 09:49:59,CONFIRMED,921.25,QB010,397,COD
O00568,8623,441,2025-08-14 16:09:03,PREPARING,1444.78,QB024,361,PREPAID
O00569,9602,52,2025-10-24 02:38:39,PREPARING,522.47,QB009,500,COD
O00570,7158,406,2025-09-05 02:20:15,CANCELLED,1444.93,QB042,163,COD
O00571,9208,356,2025-10-25 20:52:43,DELIVERED,1201.79,QB015,341,COD
O00572,6200,158,2025-08-13 05:27:42,CANCELLED,1063.9,QB009,91,COD
O00573,9386,201,2025-10-23 08:07:57,DELIVERED,145.34,QB039,163,COD
O00574,9266,54,2025-10-30 17:20:21,OUT_FOR_DELIVERY,296.9,QB048,40,COD
O00575,5683,164,2025-08-22 22:50:46,CONFIRMED,990.66,QB006,421,PREPAID
O00576,7318,6,2025-08-21 05:58:00,PREPARING,393.56,QB045,35,PREPAID
O00577,4206,403,2025-10-15 03:08:47,PLACED,1108.58,QB004,198,PREPAID
O00578,6876,497,2025-08-22 17:16:39,CONFIRMED,1338.37,QB032,452,PREPAID
O00579,5755,280,2025-08-13 03:00:59,OUT_FOR_DELIVERY,242.0,QB031,404,COD
O00580,2665,232,2025-10-27 20:25:42,PLACED,1218.87,QB003,151,COD
O00581,5222,134,2025-09-27 13:32:14,PLACED,203.88,QB011,455,PREPAID
O00582,2637,375,2025-10-25 10:21:23,PLACED,865.86,QB006,174,PREPAID
O00583,508,221,2025-10-02 02:12:59,CANCELLED,331.0,QB028,81,COD
O00584,1660,170,2025-08-31 22:53:33,CONFIRMED,1464.16,QB027,357,PREPAID
O00585,4613,153,2025-10-29 14:58:03,CONFIRMED,234.28,QB026,293,PREPAID
O00586,2517,28,2025-10-19 18:22:02,PREPARING,105.34,QB006,151,PREPAID
O00587,3272,50,2025-08-11 03:33:10,PLACED,389.73,QB041,150,COD
O00588,7759,433,2025-10-27 08:02:52,PLACED,531.69,QB026,242,PREPAID
O00589,4342,47,2025-09-01 05:47:56,CANCELLED,861.78,QB012,190,PREPAID
O00590,6053,96,2025-08-10 17:23:18,OUT_FOR_DELIVERY,162.46,QB029,239,PREPAID
O00591,3707,429,2025-10-30 08:10:58,PREPARING,889.95,QB010,386,COD
O00592,1405,343,2025-09-23 10:47:08,PREPARING,1231.45,QB027,498,COD
O00593,9071,32,2025-09-08 16:34:36,OUT_FOR_DELIVERY,1245.77,QB027,495,PREPAID
O00594,9384,452,2025-10-16 11:29:08,CONFIRMED,766.77,QB006,203,COD
O00595,8227,293,2025-08-13 21:37:11,DELIVERED,1220.63,QB044,318,COD
O00596,1971,487,2025-10-29 14:14:13,OUT_FOR_DELIVERY,342.03,QB011,498,COD
O00597,3158,65,2025-09-02 22:32:59,PLACED,692.72,QB044,223,COD
O00598,2423,428,2025-08-27 01:21:03,DELIVERED,461.04,QB047,469,COD
O00599,1426,199,2025-08-16 18:28:07,DELIVERED,656.3,QB021,439,PREPAID
O00600,8515,235,2025-10-26 04:02:49,PLACED,1201.17,QB040,301,PREPAID
O00601,1844,213,2025-08-10 15:43:37,CONFIRMED,307.48,QB038,299,COD
O00602,1731,289,2025-10-08 22:52:42,PLACED,1200.04,QB035,451,PREPAID
O00603,6733,136,2025-10-04 08:12:10,OUT_FOR_DELIVERY,1016.7,QB037,312,PREPAID
O00604,614,89,2025-10-24 00:26:28,PREPARING,664.16,QB040,312,PREPAID
O00605,636,203,2025-09-30 17:44:10,PREPARING,1066.72,QB004,382,PREPAID
O00606,4401,460,2025-10-27 15:00:10,PREPARING,128.33,,407,PREPAID
O00607,5095,144,2025-09-27 09:13:39,OUT_FOR_DELIVERY,1301.53,QB044,51,COD
O00608,2202,154,2025-09-23 02:04:55,CANCELLED,720.35,,165,PREPAID
O00609,6829,310,2025-09-27 08:10:54,CANCELLED,225.0,QB029,109,PREPAID
O00610,7938,389,2025-09-19 01:54:12,DELIVERED,1314.06,,29,COD
O00611,1076,160,2025-08-08 19:22:21,CANCELLED,809.51,QB009,400,COD
O00612,2847,99,2025-08-17 10:27:53,CONFIRMED,1271.77,QB016,17,PREPAID
O00613,829,471,2025-08-30 14:49:15,PREPARING,1086.49,QB018,189,PREPAID
O00614,8276,204,2025-08-07 10:40:05,CANCELLED,1392.3,QB044,16,COD
O00615,6103,251,2025-10-01 21:10:09,DELIVERED,724.54,QB031,301,PREPAID
O00616,5641,84,2025-09-17 20:27:37,PREPARING,1148.55,QB045,47,PREPAID
O00617,450,198,2025-09-03 09:26:44,PLACED,328.07,QB037,400,COD
O00618,3627,332,2025-08-23 10:08:27,CONFIRMED,1048.77,QB018,334,PREPAID
O00619,8410,11,2025-10-06 02:57:18,CANCELLED,112.46,QB009,332,COD
O00620,9850,411,2025-08-04 03:09:52,PLACED,413.28,QB039,413,PREPAID
O00621,4512,217,2025-09-07 19:07:44,OUT_FOR_DELIVERY,1292.22,QB030,130,COD
O00622,7647,155,2025-08-22 07:40:18,CANCELLED,828.89,QB040,204,COD
O00623,121,262,2025-08-26 06:08:59,CANCELLED,1453.08,QB024,288,PREPAID
O00624,4891,351,2025-09-08 16:28:08,PLACED,774.43,QB022,142,PREPAID
O00625,4537,134,2025-08-09 07:46:56,CANCELLED,1095.53,QB042,153,COD
O00626,2457,265,2025-08-19 23:04:25,CONFIRMED,1359.56,,439,PREPAID
O00627,5237,349,2025-08-13 06:07:11,CONFIRMED,1109.8,QB042,255,PREPAID
O00628,4251,465,2025-08-13 19:22:59,OUT_FOR_DELIVERY,666.44,QB048,19,COD
O00629,5623,372,2025-09-25 12:50:51,CANCELLED,411.31,QB035,327,PREPAID
O00630,5874,260,2025-10-08 23:35:06,PREPARING,1283.59,QB043,449,COD
O00631,4814,50,2025-10-19 18:30:53,OUT_FOR_DELIVERY,279.12,QB017,372,COD
O00632,5500,336,2025-09-28 11:43:24,PLACED,411.15,QB015,382,PREPAID
O00633,6890,404,2025-10-29 06:58:21,PREPARING,620.36,QB038,151,PREPAID
O00634,1930,241,2025-10-23 17:56:22,PLACED,1312.95,QB038,298,COD
O00635,7737,456,2025-08-17 23:24:20,CONFIRMED,800.67,QB044,196,PREPAID
O00636,6769,28,2025-10-18 08:59:36,CONFIRMED,292.31,QB013,176,PREPAID
O00637,9330,458,2025-08-28 21:09:30,OUT_FOR_DELIVERY,300.51,QB046,93,COD
O00638,7989,171,2025-09-07 19:39:01,CANCELLED,1481.3,QB021,325,COD
O00639,78,232,2025-08-02 18:51:20,PREPARING,393.14,QB050,87,COD
O00640,8022,403,2025-09-08 04:58:11,PLACED,281.17,QB028,325,PREPAID
O00641,6610,220,2025-10-31 01:16:59,OUT_FOR_DELIVERY,636.64,QB003,274,COD
O00642,6113,487,2025-08-15 00:10:02,PLACED,1348.81,QB049,427,COD
O00643,294,347,2025-10-18 10:23:33,PLACED,977.36,QB016,116,PREPAID
O00644,5114,67,2025-09-02 04:21:19,PLACED,636.97,QB038,157,COD
O00645,1070,422,2025-09-25 02:41:38,PLACED,517.48,QB019,234,PREPAID
O00646,7106,455,2025-09-25 20:40:46,CANCELLED,1493.66,QB022,462,PREPAID
O00647,5886,385,2025-09-11 03:48:03,CONFIRMED,330.84,,207,COD
O00648,3743,115,2025-08-31 14:36:20,CANCELLED,1478.83,QB014,376,COD
O00649,9662,259,2025-10-27 11:02:31,CONFIRMED,272.43,QB046,334,COD
O00650,6148,449,2025-08-07 01:37:12,CANCELLED,458.1,QB035,320,COD
O00651,9731,25,2025-10-30 04:52:04,CANCELLED,251.36,QB002,25,COD
O00652,6829,228,2025-10-17 02:13:05,OUT_FOR_DELIVERY,273.03,QB017,243,COD
O00653,3367,356,2025-08-11 13:48:46,CANCELLED,982.44,QB020,216,COD
O00654,8525,139,2025-09-03 03:26:08,DELIVERED,947.89,QB009,215,COD
O00655,8382,369,2025-08-19 13:28:50,DELIVERED,264.83,QB008,402,COD
O00656,8155,102,2025-08-13 13:00:48,DELIVERED,379.65,QB017,426,COD
O00657,5865,361,2025-08-18 20:52:40,OUT_FOR_DELIVERY,513.49,QB003,281,PREPAID
O00658,3403,353,2025-10-10 05:15:55,OUT_FOR_DELIVERY,562.85,QB001,7,COD
O00659,1810,428,2025-10-28 18:37:36,DELIVERED,1036.63,QB010,487,COD
O00660,8384,39,2025-08-19 08:57:18,CANCELLED,1113.01,QB017,330,COD
O00661,7484,152,2025-10-16 09:11:39,PREPARING,749.99,QB007,417,COD
O00662,647,437,2025-09-06 12:57:02,PREPARING,604.3,QB044,161,PREPAID
O00663,1899,49,2025-10-02 15:43:29,PLACED,113.54,QB009,340,COD
O00664,5385,184,2025-09-27 16:16:20,OUT_FOR_DELIVERY,1437.12,QB018,450,COD
O00665,6106,418,2025-09-19 12:26:58,PREPARING,356.02,QB026,205,PREPAID
O00666,4454,428,2025-10-13 19:20:13,OUT_FOR_DELIVERY,1065.86,QB031,410,PREPAID
O00667,2733,58,2025-10-04 19:46:55,CONFIRMED,1074.64,QB004,483,COD
O00668,1700,214,2025-10-17 16:22:47,DELIVERED,775.74,QB037,348,PREPAID
O00669,2970,313,2025-08-13 01:37:43,OUT_FOR_DELIVERY,1190.83,QB040,15,COD
O00670,7915,472,2025-10-10 20:22:45,OUT_FOR_DELIVERY,258.11,QB027,226,COD
O00671,1038,134,2025-08-19 23:10:11,CANCELLED,539.93,QB046,445,COD
O00672,5543,266,2025-08-21 21:04:29,DELIVERED,1063.54,QB040,49,PREPAID
O00673,4073,247,2025-09-02 00:44:46,PREPARING,1029.19,QB042,198,COD
O00674,9148,457,2025-08-16 13:37:23,DELIVERED,176.39,QB042,479,COD
O00675,8284,435,2025-09-14 21:28:50,OUT_FOR_DELIVERY,1292.62,QB011,39,PREPAID
O00676,5254,124,2025-09-16 21:29:11,PREPARING,1458.2,QB004,260,COD
O00677,9020,330,2025-09-17 03:03:38,OUT_FOR_DELIVERY,664.59,QB016,41,PREPAID
O00678,7278,411,2025-10-27 05:24:31,DELIVERED,727.34,QB032,229,PREPAID
O00679,1945,255,2025-10-25 06:21:48,CANCELLED,1014.72,QB007,207,PREPAID
O00680,588,286,2025-08-31 03:22:32,DELIVERED,100.24,QB006,406,PREPAID
O00681,8329,288,2025-09-17 04:42:55,CONFIRMED,1016.43,QB030,487,PREPAID
O00682,5954,423,2025-08-06 18:52:39,PLACED,1243.22,QB030,170,PREPAID
O00683,5953,367,2025-10-24 04:03:24,OUT_FOR_DELIVERY,259.63,QB049,338,COD
O00684,36,175,2025-09-20 19:42:34,PREPARING,1261.84,,150,PREPAID
O00685,1742,24,2025-08-15 06:45:21,CONFIRMED,789.39,,368,PREPAID
O00686,1753,131,2025-10-11 11:18:16,DELIVERED,374.29,QB008,477,PREPAID
O00687,3533,235,2025-10-08 01:15:19,CONFIRMED,1103.5,QB007,388,PREPAID
O00688,762,475,2025-09-07 21:40:59,CANCELLED,1272.45,QB038,64,PREPAID
O00689,7494,338,2025-09-25 05:49:07,DELIVERED,1438.67,QB009,494,PREPAID
O00690,72,272,2025-09-14 23:02:24,CANCELLED,168.0,QB028,430,PREPAID
O00691,8329,400,2025-08-20 08:03:53,CONFIRMED,1068.54,QB012,375,COD
O00692,1697,199,2025-08-17 12:34:29,CANCELLED,940.76,QB021,259,PREPAID
O00693,6860,312,2025-10-30 03:44:34,CANCELLED,1167.32,QB018,204,PREPAID
O00694,4820,232,2025-08-27 10:04:24,CONFIRMED,293.45,QB039,359,PREPAID
O00695,8976,441,2025-10-13 17:35:15,PREPARING,1096.62,QB036,324,COD
O00696,3292,108,2025-08-03 17:40:21,DELIVERED,1100.14,QB044,177,COD
O00697,2914,258,2025-08-10 03:23:28,DELIVERED,1072.04,QB021,364,COD
O00698,5772,288,2025-09-03 07:07:51,OUT_FOR_DELIVERY,915.93,QB043,364,PREPAID
O00699,8748,147,2025-10-05 20:00:16,OUT_FOR_DELIVERY,1231.63,QB034,55,COD
O00700,6241,75,2025-09-19 09:13:33,PLACED,1038.36,QB013,137,COD
O00701,4696,350,2025-08-27 02:03:06,PREPARING,305.0,QB004,354,PREPAID
O00702,3343,386,2025-09-01 01:48:15,DELIVERED,145.23,,232,COD
O00703,9206,443,2025-10-30 22:40:10,CONFIRMED,1139.38,QB036,200,COD
O00704,8371,402,2025-10-28 10:23:11,CANCELLED,502.69,QB043,25,PREPAID
O00705,6350,214,2025-10-16 18:08:17,CANCELLED,537.72,QB036,28,COD
O00706,4118,104,2025-09-25 05:39:18,DELIVERED,1316.39,QB029,425,COD
O00707,6026,387,2025-10-18 15:57:22,DELIVERED,865.26,QB039,101,COD
O00708,4820,230,2025-10-17 23:10:57,CONFIRMED,1476.83,QB005,96,COD
O00709,8419,62,2025-08-23 14:41:58,OUT_FOR_DELIVERY,156.89,QB018,285,PREPAID
O00710,2132,83,2025-10-01 08:03:46,DELIVERED,1284.42,QB001,170,PREPAID
O00711,2537,21,2025-10-19 09:03:54,CONFIRMED,1400.08,QB039,27,PREPAID
O00712,8038,405,2025-08-24 10:22:53,DELIVERED,870.22,QB005,402,PREPAID
O00713,8609,113,2025-09-05 20:36:33,CONFIRMED,828.85,,259,COD
O00714,6815,279,2025-09-11 04:41:29,DELIVERED,664.78,QB023,114,COD
O00715,5438,170,2025-09-22 23:10:05,PREPARING,511.0,QB049,317,PREPAID
O00716,9197,422,2025-08-19 05:10:41,CANCELLED,112.33,QB043,178,PREPAID
O00717,3938,464,2025-10-01 12:06:48,CANCELLED,959.18,QB040,125,COD
O00718,5259,196,2025-10-02 07:39:33,PLACED,640.23,QB035,371,PREPAID
O00719,405,467,2025-08-05 12:54:23,DELIVERED,1250.95,QB024,264,PREPAID
O00720,7976,23,2025-08-08 17:09:12,PREPARING,1357.59,QB013,165,COD
O00721,1573,86,2025-08-15 20:32:08,DELIVERED,846.49,QB041,34,COD
O00722,3493,443,2025-10-21 05:47:58,CANCELLED,693.89,QB007,106,PREPAID
O00723,1182,383,2025-08-07 03:42:08,CANCELLED,315.26,QB030,368,PREPAID
O00724,621,45,2025-08-27 14:54:32,PLACED,175.98,,129,COD
O00725,9421,421,2025-09-04 06:12:19,CONFIRMED,1375.38,QB027,199,PREPAID
O00726,6627,222,2025-09-13 00:04:58,PREPARING,123.65,QB044,61,COD
O00727,1037,388,2025-10-11 18:44:54,CANCELLED,919.85,QB045,435,COD
O00728,5861,476,2025-08-07 15:54:08,DELIVERED,248.59,,352,PREPAID
O00729,9938,45,2025-08-22 08:58:25,PREPARING,1171.38,QB029,196,PREPAID
O00730,505,243,2025-08-04 13:41:42,CONFIRMED,846.85,QB009,383,PREPAID
O00731,8942,152,2025-09-04 14:29:29,CANCELLED,301.71,QB044,455,PREPAID
O00732,183,284,2025-09-14 12:59:04,DELIVERED,297.92,QB003,3,PREPAID
O00733,8801,281,2025-10-28 01:13:21,PLACED,526.57,QB048,380,PREPAID
O00734,3470,212,2025-10-14 17:38:06,CANCELLED,1292.04,QB010,83,COD
O00735,3618,316,2025-10-20 07:08:37,PREPARING,372.06,QB012,344,COD
O00736,8993,237,2025-08-17 08:21:51,CANCELLED,869.53,QB019,344,COD
O00737,4108,51,2025-09-16 09:14:15,CONFIRMED,1115.82,QB032,488,PREPAID
O00738,5852,66,2025-10-08 12:42:36,CANCELLED,1017.66,QB007,146,COD
O00739,3171,163,2025-10-12 04:22:35,OUT_FOR_DELIVERY,730.9,QB040,338,PREPAID
O00740,9572,79,2025-10-11 02:18:15,DELIVERED,893.61,,162,PREPAID
O00741,2763,3,2025-10-09 11:51:03,PREPARING,444.65,QB015,365,PREPAID
O00742,4534,431,2025-08-07 10:05:15,PREPARING,288.03,QB047,170,PREPAID
O00743,7584,229,2025-09-05 13:38:08,PREPARING,1184.67,QB032,283,COD
O00744,2880,331,2025-09-13 23:16:39,DELIVERED,214.76,QB018,440,COD
O00745,8825,101,2025-08-23 18:11:14,PREPARING,1126.96,QB041,40,COD
O00746,306,435,2025-08-04 18:19:54,DELIVERED,984.28,,298,PREPAID
O00747,9668,109,2025-09-02 03:06:35,PLACED,872.23,QB035,458,PREPAID
O00748,2436,188,2025-10-27 04:22:20,OUT_FOR_DELIVERY,412.63,QB050,302,PREPAID
O00749,2194,238,2025-09-25 17:08:31,DELIVERED,814.58,QB026,187,COD
O00750,3914,435,2025-08-02 21:05:32,DELIVERED,1057.83,QB049,264,COD
O00751,7311,82,2025-09-20 20:08:47,CONFIRMED,892.9,QB037,338,COD
O00752,7922,481,2025-10-22 03:54:30,PREPARING,156.59,QB049,250,COD
O00753,1030,136,2025-10-21 01:12:20,PREPARING,427.63,QB043,106,PREPAID
O00754,6359,241,2025-09-02 13:02:16,OUT_FOR_DELIVERY,1334.17,QB003,333,PREPAID
O00755,1692,361,2025-10-21 16:02:14,DELIVERED,986.99,QB018,428,PREPAID
O00756,9481,279,2025-09-10 02:24:28,DELIVERED,343.39,QB042,194,PREPAID
O00757,9629,335,2025-09-25 17:41:53,PLACED,823.33,QB025,499,COD
O00758,8461,208,2025-08-07 02:01:55,PREPARING,1244.13,QB023,250,PREPAID
O00759,9900,4,2025-09-06 19:00:11,DELIVERED,1334.85,QB029,85,COD
O00760,1264,264,2025-10-14 09:05:03,CANCELLED,493.13,QB010,96,COD
O00761,5935,309,2025-10-13 03:34:39,CANCELLED,1243.74,QB043,118,PREPAID
O00762,5411,369,2025-10-27 16:02:25,PLACED,774.12,QB031,246,COD
O00763,9680,83,2025-10-03 00:17:49,CANCELLED,1266.71,QB002,125,COD
O00764,2096,294,2025-10-08 03:03:25,DELIVERED,325.58,QB041,263,COD
O00765,9377,76,2025-08-20 00:03:59,PLACED,332.88,QB012,265,PREPAID
O00766,9820,497,2025-08-13 03:20:32,DELIVERED,992.67,QB047,373,PREPAID
O00767,1405,111,2025-10-29 05:51:55,OUT_FOR_DELIVERY,949.14,QB031,445,PREPAID
O00768,2795,113,2025-08-03 11:47:11,OUT_FOR_DELIVERY,941.17,,299,COD
O00769,8370,136,2025-10-28 03:42:18,CONFIRMED,1113.86,QB022,473,PREPAID
O00770,9774,303,2025-08-26 17:13:37,PLACED,421.74,QB025,68,COD
O00771,272,104,2025-10-14 19:14:55,DELIVERED,1303.43,QB033,351,PREPAID
O00772,2451,311,2025-09-01 21:50:27,PLACED,348.39,QB040,308,COD
O00773,8707,258,2025-08-25 08:52:26,PLACED,230.47,QB043,67,COD
O00774,7070,268,2025-10-17 14:46:12,OUT_FOR_DELIVERY,618.53,QB003,358,PREPAID
O00775,3760,481,2025-10-28 11:32:44,OUT_FOR_DELIVERY,1205.38,QB025,180,COD
O00776,6972,69,2025-10-20 00:02:06,PREPARING,768.0,QB015,466,COD
O00777,4642,307,2025-08-19 21:25:46,DELIVERED,672.11,QB013,3,COD
O00778,9470,268,2025-08-22 10:14:49,PLACED,827.67,QB025,336,COD
O00779,5176,210,2025-10-22 01:14:46,PREPARING,249.22,QB028,334,PREPAID
O00780,4282,438,2025-09-21 05:34:58,DELIVERED,692.99,QB024,314,PREPAID
O00781,6512,387,2025-08-06 07:32:20,CONFIRMED,678.52,,286,PREPAID
O00782,2929,190,2025-08-24 20:01:58,DELIVERED,876.88,QB017,158,PREPAID
O00783,6523,377,2025-09-02 23:09:55,CONFIRMED,1297.0,QB043,61,COD
O00784,7318,401,2025-08-08 15:57:17,CANCELLED,1428.94,QB007,110,PREPAID
O00785,5545,411,2025-09-26 12:29:48,DELIVERED,959.64,QB044,362,COD
O00786,2634,200,2025-09-30 13:02:14,CANCELLED,107.41,QB006,422,COD
O00787,7728,475,2025-08-13 09:16:08,DELIVERED,709.53,QB005,135,COD
O00788,6076,41,2025-10-21 09:36:48,DELIVERED,152.86,QB025,477,PREPAID
O00789,8537,147,2025-08-17 04:16:50,CANCELLED,1448.94,QB004,485,COD
O00790,8100,225,2025-09-15 03:28:13,PLACED,382.39,QB043,477,PREPAID
O00791,3191,18,2025-09-23 09:07:12,DELIVERED,814.77,QB045,119,COD
O00792,591,185,2025-10-07 22:41:48,CONFIRMED,1017.03,QB011,45,PREPAID
O00793,6545,181,2025-08-09 22:30:53,CANCELLED,653.2,QB038,103,COD
O00794,1125,471,2025-10-04 23:19:31,PLACED,869.43,QB047,425,PREPAID
O00795,5694,494,2025-08-29 20:30:45,PREPARING,416.81,QB013,233,PREPAID
O00796,9420,3,2025-08-11 22:31:59,PREPARING,345.05,QB033,55,COD
O00797,8244,151,2025-08-21 21:11:55,PREPARING,1425.82,,263,PREPAID
O00798,8814,417,2025-08-27 08:04:43,DELIVERED,450.2,QB029,495,PREPAID
O00799,9227,248,2025-08-20 13:48:59,CONFIRMED,1160.46,QB050,235,PREPAID
O00800,9615,442,2025-10-19 14:35:46,PLACED,774.76,QB017,35,PREPAID
O00801,3611,347,2025-09-04 04:32:38,CANCELLED,421.9,QB021,212,PREPAID
O00802,8463,275,2025-10-29 07:00:40,PLACED,1081.15,QB017,128,PREPAID
O00803,1524,205,2025-08-12 19:53:13,CANCELLED,1148.3,QB022,39,COD
O00804,7808,161,2025-08-16 19:37:21,PREPARING,405.99,QB037,138,COD
O00805,3116,256,2025-10-06 19:21:59,CANCELLED,379.53,QB048,124,PREPAID
O00806,3388,118,2025-10-02 08:52:56,CONFIRMED,1268.92,QB040,183,COD
O00807,1748,62,2025-10-15 13:20:58,PLACED,1046.14,QB043,253,COD
O00808,8872,491,2025-10-04 08:59:22,PLACED,1287.21,QB024,318,PREPAID
O00809,8067,460,2025-10-20 11:25:57,DELIVERED,1316.28,QB032,94,PREPAID
O00810,6519,114,2025-09-15 15:38:07,DELIVERED,279.54,QB034,410,PREPAID
O00811,7837,482,2025-10-15 12:47:17,DELIVERED,145.59,QB023,202,COD
O00812,7491,500,2025-09-18 02:56:29,PLACED,1077.54,QB030,162,COD
O00813,194,346,2025-09-23 23:30:09,CONFIRMED,631.2,QB007,167,PREPAID
O00814,4255,96,2025-09-06 22:56:48,DELIVERED,467.99,QB018,242,PREPAID
O00815,5996,95,2025-08-03 21:30:59,OUT_FOR_DELIVERY,693.52,QB027,359,PREPAID
O00816,5982,438,2025-09-15 06:47:09,OUT_FOR_DELIVERY,491.48,QB012,293,COD
O00817,9436,352,2025-08-12 21:33:32,CONFIRMED,1239.87,QB047,139,COD
O00818,9099,222,2025-09-24 17:16:25,OUT_FOR_DELIVERY,374.49,,492,COD
O00819,7750,413,2025-09-07 18:33:20,PLACED,347.25,QB032,69,PREPAID
O00820,7973,154,2025-09-25 16:28:34,PREPARING,886.99,QB037,25,PREPAID
O00821,1622,354,2025-10-20 00:04:40,CONFIRMED,184.05,,131,PREPAID
O00822,1578,231,2025-10-17 23:55:56,CANCELLED,568.52,QB024,185,PREPAID
O00823,5639,11,2025-10-30 17:26:03,OUT_FOR_DELIVERY,269.73,QB044,494,COD
O00824,9452,295,2025-10-13 12:37:55,CANCELLED,1008.78,QB012,400,PREPAID
O00825,5819,167,2025-10-12 22:11:12,CANCELLED,814.62,QB050,378,PREPAID
O00826,1285,196,2025-08-11 15:50:40,DELIVERED,501.13,QB041,490,COD
O00827,2746,328,2025-09-02 20:42:57,PREPARING,690.54,QB040,293,PREPAID
O00828,1169,41,2025-09-01 04:27:41,CONFIRMED,581.08,QB021,163,PREPAID
O00829,4383,310,2025-09-07 05:38:46,CANCELLED,653.64,QB029,400,PREPAID
O00830,9617,267,2025-08-18 01:16:05,OUT_FOR_DELIVERY,679.58,QB012,438,COD
O00831,2049,373,2025-10-09 20:15:03,CONFIRMED,1026.83,QB048,359,COD
O00832,3451,86,2025-09-10 15:50:34,OUT_FOR_DELIVERY,244.21,QB005,480,PREPAID
O00833,8986,28,2025-09-29 13:16:07,PLACED,1179.31,QB034,392,COD
O00834,1703,135,2025-09-05 18:01:14,DELIVERED,317.38,QB042,477,PREPAID
O00835,5069,118,2025-10-07 18:15:32,CONFIRMED,1132.63,QB029,321,COD
O00836,2151,270,2025-08-05 18:14:29,CONFIRMED,140.0,QB043,183,PREPAID
O00837,7802,240,2025-08-30 12:14:28,DELIVERED,1408.8,QB036,228,COD
O00838,8836,91,2025-08-24 15:59:03,DELIVERED,936.62,QB041,384,PREPAID
O00839,8577,328,2025-08-11 16:08:28,CANCELLED,847.3,QB023,247,COD
O00840,1468,227,2025-10-22 19:58:12,PREPARING,612.1,QB017,80,PREPAID
O00841,173,1,2025-09-29 10:19:50,DELIVERED,1241.53,QB009,177,PREPAID
O00842,7688,274,2025-10-15 22:16:09,PLACED,1062.88,QB032,485,PREPAID
O00843,4909,5,2025-10-18 07:35:50,OUT_FOR_DELIVERY,1217.15,QB039,119,COD
O00844,8982,192,2025-09-07 22:03:57,CONFIRMED,676.43,QB036,224,PREPAID
O00845,4095,84,2025-08-28 22:31:56,CANCELLED,1131.96,QB025,425,PREPAID
O00846,3615,135,2025-10-22 04:02:13,PLACED,691.14,QB016,265,PREPAID
O00847,4665,333,2025-08-12 03:15:15,CANCELLED,844.72,QB018,212,COD
O00848,1122,94,2025-08-07 14:18:16,CONFIRMED,505.43,QB041,234,PREPAID
O00849,4459,359,2025-10-17 08:47:02,DELIVERED,788.79,QB021,10,COD
O00850,814,497,2025-08-27 17:21:36,DELIVERED,130.98,QB007,145,PREPAID
O00851,2049,367,2025-09-16 19:29:19,OUT_FOR_DELIVERY,1117.95,QB015,47,COD
O00852,242,253,2025-08-10 12:55:43,CONFIRMED,578.68,QB020,403,PREPAID
O00853,6085,238,2025-09-13 02:44:41,CANCELLED,1207.99,QB022,42,COD
O00854,919,137,2025-09-18 04:01:34,OUT_FOR_DELIVERY,199.94,QB031,93,COD
O00855,4098,419,2025-10-20 22:45:43,OUT_FOR_DELIVERY,1259.55,QB008,499,COD
O00856,6305,395,2025-08-06 23:04:14,OUT_FOR_DELIVERY,446.03,QB003,102,PREPAID
O00857,1540,267,2025-10-26 05:19:46,CANCELLED,1474.96,QB031,200,PREPAID
O00858,5294,82,2025-10-15 05:10:41,CANCELLED,1119.53,QB048,480,COD
O00859,4151,247,2025-09-09 10:59:26,CANCELLED,518.34,QB024,455,COD
O00860,3569,499,2025-08-10 07:57:48,PLACED,430.35,QB028,167,COD
O00861,2743,407,2025-08-10 04:45:51,PREPARING,918.58,QB026,405,COD
O00862,147,497,2025-09-30 18:08:12,PLACED,913.51,QB045,244,COD
O00863,6085,395,2025-08-10 07:11:01,PLACED,448.21,QB032,47,PREPAID
O00864,984,31,2025-10-20 00:46:47,PREPARING,1002.4,QB045,275,COD
O00865,2062,250,2025-08-21 10:56:21,CONFIRMED,543.44,QB036,404,PREPAID
O00866,7188,376,2025-09-16 06:44:16,CONFIRMED,129.89,QB025,184,COD
O00867,4108,461,2025-10-22 16:45:15,PLACED,779.42,QB029,287,PREPAID
O00868,8893,357,2025-10-20 21:12:32,OUT_FOR_DELIVERY,365.69,QB012,279,PREPAID
O00869,5304,375,2025-08-10 13:34:06,OUT_FOR_DELIVERY,485.45,QB039,469,COD
O00870,1129,272,2025-09-27 22:18:34,CONFIRMED,729.14,,135,PREPAID
O00871,7440,1,2025-10-28 19:52:32,CANCELLED,808.34,QB047,95,COD
O00872,5966,398,2025-09-16 07:42:43,DELIVERED,434.3,QB047,33,PREPAID
O00873,3111,269,2025-08-22 17:56:55,CANCELLED,796.57,QB036,79,PREPAID
O00874,5286,210,2025-10-28 21:06:02,CANCELLED,550.83,QB007,268,COD
O00875,718,428,2025-08-26 15:37:56,CONFIRMED,350.09,QB003,104,COD
O00876,7953,99,2025-08-28 15:47:45,PLACED,144.54,QB042,429,PREPAID
O00877,8027,270,2025-08-15 12:50:39,DELIVERED,1081.84,QB017,26,PREPAID
O00878,3617,311,2025-10-08 19:58:01,CANCELLED,199.22,QB014,336,PREPAID
O00879,1311,240,2025-08-03 08:17:45,CANCELLED,184.98,QB036,381,PREPAID
O00880,6047,407,2025-08-29 21:05:51,CANCELLED,181.62,QB040,137,COD
O00881,1154,428,2025-10-19 21:10:03,PREPARING,209.11,QB014,492,COD
O00882,1659,372,2025-08-22 14:51:08,CONFIRMED,844.33,QB013,99,COD
O00883,9340,321,2025-08-08 06:13:09,CONFIRMED,881.79,QB036,213,COD
O00884,9447,184,2025-09-28 01:19:24,CANCELLED,742.21,QB043,219,COD
O00885,2734,406,2025-09-02 04:36:31,CONFIRMED,869.95,QB033,173,COD
O00886,8748,308,2025-08-28 15:02:18,OUT_FOR_DELIVERY,1406.93,QB021,282,PREPAID
O00887,6091,212,2025-09-02 08:01:48,CANCELLED,702.82,QB047,166,COD
O00888,9227,280,2025-10-31 00:06:46,CONFIRMED,625.09,QB036,475,PREPAID
O00889,5899,493,2025-08-28 13:23:11,OUT_FOR_DELIVERY,726.5,QB026,1,COD
O00890,4661,306,2025-10-02 08:42:47,PLACED,824.65,QB020,4,PREPAID
O00891,3636,110,2025-10-02 13:06:43,PREPARING,130.38,,483,PREPAID
O00892,9072,262,2025-10-16 08:23:27,DELIVERED,898.94,QB037,80,COD
O00893,619,236,2025-08-25 03:56:47,PREPARING,318.55,QB017,188,COD
O00894,3818,132,2025-08-20 16:00:23,PREPARING,228.67,QB026,292,COD
O00895,1265,371,2025-08-29 04:36:19,PREPARING,1210.07,QB012,250,COD
O00896,9753,329,2025-10-19 00:57:15,PREPARING,152.32,,296,PREPAID
O00897,1286,400,2025-09-16 16:48:47,PLACED,1390.62,QB022,179,PREPAID
O00898,6825,477,2025-09-05 23:57:39,PLACED,1317.7,QB015,383,COD
O00899,6267,28,2025-09-16 12:58:02,PREPARING,834.14,QB021,277,COD
O00900,5355,258,2025-10-26 07:36:07,CANCELLED,409.12,QB004,345,PREPAID
O00901,7301,386,2025-08-25 13:43:26,DELIVERED,905.36,QB006,114,PREPAID
O00902,4748,403,2025-10-26 07:25:45,OUT_FOR_DELIVERY,307.22,QB022,43,PREPAID
O00903,9363,382,2025-09-05 17:23:29,PLACED,867.41,QB017,44,PREPAID
O00904,8222,223,2025-08-17 20:06:15,CANCELLED,282.53,QB009,247,COD
O00905,7994,203,2025-10-26 12:48:56,CANCELLED,899.86,QB036,316,COD
O00906,3971,37,2025-08-09 15:56:08,PREPARING,1187.48,QB021,351,COD
O00907,1844,344,2025-08-22 08:48:48,OUT_FOR_DELIVERY,692.96,QB023,98,PREPAID
O00908,5645,305,2025-08-04 16:22:03,CANCELLED,133.89,QB020,87,PREPAID
O00909,7246,320,2025-10-27 12:38:45,CONFIRMED,716.65,,120,COD
O00910,6125,80,2025-09-16 23:12:51,CANCELLED,1293.87,QB008,379,COD
O00911,3983,486,2025-08-17 06:15:16,DELIVERED,1397.42,,148,COD
O00912,5625,356,2025-09-09 06:02:01,PLACED,527.17,QB031,12,PREPAID
O00913,3425,379,2025-08-14 20:35:29,DELIVERED,396.63,QB035,268,PREPAID
O00914,8992,248,2025-10-01 20:28:13,DELIVERED,1121.89,QB010,356,COD
O00915,6171,299,2025-10-19 22:14:06,CANCELLED,837.52,QB017,88,COD
O00916,4654,103,2025-08-31 06:04:41,CANCELLED,965.15,QB004,239,COD
O00917,1092,199,2025-09-12 18:52:41,CANCELLED,479.83,QB043,185,COD
O00918,313,150,2025-09-19 18:10:26,CANCELLED,641.13,QB025,261,COD
O00919,5169,249,2025-09-07 00:32:45,DELIVERED,844.18,QB012,102,PREPAID
O00920,9187,475,2025-08-31 20:08:40,CANCELLED,130.08,QB016,473,PREPAID
O00921,5466,251,2025-10-29 13:22:01,OUT_FOR_DELIVERY,1142.15,QB002,178,PREPAID
O00922,5823,321,2025-08-29 09:29:59,PREPARING,430.69,QB033,142,COD
O00923,4222,450,2025-10-24 21:39:09,OUT_FOR_DELIVERY,1346.56,,16,PREPAID
O00924,3696,78,2025-10-12 05:43:46,PREPARING,1356.05,QB043,71,COD
O00925,6263,267,2025-08-13 19:19:37,CANCELLED,957.43,QB041,352,COD
O00926,6838,124,2025-10-28 18:57:55,DELIVERED,313.85,QB020,466,PREPAID
O00927,7360,278,2025-09-06 10:43:26,CONFIRMED,389.46,QB009,298,COD
O00928,2263,159,2025-09-24 11:58:55,CANCELLED,1087.19,QB034,466,COD
O00929,7047,466,2025-09-02 02:49:22,CONFIRMED,1018.72,QB037,470,COD
O00930,5202,35,2025-09-21 02:53:00,DELIVERED,846.15,QB047,61,COD
O00931,5204,430,2025-09-12 16:52:35,CONFIRMED,1117.91,QB049,164,PREPAID
O00932,6738,156,2025-09-09 22:59:04,OUT_FOR_DELIVERY,1143.85,,458,PREPAID
O00933,2490,399,2025-08-18 21:11:41,CONFIRMED,249.48,QB012,14,PREPAID
O00934,9923,291,2025-09-13 02:56:13,DELIVERED,423.28,QB015,119,COD
O00935,5887,41,2025-10-08 10:09:52,CANCELLED,1191.76,QB009,258,PREPAID
O00936,6127,95,2025-10-09 04:51:47,OUT_FOR_DELIVERY,788.02,QB009,84,COD
O00937,3708,17,2025-09-02 23:13:52,OUT_FOR_DELIVERY,1170.35,QB001,474,PREPAID
O00938,6768,114,2025-10-17 19:16:17,CANCELLED,1039.87,QB013,388,COD
O00939,1084,91,2025-10-06 10:06:42,OUT_FOR_DELIVERY,1313.98,QB032,353,PREPAID
O00940,7497,455,2025-10-17 08:30:21,CONFIRMED,698.58,QB050,22,PREPAID
O00941,5127,202,2025-08-22 18:55:43,DELIVERED,1414.79,QB037,305,COD
O00942,8531,56,2025-09-23 22:56:15,OUT_FOR_DELIVERY,739.66,QB003,450,COD
O00943,8499,276,2025-08-08 04:59:06,OUT_FOR_DELIVERY,1477.36,QB003,286,PREPAID
O00944,8457,392,2025-10-07 22:24:56,CANCELLED,1447.63,QB013,150,PREPAID
O00945,6522,453,2025-09-01 22:38:01,PREPARING,1183.15,QB019,237,COD
O00946,6922,151,2025-09-09 12:38:59,DELIVERED,1386.65,QB045,265,COD
O00947,7596,425,2025-09-16 11:21:01,CANCELLED,732.38,QB047,257,COD
O00948,2946,399,2025-08-26 21:47:25,DELIVERED,1412.98,QB045,280,COD
O00949,6441,212,2025-09-21 12:44:33,PREPARING,731.24,QB012,233,COD
O00950,7450,47,2025-10-15 07:49:50,PREPARING,553.7,QB042,465,COD
O00951,2025,47,2025-09-06 03:17:07,PLACED,1088.72,QB041,186,COD
O00952,8583,363,2025-09-06 17:13:50,OUT_FOR_DELIVERY,1117.62,QB033,314,COD
O00953,6205,282,2025-10-01 07:18:29,OUT_FOR_DELIVERY,161.47,QB011,468,PREPAID
O00954,9266,447,2025-10-10 18:49:54,CANCELLED,1307.74,QB011,445,COD
O00955,2931,394,2025-08-20 14:54:07,CANCELLED,171.83,QB020,159,PREPAID
O00956,4732,321,2025-09-29 02:20:55,CONFIRMED,264.58,QB009,492,COD
O00957,58,319,2025-08-06 19:08:26,PREPARING,117.09,QB032,438,PREPAID
O00958,8905,414,2025-10-12 17:30:26,PLACED,951.18,QB032,122,COD
O00959,9648,338,2025-08-19 03:06:03,OUT_FOR_DELIVERY,735.23,QB029,41,COD
O00960,4010,452,2025-08-04 11:28:41,DELIVERED,489.36,QB041,286,COD
O00961,802,95,2025-08-30 00:02:35,CONFIRMED,177.09,QB023,19,COD
O00962,532,342,2025-10-17 06:32:26,DELIVERED,1273.22,QB020,170,COD
O00963,804,56,2025-08-13 04:11:30,OUT_FOR_DELIVERY,1491.23,QB011,345,PREPAID
O00964,9748,294,2025-09-27 01:21:23,DELIVERED,348.39,QB030,384,PREPAID
O00965,588,48,2025-10-22 00:30:34,PREPARING,551.95,QB025,420,COD
O00966,7002,432,2025-08-09 14:50:25,DELIVERED,190.9,QB031,69,COD
O00967,4497,169,2025-09-15 01:40:24,DELIVERED,679.26,QB014,357,COD
O00968,954,56,2025-08-29 15:17:47,DELIVERED,1121.62,QB041,271,COD
O00969,7925,371,2025-09-18 22:23:20,CANCELLED,946.69,,362,PREPAID
O00970,6997,312,2025-10-16 07:48:36,PREPARING,463.52,QB037,320,PREPAID
O00971,2126,315,2025-10-18 07:35:55,DELIVERED,794.96,QB047,324,PREPAID
O00972,8070,414,2025-08-20 02:17:06,CONFIRMED,1337.13,QB015,363,PREPAID
O00973,3172,1,2025-08-18 19:45:39,PLACED,133.58,QB041,408,COD
O00974,3397,410,2025-08-20 18:16:40,DELIVERED,1498.58,QB027,24,PREPAID
O00975,5729,287,2025-09-04 20:39:03,CANCELLED,397.27,QB041,104,PREPAID
O00976,4169,405,2025-08-23 04:42:44,PLACED,530.88,QB033,282,PREPAID
O00977,101,59,2025-10-13 21:12:43,CANCELLED,566.6,QB026,371,COD
O00978,2878,100,2025-09-30 20:33:13,PREPARING,1267.36,QB044,246,PREPAID
O00979,583,331,2025-09-03 02:24:36,CONFIRMED,774.09,QB041,236,PREPAID
O00980,7578,402,2025-08-24 10:32:56,OUT_FOR_DELIVERY,1398.91,QB004,428,PREPAID
O00981,9257,372,2025-08-16 14:51:26,CANCELLED,541.7,QB035,10,COD
O00982,9461,351,2025-09-20 08:24:43,PREPARING,1219.35,,182,COD
O00983,2447,144,2025-09-27 04:03:29,PLACED,574.81,QB025,321,COD
O00984,9355,311,2025-08-04 01:59:36,OUT_FOR_DELIVERY,362.33,QB008,443,PREPAID
O00985,5153,364,2025-10-15 07:37:25,PLACED,480.1,QB006,255,COD
O00986,6089,232,2025-09-25 16:50:28,PREPARING,402.6,QB020,90,COD
O00987,6132,402,2025-09-29 20:04:32,PLACED,1188.91,QB006,228,COD
O00988,7908,464,2025-08-04 15:17:44,DELIVERED,315.71,QB022,473,PREPAID
O00989,8580,159,2025-10-14 10:11:46,PREPARING,300.61,QB007,421,COD
O00990,3362,371,2025-10-04 20:03:55,PLACED,743.12,QB046,443,COD
O00991,68,160,2025-10-09 01:23:18,PLACED,1061.87,QB039,447,COD
O00992,5461,240,2025-08-14 17:50:11,PLACED,244.34,QB050,338,PREPAID
O00993,369,296,2025-08-18 07:41:46,PREPARING,994.39,QB014,165,COD
O00994,3155,147,2025-10-15 10:30:58,PREPARING,845.19,QB050,226,COD
O00995,4468,77,2025-10-14 22:06:18,CONFIRMED,483.09,QB001,491,COD
O00996,3385,278,2025-10-11 04:51:05,PREPARING,869.11,QB018,73,PREPAID
O00997,9406,126,2025-08-24 05:54:20,CONFIRMED,199.74,QB040,457,PREPAID
O00998,8857,228,2025-10-25 15:41:26,PLACED,282.1,QB031,463,COD
O00999,1736,197,2025-10-07 08:51:12,PLACED,220.57,QB026,92,PREPAID
O01000,5827,160,2025-08-27 06:30:22,PREPARING,1244.42,QB046,389,COD
