customer_id,phone_number
1,001-361-637-8627x11179
2,607.832.7821
3,551-621-3069
4,5655396955
5,001-368-727-5794
6,001-667-428-9064x6879
7,2265462294
8,(345)692-6263x444
9,442.372.3051
10,001-253-462-7580x85027
11,(609)186-0094
12,342.637.4419
13,001-348-058-2556
14,2111429025
15,+1-122-502-6772x899
16,233-090-0201x3397
17,001-961-732-7176x1139
18,(798)612-0599x1657
19,001-656-711-2763x8442
20,+1-939-673-3834x20975
21,+1-294-153-5685
22,001-962-806-6345
23,327.537.4259x79029
24,001-232-610-9848x30835
25,+1-821-671-6319
26,+1-730-778-5723x56811
27,070-807-9085x92202
28,614-711-1990x30978
29,001-096-531-9331x99896
30,(412)822-6793
31,209.035.0074x9155
32,(634)678-6026x18007
33,6536001422
34,771-971-0800x586
35,001-904-213-6328x618
36,001-977-918-5971
37,001-848-197-5695x35277
38,657.709.9079x521
39,+1-636-698-2149x00183
40,001-364-348-7971
41,+1-452-028-1616x478
42,001-771-973-2705x9657
43,+1-212-106-6703x49589
44,001-681-968-7100x60193
45,001-848-627-4847x48999
46,(269)410-3967
47,+1-976-260-6248x14016
48,1836665291
49,001-693-177-5422x2388
50,038-747-4762x716
51,395.079.8626
52,(020)751-3696x8567
53,+1-873-958-6366x947
54,001-964-930-0683x6350
55,001-845-130-0557x9010
56,065.449.9147
57,7464014167
58,+1-159-668-4691x67135
59,339.483.8821x56196
60,836-486-7084x4301
61,(134)011-3823
62,944.249.2755
63,(320)153-4690x7477
64,481.903.3656
65,(857)335-7429x142
66,076-455-6725x3392
67,282-429-7910
68,446.840.7284
69,675.071.2293
70,374-003-1824
71,(225)515-9802x5103
72,(353)523-4487x7670
73,5094394613
74,744.014.8554
75,(579)328-0317
76,(309)357-2513
77,9236851784
78,102-755-0996
79,(671)328-6852
80,735.545.6721
81,695.686.6545x81535
82,673.697.3160x33422
83,+1-090-135-1910
84,345-423-4672x501
85,001-789-926-6394
86,4987209414
87,(680)229-3380
88,6683522397
89,(308)209-1968x7307
90,886.034.1995x5235
91,870.391.9419x59474
92,074.783.8138x002
93,669.069.1709
94,839-524-1610
95,879-911-2171x28097
96,005-641-1098x4632
97,868.104.7306
98,784.992.3666x37908
99,+1-774-929-8898x3938
100,+1-206-000-3539x05130
101,(408)066-4710
102,014-339-1650x1386
103,001-095-762-5896
104,216-391-6817x59137
105,111.094.0988
106,364-952-1205x425
107,389-119-5988x3526
108,001-767-002-7443
109,(522)492-1092x813
110,001-805-868-2604x248
111,553-422-7989x54398
112,+1-929-088-8027x1976
113,302-903-6258x07092
114,170-469-6259
115,001-646-811-2444x82105
116,+1-814-429-7010x595
117,001-647-314-8984x368
118,(527)662-8099
119,126-101-6785x0888
120,483-793-7957
121,001-550-358-7510x645
122,734-776-6111x9493
123,+1-308-276-5865x4573
124,255-701-6621x737
125,649-604-7863x4428
126,450-698-5074
127,+1-463-094-7590
128,589-199-4931
129,115.449.8128x110
130,5867553901
131,475.861.0597
132,+1-818-501-7761x2858
133,153-049-6329
134,(594)980-1197
135,837.574.3699x10494
136,(398)695-8530
137,(323)532-4146x1789
138,397-762-5601
139,0878683949
140,648-860-4805x0959
141,(262)337-8084
142,112.663.3637
143,239-062-3940x34863
144,+1-174-458-7479x575
145,+1-244-108-1225x613
146,001-539-246-4293x4311
147,266.843.2378x624
148,972-683-8436x771
149,(131)717-7961
150,(906)289-0356x054
151,001-411-114-2785x349
152,428.443.0849x5894
153,337-063-0660
154,414-047-7702x83090
155,+1-205-770-6310x747
156,001-644-310-1832
157,(593)308-6440
158,931.540.7123
159,814-526-9874
160,153.742.1671x04458
161,+1-036-520-0099x5627
162,0991746769
163,838-946-3739x976
164,825-147-7704x79484
165,001-738-280-5945x612
166,880-322-9245
167,181.903.0812x7277
168,(969)199-3442x97866
169,522.910.3470
170,(492)016-6587
171,614.529.2094x45088
172,+1-579-620-9848x4937
173,853.548.7930
174,760-080-6743x5639
175,329.691.0907x05700
176,972-653-6994x0426
177,+1-006-980-2929x1828
178,(626)805-9556x6207
179,+1-149-075-1958x403
180,(935)914-1206x122
181,3947396336
182,+1-073-767-4626
183,(735)250-9200x336
184,(637)316-5754x48210
185,(714)957-2620
186,056.475.0752x870
187,484.559.6010x007
188,907-594-9182
189,453-898-9282
190,401-593-4139x58138
191,+1-947-357-5100x6143
192,132-210-0515x8710
193,064-273-5455
194,+1-812-236-5346x068
195,9906554710
196,612-494-1888
197,661-928-8808
198,(125)021-2895x3495
199,514.544.0974
200,(439)416-3886x93082
201,(884)455-7162
202,704-626-1887x93397
203,(742)974-7076x6681
204,001-651-300-8072x096
205,631.111.4683x496
206,2568483782
207,078-750-6673
208,233-558-7015
209,024.263.9438x4901
210,001-669-790-3249x5950
211,514-388-0375
212,(280)696-8552x65405
213,111.229.4325x1132
214,891.588.6628
215,779.666.8428
216,(970)894-6142x14775
217,001-191-604-8606x589
218,070.130.7619
219,+1-944-490-5069x130
220,001-645-916-3928x7911
221,(060)290-8257x04655
222,103.220.3298x003
223,001-791-268-0564x451
224,293.788.3340x3090
225,635-559-7078x585
226,647.602.7256
227,001-730-751-6897
228,+1-086-388-1173
229,315.597.0712
230,360-688-1789x8642
231,666-732-4837x16653
232,(724)846-1041x90471
233,001-311-575-6399x934
234,001-551-357-1860x1787
235,061-198-3194x4603
236,+1-363-369-2192x781
237,001-975-830-2476x163
238,157.531.0649
239,001-800-178-8955x1056
240,193.682.5379x188
241,(790)526-9486x79411
242,3256475183
243,001-437-767-8544
244,750.145.5515x523
245,+1-587-530-6212x5139
246,+1-802-912-4541x20573
247,075.557.7116
248,948-812-9251
249,627.307.0033x56535
250,215-479-1932x801
251,(244)048-1041
252,(514)661-0729x2185
253,017-952-6410x9711
254,001-143-605-6824x310
255,+1-037-956-8774
256,+1-673-976-4852x1580
257,(995)999-1962
258,(278)186-1414x798
259,(638)792-4571x6390
260,044.469.0393
261,(016)165-5208x54042
262,(142)085-5315x0116
263,(007)348-4765
264,216-488-6877x60631
265,578-173-1003x475
266,+1-677-975-1042x02305
267,(547)653-0448x57693
268,897-582-8126
269,054-648-2730x576
270,001-671-420-2740x69109
271,(368)175-6207
272,981.572.3564
273,+1-317-947-4146x687
274,001-477-655-9570x481
275,(364)312-6672x3028
276,768-795-4940x8758
277,088-192-9089x3113
278,001-347-164-4680x9459
279,(076)621-1640x07028
280,+1-009-513-1606
281,707.957.6385x8944
282,001-486-460-5092x362
283,+1-055-237-7939x0630
284,1063101346
285,540-231-5727
286,162.044.1117x878
287,(616)432-2016
288,102.524.6182x7584
289,+1-701-895-5681x8202
290,(702)296-4409
291,(645)219-3873x2816
292,032-579-9275x2493
293,(494)888-3694
294,458-750-4368x7741
295,+1-895-372-1226x252
296,4811760116
297,+1-366-551-7833x44116
298,726-210-6451
299,001-549-103-9033x55589
300,120-737-1487
301,861.200.0707x172
302,(740)530-9272
303,(175)640-6907
304,(910)106-1011x49332
305,609.973.9979x31940
306,+1-794-500-2650x6050
307,+1-460-384-5600x8845
308,008.031.8689
309,185.872.8566x3437
310,+1-891-464-8711x064
311,001-028-455-7449
312,041.843.5060x1222
313,(601)147-5664
314,266.372.6343
315,(833)590-6491x22221
316,(638)647-7955x4938
317,071-236-8963x343
318,001-961-513-6855x517
319,001-027-244-6280x05011
320,832.692.2289x46793
321,916-878-1595
322,001-503-453-5174x167
323,078-382-6797x646
324,238-541-9497
325,001-871-110-4267
326,(367)540-2274
327,567.479.7706x398
328,001-504-903-2522x1561
329,980-385-1990x531
330,2179244155
331,126.696.6161x06588
332,(310)643-4265x09453
333,(407)428-5394
334,295.780.1250x815
335,001-389-157-7740x10319
336,(285)470-2418x0094
337,+1-378-349-9239x317
338,+1-458-910-6473
339,879-902-2272x2208
340,2344529578
341,954-488-9564
342,001-019-581-8794
343,001-259-355-0233
344,001-763-086-7005x27794
345,001-414-219-9727x803
346,001-012-462-5967x10371
347,001-742-233-7313
348,325-635-3731
349,239.189.0892x29234
350,(098)856-5153x39362
351,(561)144-0560
352,(978)550-0129
353,861-267-2536x390
354,+1-699-824-6752
355,533.636.4552x53133
356,925-934-9201x45427
357,001-830-820-3156x86792
358,721-902-1028
359,680-177-1068
360,824-832-8829x04133
361,670.339.4845x6027
362,(378)346-7806
363,+1-353-435-4403
364,(335)055-4825x518
365,628.893.3393x134
366,001-923-196-2624x7173
367,153-596-8234x482
368,112.768.1050x79602
369,578-666-5660x91646
370,+1-573-262-0275x9442
371,(559)060-3881
372,9306453188
373,6488315215
374,804.878.0890x26111
375,3246049960
376,845-589-3709x8119
377,752.967.2515x692
378,(658)158-9307x5093
379,242.568.1694
380,794-499-4468
381,243-452-2596
382,+1-097-724-0656
383,+1-240-547-1529x740
384,(957)681-7416
385,+1-745-704-0243x8123
386,+1-324-819-5491x662
387,861-639-8589x7217
388,473.587.5893x3317
389,186.403.1766
390,+1-025-620-4444
391,(874)643-1266
392,961-799-2298x74123
393,+1-370-766-3516x49533
394,001-844-975-3449x97573
395,739.860.9593x85599
396,050.748.6506
397,154.994.5269x998
398,001-308-023-1905x7544
399,211.138.5899x384
400,369.267.5136x0282
401,809.438.5376x38296
402,690.338.0344x74310
403,727.081.4992
404,5029528905
405,383.526.1165x3775
406,+1-540-750-6589
407,(021)638-0133
408,+1-288-298-6268x755
409,539-741-4127
410,210-690-4802
411,011-222-5643x1300
412,+1-176-535-6158x41503
413,(689)963-8260
414,001-748-707-9571x66268
415,(892)173-3107
416,(704)072-5826x66006
417,406.654.6964x460
418,750.252.7930
419,001-401-167-5781x40652
420,001-940-344-0551x8717
421,(953)276-9077x53088
422,534-363-7979x410
423,(464)907-6179
424,239-551-9173
425,819.417.1134x31945
426,+1-261-897-2208
427,001-968-270-5642x17420
428,001-635-210-1944x96355
429,001-455-328-7642x400
430,170.868.0059x692
431,025-482-6210
432,(833)638-4193
433,(285)603-9813
434,001-640-309-8719x086
435,+1-757-303-8262x534
436,536.507.1362x08777
437,666-627-9780
438,(790)724-4200
439,4717657657
440,+1-467-094-1975x23354
441,563-567-8535
442,(233)867-9711x297
443,(804)872-9304x5391
444,(971)701-5086x7852
445,729-297-0460x386
446,(288)062-2134
447,001-358-189-7950x040
448,+1-061-832-9603
449,001-085-661-0715x2950
450,463-182-9286
451,417.845.3298
452,630.062.0227x9144
453,752.014.0303x290
454,001-851-070-3314
455,186-008-4763
456,(433)305-6501x4665
457,263-927-4725
458,001-609-459-0826x3324
459,+1-716-509-6395
460,119-220-6328x818
461,6533149336
462,+1-675-926-1550x017
463,7794573950
464,380-503-4208x7410
465,001-131-059-1515x76609
466,6674230769
467,001-603-207-5910x7537
468,001-065-102-3646
469,+1-277-698-9112x0043
470,321-780-5663x3950
471,+1-238-472-6205
472,715.219.4277x6272
473,980.428.9333
474,+1-800-842-1664
475,007.579.3302x979
476,(333)696-2924
477,345.726.7024
478,(598)256-6176
479,(706)298-7215
480,2863233186
481,(696)173-9584x232
482,1749546537
483,893.032.9359x084
484,001-743-547-7192x90148
485,001-420-579-2670x35451
486,445.939.0282
487,734-722-3692
488,750.044.5024
489,+1-964-944-5917x332
490,(800)140-6259
491,+1-626-574-2298x6314
492,138-595-4154
493,(181)326-5211
494,3976573050
495,001-803-414-2468
496,034.901.3593
497,014-240-5267
498,591-289-4116x65718
499,001-997-780-2244x668
500,203.984.4224x887
501,001-079-312-8902x97264
502,001-788-317-6574x78541
503,001-391-037-4073x3091
504,(257)105-0348
505,783-434-2998x1300
506,+1-735-719-5553x0196
507,224.743.7932x64822
508,287-164-8836x999
509,(947)269-1425x9908
510,+1-325-221-4567x494
511,001-164-3202
512,001-657-146-9152x31242
513,+1-022-625-1857x66852
514,424-842-1822
515,(806)569-9720x826
516,103-530-5235x31203
517,254-472-7405
518,798-489-7457x27793
519,701-459-4264x3818
520,+1-561-782-1495
521,568-148-9544
522,964.549.4341x53928
523,921.269.4519
524,016-127-8063
525,925.656.6577
526,001-642-131-3010x9600
527,(285)402-4932x356
528,490.975.9613x884
529,(052)662-2189x37479
530,221-381-8118
531,778.918.0709x8326
532,074.096.0560
533,208.793.7232x8385
534,001-731-617-3495x1811
535,(692)340-3287x48460
536,871-345-6814
537,001-677-593-8970
538,(104)049-3830
539,4203064644
540,793-776-1912x0870
541,+1-293-822-6385x5630
542,+1-145-464-4741x480
543,+1-860-945-1674x868
544,6366043513
545,+1-273-115-3341x191
546,+1-313-163-9591x844
547,+1-159-152-3978
548,2244238729
549,7105987801
550,681.599.5805x1030
551,942-101-9532
552,681.862.7139x70424
553,001-177-450-8993
554,+1-818-953-2106x5218
555,836.605.1014x843
556,+1-742-526-5668x513
557,4843908800
558,+1-784-532-3003
559,001-011-912-8395x7807
560,001-465-371-3427x405
561,+1-453-756-6610x58181
562,744.257.3285
563,(255)221-2224x3429
564,526-643-5770
565,328-136-5252
566,(604)094-4316x1930
567,3568274036
568,001-945-045-9567
569,001-726-614-7136x08142
570,001-873-183-8377
571,001-585-966-4878x50166
572,784.013.7654x92026
573,760.716.1675x3930
574,204-362-7878x976
575,+1-060-311-5931x0413
576,648.139.9707x07430
577,867.413.6601x9224
578,(314)698-3693x6285
579,4715155147
580,(770)120-4894x10041
581,601.494.4786x526
582,301.251.6057
583,(353)721-9244x1236
584,089-853-6883x024
585,168.039.1848x5702
586,027.421.8100
587,+1-779-399-8989
588,890.378.5250
589,(625)891-8338
590,998-752-5225x05591
591,001-149-435-0654x658
592,001-448-713-3406
593,(941)486-1751x06520
594,001-490-893-4747
595,850-183-8202x7074
596,310-744-1936x69844
597,199.777.0204
598,605.882.2299x57146
599,+1-950-276-4134x0742
600,(274)917-1507
601,585-655-7288
602,001-809-531-9935
603,912-456-4394x801
604,153.734.7205x980
605,(745)008-9284
606,858-576-6922
607,069-395-4542x49801
608,773.997.2053x36006
609,592-835-3738x826
610,167.239.2990
611,427-935-3326x0774
612,(292)472-6725x81551
613,(399)803-2127
614,152.873.1895
615,+1-664-964-0403x952
616,001-490-321-5534x609
617,059-357-0275x976
618,293.802.3384x626
619,109.324.0293x51478
620,533.246.7943
621,001-633-665-0665x501
622,255-182-0349
623,(090)239-6961
624,911-261-5682x32309
625,542.571.0271
626,495.128.2902x1601
627,001-495-019-9077x7192
628,378-236-1748
629,888-643-3098x75409
630,7223998343
631,001-077-874-3803
632,602-391-6651x583
633,862.900.0586
634,772-919-4047x9621
635,0720993151
636,(180)916-0497x08403
637,524-100-7734x49826
638,790-656-0863
639,(568)877-0674x060
640,001-988-599-1173x1089
641,(209)176-9199x0062
642,+1-422-390-5446x6202
643,013-371-7958x357
644,729-856-8102
645,(770)763-5726x5439
646,510.651.9372x933
647,+1-648-516-4695x7843
648,1592206715
649,001-660-714-5794x03459
650,001-843-709-9559x60158
651,001-417-676-6301x5281
652,+1-446-177-5646
653,244.028.5190x7863
654,(074)066-8361
655,(946)254-4305x5841
656,069-488-0512
657,(539)584-6642
658,(114)465-7858x365
659,699-641-1222
660,621.860.0330x6078
661,462.461.6207x699
662,963.790.3309x197
663,665-905-4258
664,(973)011-6133x887
665,092.287.7592
666,(826)611-4652x3443
667,(004)987-3969
668,(427)296-8805
669,001-860-148-5694x54531
670,449.456.1179x952
671,(733)653-6044x339
672,001-907-194-6932x4681
673,001-610-412-7477
674,(441)719-6515
675,001-883-752-4747
676,418-660-9932x5775
677,+1-635-312-0928x54193
678,(613)551-9947x296
679,001-627-743-3124
680,154-613-6987x22443
681,001-300-464-1047x6175
682,+1-336-041-4122x058
683,315.508.0477
684,129-216-2432x2356
685,001-474-182-7457
686,+1-757-350-0478x94702
687,202-777-2758x1930
688,(128)483-4141
689,001-946-386-9420x42365
690,576.396.6328
691,001-127-736-3313x1510
692,(407)810-5371
693,510.760.9258x960
694,067.963.4790x43959
695,620.397.5564x97358
696,937.680.9914
697,750-801-9303
698,(987)798-6547x080
699,001-165-588-2686
700,326.070.2631x89910
701,(177)222-9336x73890
702,001-083-353-3082x8631
703,+1-844-998-4402x0060
704,780-705-7630x23251
705,0209423322
706,446-479-5635
707,328-040-3299x5984
708,158-382-7651
709,(830)594-9872x42593
710,(373)096-0114
711,(407)457-2842x535
712,001-428-432-9324
713,+1-930-789-3168x65092
714,001-294-575-1015x98688
715,(612)657-5006x6559
716,758-284-9669x44364
717,572-104-6111
718,+1-113-606-6720
719,658-334-4590x527
720,001-446-889-6976x19576
721,+1-445-168-9106x9413
722,455.521.8965x12670
723,511-704-9015
724,(143)878-4058x9462
725,001-294-145-2762x092
726,899-917-4028
727,516.114.8587
728,(799)168-4184x78887
729,4266266211
730,+1-864-016-1275
731,+1-251-865-4647x9895
732,+1-063-321-4269x6013
733,(821)544-5864
734,970-855-9172x723
735,346-877-4408x540
736,2211896932
737,001-748-927-2402x240
738,(146)887-7380x42419
739,+1-201-003-1552
740,6292044502
741,+1-892-285-4647
742,315.015.5761
743,001-167-352-5136x688
744,+1-027-759-3649x05574
745,+1-929-323-3705x797
746,(114)456-2902x892
747,(768)300-0585
748,+1-975-526-3438
749,360-487-0158
750,+1-420-012-9529
751,876.795.4203
752,770-270-1435
753,(804)408-0084
754,001-155-642-5759x4298
755,+1-066-414-4734
756,007-614-9906x677
757,(748)286-4883
758,583-344-0781
759,361-293-7401x277
760,(832)613-7063
761,857-052-5651x429
762,001-142-928-8395x592
763,424.252.4261x831
764,(761)155-5479x04330
765,+1-496-201-9369
766,+1-638-166-8925x5735
767,(723)097-9796x6396
768,+1-409-306-9285x1271
769,001-400-793-0906x9813
770,001-094-315-2627x170
771,(229)148-6829x29986
772,(539)418-7604x772
773,(876)495-9707x643
774,001-115-392-8024x28757
775,001-947-995-4913
776,389.898.0196
777,(815)858-8917x78768
778,+1-358-265-4349x3014
779,(576)927-7253x6056
780,+1-189-830-2895
781,(293)354-6610x262
782,441.506.4470
783,0502678622
784,+1-567-613-0371x3737
785,447.131.7598
786,314-153-8181x00290
787,001-427-879-3978
788,+1-100-546-1812x92663
789,2596880433
790,845-793-2096x80240
791,992.540.6580x78944
792,001-797-548-7117x22207
793,(845)628-4824
794,(757)669-2943
795,(400)300-5252x123
796,304-353-0465
797,288.780.5749x702
798,001-767-788-2977x702
799,+1-666-336-1633x25662
800,591-231-7267
801,665.388.1011x69405
802,(196)708-1199x26257
803,001-222-751-5688x0412
804,166-999-5211
805,115.095.1791
806,(027)792-6929x930
807,(706)007-8776x4387
808,001-805-027-7943
809,1115263736
810,176-118-9040
811,726-493-0371x99243
812,1405214092
813,776.849.5153
814,001-800-547-1227
815,(226)892-1783x93346
816,001-919-021-9146
817,(378)048-1415x35649
818,506.304.1049
819,686.463.0203x488
820,(177)821-3825
821,026.297.5631x67477
822,6995876170
823,673-929-7130x413
824,048-230-5018x50864
825,422-249-1976x78107
826,+1-646-851-2801x10912
827,+1-639-411-7864
828,3662882255
829,4374814514
830,066.779.5469x42629
831,+1-041-552-6202x64517
832,001-087-133-8172
833,001-355-877-3699x160
834,(611)428-6967x631
835,164.228.6476x49436
836,823.329.5791
837,001-395-270-2800x23195
838,721.113.7739
839,+1-252-363-0539x08661
840,+1-476-528-8325x70457
841,8699866488
842,811.265.2427
843,001-249-136-3058x020
844,6076339483
845,001-441-387-5630x658
846,001-132-317-7200x30689
847,432.924.9291
848,(542)536-4053
849,414.688.3730
850,200-190-8631
851,+1-423-787-7613x88061
852,038.842.5763x91099
853,+1-896-880-9184x06565
854,(766)198-0255x872
855,685.699.5972x7461
856,951-555-6142x065
857,001-807-767-9048x4099
858,(397)341-7043x21294
859,+1-115-957-8236x889
860,001-216-020-3698x1630
861,915-142-6977
862,+1-412-497-1804x9508
863,(391)578-5988
864,001-920-768-7815x1013
865,6044954587
866,(010)597-4108
867,+1-705-907-7708x9419
868,535-194-2275
869,406.049.8172x2777
870,0757534398
871,614-638-9218x722
872,5655080223
873,680-561-6628
874,001-544-782-2296x98742
875,(361)481-4231x06941
876,(537)591-5944x8430
877,7847720259
878,001-407-766-7812x787
879,741.797.7920
880,001-143-056-8862x93194
881,+1-065-260-2124x84492
882,+1-910-338-6638
883,(741)666-1168x8443
884,+1-581-087-6126
885,350.451.3116
886,001-729-380-2686x2815
887,890.193.2938
888,109-425-2612x3008
889,516.497.7378
890,001-200-192-8305x58655
891,036-040-7576x02417
892,042.539.5131
893,810-231-6825x251
894,001-094-085-6982x1066
895,(504)466-5012x5234
896,001-834-609-0357
897,729.332.4409x468
898,(725)561-6568x29891
899,571-596-4412x6004
900,406.742.9873x918
901,623-713-8089x475
902,(018)719-6495x9998
903,001-240-118-4591x0566
904,+1-087-036-4535x051
905,251.203.6526
906,(055)080-5772x48436
907,979-689-0366
908,7868525631
909,001-765-099-7959x262
910,+1-494-458-4586x97930
911,+1-551-520-8029x048
912,+1-517-511-7029x414
913,086-029-0701x144
914,001-342-318-7611
915,763.955.4937x314
916,(864)591-8588x6064
917,001-848-196-8263
918,(566)013-0858
919,(818)651-8275
920,4092717241
921,+1-023-941-2117x665
922,(699)174-1784x94278
923,(333)275-3884
924,+1-683-253-1679x50444
925,479.796.6221
926,001-831-721-3577x520
927,211-923-7905x871
928,268-588-9086
929,001-392-214-4688x96714
930,(836)379-6670
931,4925181919
932,001-917-682-4276x863
933,534-823-9573
934,+1-868-617-1238
935,397.074.5297x1020
936,649-975-7794
937,+1-713-448-8017x66526
938,+1-800-059-5470x703
939,001-002-474-5482x914
940,334-444-3194x108
941,610-970-5976
942,639-380-5088
943,+1-001-895-4582x7485
944,+1-881-644-1172x94093
945,(459)572-2718
946,550.955.8971
947,+1-453-892-9113x43751
948,643-022-6448
949,316.391.9583x19245
950,+1-839-958-0882x851
951,610-546-4262
952,001-955-933-4325x71640
953,(081)378-5473
954,+1-602-802-6098x96847
955,685.214.9499x64913
956,001-924-265-4644x65225
957,001-108-646-9464x2283
958,145-130-5010x9324
959,(293)226-6455
960,001-881-638-8537x345
961,+1-828-188-2643x657
962,001-020-845-7240x596
963,+1-612-035-0739x485
964,554.074.6628x692
965,+1-592-182-2889x55969
966,001-343-662-0944
967,749-732-4849x443
968,746-291-4173x3459
969,001-122-239-5806x117
970,4338612372
971,(989)626-9844x049
972,748-270-5111x55836
973,(006)203-5683x598
974,(409)059-1547
975,(419)147-4083
976,+1-373-701-4158
977,532.901.5336x15275
978,001-496-318-6652
979,5064235639
980,(297)363-9408
981,086.557.6345x375
982,541-233-6723
983,(563)435-1972
984,985.619.6067
985,(940)188-2248
986,484.235.1336x98274
987,912.495.4400
988,(146)308-0954x8196
989,(919)946-3336x063
990,+1-513-579-0300
991,5293979842
992,001-516-614-1199x702
993,124-555-1698
994,(796)743-0821
995,(052)091-2773
996,(166)523-6040
997,536.455.6929
998,027.357.8329x0103
999,+1-880-387-2983
1000,001-468-722-4526
