CUST_NUM,CUST_STAT,CUST_BAL,INV_NO,INV_AMT,CRID,SSN,phone,Email
CUST83481,ACTIVE,60899,INV125437,2222.65,J4IO61QF,940-12-1300,6867864586,vnc62h64@company.com
CUST36378,ACTIVE,372788,INV504612,4924.6,1A588WL5,409-33-8654,7182759410,i6romg13@company.com
CUST74936,ACTIVE,45069,INV915341,1907.32,NIQPTJMM,321-77-8447,9564608377,xhweye49@yahoo.com
CUST66647,ACTIVE,76942,INV646691,4427.12,HZ2A3A6Z,590-52-4486,9976452340,rofn8142@yahoo.com
CUST90755,INACTIVE,82106,INV714829,2394.38,CH374VER,273-12-5809,9027195833,5hxljj93@outlook.com
CUST49313,SUSPENDED,398363,INV361627,2073.97,2E3UVECX,507-28-9479,7717191418,f16gx919@company.com
CUST22689,INACTIVE,263598,INV498346,4755.18,05B3ESI7,157-65-3792,7698025187,je456n62@gmail.com
CUST86570,SUSPENDED,477572,INV282553,2739.04,DJS43HOV,956-77-2955,6947827781,8w1iwd29@company.com
CUST74874,SUSPENDED,391927,INV143883,2325.38,V61STVX3,393-71-4702,8526162286,rziwah62@yahoo.com
CUST89636,INACTIVE,252638,INV223187,3246.62,JAIMVWLD,801-23-8770,7603567931,8xv6bp56@gmail.com
CUST98498,SUSPENDED,180688,INV604212,671.67,U39Z0PPS,463-23-8117,8708815990,m9ml4x12@company.com
CUST63710,SUSPENDED,94828,INV667155,2303.05,OSE3OWSU,178-99-3364,6943041947,3gf0d197@outlook.com
CUST83314,ACTIVE,114767,INV330245,2062.29,JMD7DHDF,268-67-6669,9526310398,1h03wm14@company.com
CUST90109,ACTIVE,294068,INV197832,738.78,GE8K7ZK3,255-47-8089,7941638101,s2b0nr63@yahoo.com
CUST52966,INACTIVE,182914,INV420564,3433.49,RQGJ1UP0,236-37-6665,7806383948,4inpxy38@outlook.com
CUST72581,SUSPENDED,421468,INV219746,3174.22,Y4DBKEHY,564-62-1256,7404143843,zwvoof43@yahoo.com
CUST74134,INACTIVE,352522,INV260400,980.82,JCP9RT8Z,833-81-3464,6563325562,klui1y61@company.com
CUST74955,SUSPENDED,489650,INV965802,3903.92,RINI4A5L,689-18-4185,8861314113,4xyuun93@company.com
CUST14051,SUSPENDED,381457,INV352235,2737.02,HZSJGN4H,589-90-8786,9439092737,8cy86747@outlook.com
CUST67117,SUSPENDED,318100,INV114072,2266.49,1O71K7IM,193-14-3353,7722914824,hqqdj456@gmail.com
CUST66739,ACTIVE,331584,INV819204,1739.31,K82Y4S75,126-79-3928,9936128082,y62mjj18@yahoo.com
CUST52869,INACTIVE,471106,INV796294,4002.86,VOKPFXOX,503-70-3458,9296227004,y3uk5x21@outlook.com
CUST76112,SUSPENDED,44418,INV148259,4009.87,CR1BZRCO,628-49-3980,9172506008,jlpm1i73@outlook.com
CUST56670,ACTIVE,12537,INV489743,723.12,WMN8I7XA,643-54-4053,7361210575,znilbu50@yahoo.com
CUST37108,ACTIVE,393826,INV108193,694.67,PBCUBUTG,118-79-7540,7433987218,yvpx9k70@company.com
CUST33386,INACTIVE,1464,INV422455,1312.68,TLSSQFK6,816-31-7035,9380304162,edz20993@gmail.com
CUST39456,ACTIVE,223793,INV891238,1730.2,Q3ZTVWM4,511-76-9581,6774252992,nndt1j62@company.com
CUST10300,INACTIVE,306228,INV358319,1990.81,OS2T8BLR,365-10-7771,9800117176,zhciou77@gmail.com
CUST63074,SUSPENDED,76681,INV103845,2786.54,JTOSVGE0,735-26-9247,8585671453,42l6he41@outlook.com
CUST24424,ACTIVE,281225,INV724167,1053.79,S2XUE1VK,343-58-9383,7825243073,hyg3jq98@gmail.com
CUST26255,SUSPENDED,227164,INV136894,1405.51,3LBMODEM,839-65-3216,7098847896,uesywy45@gmail.com
CUST35462,INACTIVE,97179,INV777095,3795.08,RZCS5AUI,461-92-4315,9233701452,g08urt30@gmail.com
CUST11840,INACTIVE,410046,INV514190,268.63,6C5T80JV,118-24-7975,6795180204,ilj6bv58@gmail.com
CUST67348,SUSPENDED,90317,INV550603,2326.59,1NC48Q9Q,761-81-5261,8733466215,qevwg940@company.com
CUST40841,INACTIVE,252197,INV522404,1014.31,9075FPHJ,654-73-3056,7246946498,c8tyv180@outlook.com
CUST93954,ACTIVE,461988,INV658928,2322.7,2T7PNKAL,285-41-9044,7801031382,2344wg27@gmail.com
CUST33844,SUSPENDED,329833,INV771248,299.22,2GI7JRJM,506-81-2567,7326047732,ufji2419@company.com
CUST86883,SUSPENDED,319182,INV364736,3134.98,K4P84RI8,225-72-2133,6224692526,wlse1b41@company.com
CUST62566,SUSPENDED,74606,INV119324,1172.7,GOPPNRJE,522-44-2531,9725271003,817t5q51@company.com
CUST19785,ACTIVE,71247,INV936089,3790.7,Y6VZR69S,711-27-7278,7260202023,5u17sf43@company.com
CUST19952,SUSPENDED,402654,INV396695,2079.46,09PQ2JTD,719-53-8997,6956921746,icl1to85@company.com
CUST63970,ACTIVE,72819,INV144740,4093.02,WT89XAXY,879-83-3653,9526694588,bitxku27@gmail.com
CUST94579,SUSPENDED,377863,INV744133,4659.74,2PIY2Q57,378-80-9088,9996174807,cuq6jt64@gmail.com
CUST88715,ACTIVE,350857,INV572697,140.75,U2MVIQP2,627-49-1221,6912788861,ruyf6y26@gmail.com
CUST85004,INACTIVE,340698,INV512155,330.8,U31YMOMF,790-70-4019,6661376287,yv5e0z30@yahoo.com
CUST54753,ACTIVE,18547,INV992182,667.52,SE60F8NF,144-91-2291,7356302722,8giqzi15@yahoo.com
CUST43980,ACTIVE,319795,INV845948,726.07,B31R4ZW5,139-24-6018,7256949688,r5jv3772@company.com
CUST45129,ACTIVE,370821,INV485508,713.39,00NP868D,974-78-5500,7315995282,h0yft480@company.com
CUST81763,ACTIVE,314535,INV248564,4760.8,RXMGCPON,774-85-3079,9669390209,ajhrh224@yahoo.com
CUST58892,INACTIVE,240829,INV386514,1945.09,XZSFCI8O,364-87-7773,7824642508,jl17ln53@company.com
CUST99061,INACTIVE,293345,INV526562,3765.37,ISEWHYYR,791-56-7365,7939130055,5drqgr64@outlook.com
CUST89641,SUSPENDED,368852,INV482014,1095.08,4ME2LSSD,383-21-5804,6869585858,99vcmm65@outlook.com
CUST95401,INACTIVE,228356,INV297161,3746.85,446O9K6X,172-84-5407,6075557105,7vs2c960@gmail.com
CUST62276,ACTIVE,209628,INV191716,249.14,IMOPYC0K,420-69-7191,9887041365,5na5xt59@outlook.com
CUST10029,ACTIVE,388692,INV293368,1369.53,ZAQB96OM,771-61-1439,6468262160,u1e2md17@company.com
CUST80549,INACTIVE,486693,INV935625,2800.54,VMZE6Y2D,492-53-8095,7467966701,ofrcg315@yahoo.com
CUST67063,ACTIVE,211075,INV911219,653.24,BL2I1LC0,753-31-3112,8856410258,13vhiv75@company.com
CUST98863,SUSPENDED,154429,INV699914,4262.95,EM26Z8CW,371-34-3629,6569364110,43f0gx90@outlook.com
CUST47965,INACTIVE,307700,INV836313,2528.58,M1J0KAI6,321-82-9052,8857175933,6zwp0t97@gmail.com
CUST23520,INACTIVE,487511,INV459179,4195.02,84H50TT2,366-13-9751,6502433619,oqwmv146@outlook.com
CUST66782,SUSPENDED,407271,INV868869,1848.59,CNZZ9O3J,432-91-3208,7026444803,fj9c8768@outlook.com
CUST54546,INACTIVE,158601,INV599386,4279.88,OVVSZY2X,299-78-4487,8705018026,svsf3115@outlook.com
CUST79003,SUSPENDED,454068,INV586247,3721.3,57LYS0XG,511-49-9921,7550583358,pb3o9v10@outlook.com
CUST47089,SUSPENDED,269983,INV362887,2816.14,9V8WZMRL,610-33-6701,9784893944,67a1nx93@gmail.com
CUST45893,INACTIVE,307738,INV443782,2538.84,1Y78QFL6,542-51-3529,7208219858,xoe0jm55@yahoo.com
CUST52013,SUSPENDED,187952,INV739664,524.36,T3403FEM,620-24-2985,7772475905,3t8gos33@yahoo.com
CUST92479,INACTIVE,65330,INV936177,3901.37,8M1YK0D7,744-30-3857,8153821383,luqvt178@outlook.com
CUST21992,ACTIVE,257097,INV931604,2195.9,855GDV9S,632-98-7008,7133669536,49lk3127@company.com
CUST18750,SUSPENDED,133104,INV581004,3766.25,1917ZNQQ,473-89-2946,7944921242,nkel3h84@gmail.com
CUST54636,SUSPENDED,119134,INV770234,2148.4,UIM804Z3,651-57-3078,7234491892,dnjlab44@gmail.com
CUST25547,ACTIVE,351649,INV443184,2247.04,RX26ZFAA,526-74-4747,6558013698,u13s5v10@outlook.com
CUST22175,ACTIVE,76822,INV769732,1602.49,YTQKBHGJ,479-55-6917,9817110412,yyzj4j40@gmail.com
CUST89149,INACTIVE,443324,INV474810,4988.85,Z2XUKV8E,712-19-2431,8422137293,5zuwxw48@gmail.com
CUST94146,SUSPENDED,311064,INV281118,2778.22,BGO6OHPH,554-11-9230,6870976260,us7ue113@company.com
CUST62954,SUSPENDED,186903,INV849172,2167.66,K38023XB,279-25-5808,9097503072,7qa9og39@company.com
CUST38862,ACTIVE,151699,INV555518,4053.56,B7OSKSWC,594-95-9999,7555238332,9e6cbg87@gmail.com
CUST66675,ACTIVE,266987,INV785832,2003.61,8EQ66GHP,819-71-2431,6574564819,euxg4k46@gmail.com
CUST47883,SUSPENDED,463901,INV120508,1302.06,UL54730S,455-90-3738,9930536241,g52lna10@yahoo.com
CUST14093,INACTIVE,17320,INV504885,4499.67,CSPUYCCD,314-96-5195,9577525798,9gz9c122@gmail.com
CUST87648,SUSPENDED,64636,INV973843,4586.9,IC6NEBOP,193-22-1239,7151044634,99ee5063@outlook.com
CUST96712,ACTIVE,462864,INV831797,903.42,2NT80G7P,997-11-2178,9209015171,ubdw2478@yahoo.com
CUST93753,SUSPENDED,118461,INV226607,3039.42,405RQTDQ,391-51-1867,7170507025,6iln8079@company.com
CUST68657,ACTIVE,349472,INV363552,1461.76,VYESTZ2Q,854-48-4170,9898963423,62oufz28@yahoo.com
CUST40264,SUSPENDED,89656,INV864819,1682.87,SCEKKQAQ,217-35-6958,7682840963,zknv7913@outlook.com
CUST17693,SUSPENDED,228629,INV776267,1758.07,ODFTZSQA,891-41-1787,7241061946,5rqgw742@gmail.com
CUST34257,SUSPENDED,372481,INV805065,1185.51,BH7IYNV7,166-16-7229,7063964117,5mk31949@gmail.com
CUST11159,ACTIVE,335129,INV325277,3466.18,61LZKO9V,969-39-8201,8985520145,jnd64v56@gmail.com
CUST32455,ACTIVE,293205,INV505855,3182.81,J30XX6WR,773-67-9304,8618864883,xfs86571@company.com
CUST76354,SUSPENDED,121347,INV191926,2481.19,K7KUECMB,471-94-5693,6058630721,91nj0w82@yahoo.com
CUST80251,INACTIVE,460284,INV610954,1680.14,4VEAIK71,960-29-3059,6507386402,olwlna61@yahoo.com
CUST76039,ACTIVE,55020,INV113969,4858.5,ATF8NVRG,273-13-8350,6968699035,qynh5j80@outlook.com
CUST56145,INACTIVE,355334,INV359035,1203.03,PLESSTBY,903-23-4444,9334806653,lf9ql439@company.com
CUST75205,INACTIVE,6394,INV275588,2032.82,QM6YINVY,919-87-7681,7651245448,okpp7453@outlook.com
CUST19847,SUSPENDED,121233,INV427232,3830.74,4U4D8MVE,602-59-4146,8424598837,qg3u6e86@outlook.com
CUST73917,SUSPENDED,269318,INV134065,1422.66,TN03HIIJ,258-76-6148,7770688947,zyizic73@gmail.com
CUST10253,INACTIVE,376399,INV256226,120.58,4HKKYM0M,740-20-7395,8298269865,rkbb3x91@outlook.com
CUST99845,SUSPENDED,376513,INV771957,4839.1,9K918H9C,102-81-8692,6686986865,n3h2x120@gmail.com
CUST34767,SUSPENDED,284553,INV414728,1817.72,RPYWI7LV,946-67-3668,8695785424,zepdpy10@outlook.com
CUST46676,ACTIVE,482024,INV783820,3405.67,V14PUJX8,767-19-5890,8771337099,yg0ui542@gmail.com
CUST26586,ACTIVE,15992,INV111963,3820.79,V96ADQKM,764-64-7171,6367880104,67zh8j67@company.com
CUST70373,SUSPENDED,13479,INV213123,1520.34,H3OU3VIH,200-71-5020,6338185571,7w2ygp59@yahoo.com
CUST76977,INACTIVE,299606,INV393468,2991.73,BWUK0D2D,516-73-3807,8094371170,8yy3zz16@gmail.com
CUST33423,ACTIVE,135563,INV699746,354.06,991WUT6O,254-60-1984,9464118556,w2ftm915@company.com
CUST15085,INACTIVE,448070,INV870576,153.45,ZU724WAB,653-10-7954,6552897077,e9n80e99@company.com
CUST56128,ACTIVE,448919,INV969292,4943.91,5HVHKWS7,460-81-9263,9699787331,fyrnfn71@yahoo.com
CUST47427,SUSPENDED,398279,INV827293,2009.75,NC41BIMT,794-68-1994,8688152393,wvhv5h25@company.com
CUST14355,INACTIVE,483352,INV336570,4116.27,TPNZ9LK2,465-97-4642,7086803216,hq144z17@outlook.com
CUST21770,INACTIVE,79184,INV397517,1971.48,IF5YOGVQ,253-55-3924,7014385808,unfocd58@outlook.com
CUST29588,SUSPENDED,68323,INV861111,1260.98,PTRKYIGZ,548-17-7537,7170335213,5i4v4g71@yahoo.com
CUST92408,SUSPENDED,443980,INV608742,93.4,IP7V44SO,536-10-1936,6274294739,n99vi866@outlook.com
CUST93415,INACTIVE,288614,INV927850,485.46,MFN5RZ5N,771-97-4249,6669040243,x0b58870@yahoo.com
CUST85240,SUSPENDED,6740,INV337958,3557.84,G08IRMXY,843-58-2050,6068799060,dnaxtv52@yahoo.com
CUST68912,ACTIVE,456140,INV280842,3026.97,0V7N5VTE,512-81-8974,9349994065,qwvuca13@yahoo.com
CUST25147,INACTIVE,301251,INV216003,214.02,O2TY62VD,665-70-7056,7516433474,fbwvyt58@company.com
CUST82706,INACTIVE,99862,INV354396,4479.97,4BS03CQN,882-20-6351,7433798866,l0kmab75@yahoo.com
CUST18233,SUSPENDED,167040,INV226406,4354.16,L03AZBLI,319-74-8751,9644981550,i1s79v33@company.com
CUST90604,INACTIVE,399356,INV272354,3764.31,UYURXRS7,292-10-6392,9403904246,2zpxk685@gmail.com
CUST93837,ACTIVE,200362,INV404612,2840.41,F0IHP0R6,133-13-8061,7622220818,oehy6325@outlook.com
CUST17805,SUSPENDED,34464,INV632699,2883.88,FHD0MCH1,710-17-1841,6899324726,nwq5el26@outlook.com
CUST58457,ACTIVE,342523,INV396739,1168.03,W5RM2WAV,665-55-1141,6370171857,h54p2r19@outlook.com
CUST82568,SUSPENDED,429188,INV572152,4486.06,2OLG2MZE,657-46-1592,8954315030,vdfuzo33@outlook.com
CUST92096,INACTIVE,492806,INV804444,4124.31,6JUSHIIM,592-28-5889,7045658468,4mf3sr75@company.com
CUST31472,SUSPENDED,290299,INV825590,2503.43,9HWYOPGC,997-11-1492,7893418494,oznsk123@outlook.com
CUST79845,INACTIVE,393015,INV180460,3491.83,IVFRIXY0,259-87-4981,7562651763,cdz6eh26@company.com
CUST24208,INACTIVE,420848,INV772865,4649.9,LVXC3IFA,583-44-3368,9281869852,3j246p13@gmail.com
CUST93662,INACTIVE,377392,INV265482,1800.25,JZAC57AG,231-79-1555,8974887425,fe4vm753@yahoo.com
CUST15424,ACTIVE,128597,INV879335,95.12,6SNLJBZX,699-11-6761,8992645545,vna2jj68@outlook.com
CUST19196,ACTIVE,391956,INV984082,389.51,JKXPOAN6,371-64-7746,9982228484,nypler10@yahoo.com
CUST25894,SUSPENDED,492698,INV847933,3644.87,6EZF07QM,874-32-1816,8650726857,fe49w951@outlook.com
CUST26103,INACTIVE,235614,INV461264,2263.11,C08P18L8,472-85-6502,6632204504,gtxecy17@company.com
CUST78983,SUSPENDED,80470,INV525572,4014.62,0QDNQRGS,777-24-5685,8240222294,o5bmcj86@yahoo.com
CUST97220,INACTIVE,26390,INV989508,112.54,KRA4XZ2A,609-94-6005,8971632549,jf8y1q46@outlook.com
CUST56032,SUSPENDED,204460,INV824740,4487.42,2NOBGXQV,745-17-8634,7807580477,vaceka21@outlook.com
CUST72424,SUSPENDED,108616,INV131217,4844.78,0OL41WQU,164-89-2557,9481201587,jpdc3i89@outlook.com
CUST61543,ACTIVE,113426,INV227094,2589.37,8GWRSDP2,215-52-4265,6471489165,h4akfw77@company.com
CUST88034,SUSPENDED,418721,INV396875,4616.05,9GI8Q8YO,139-21-6288,9748057136,bhkxkj81@company.com
CUST92022,INACTIVE,324917,INV229994,1126.63,DUSGZ6Q6,212-31-9316,6953840642,amfyol22@yahoo.com
CUST11507,ACTIVE,346163,INV505604,3407.5,XSGALUG5,273-80-6678,9684004658,g1cj4d81@gmail.com
CUST38953,ACTIVE,233879,INV866512,4319.3,ZBQZ0ONO,774-12-3992,6565202757,08xd6z46@outlook.com
CUST42836,INACTIVE,261331,INV143970,3433.72,CKYNTF2F,699-51-5046,8704119163,ppb0wt11@gmail.com
CUST62255,ACTIVE,317155,INV350296,2208.62,X41VLIR1,890-32-5745,7999821859,dme2l828@gmail.com
CUST15747,INACTIVE,113661,INV397800,1836.02,I4FOIVN8,463-13-5082,8045975156,scsrn287@company.com
CUST13903,SUSPENDED,200660,INV879836,4572.5,BCGQPT8A,667-42-1597,8376681878,dqn99379@outlook.com
CUST32293,ACTIVE,42228,INV382301,1232.18,AGI0N7IF,211-51-2308,8088286365,7rhrss86@gmail.com
CUST68932,SUSPENDED,64896,INV845641,92.42,YTU0W69C,375-91-3477,6431279642,j0cafs55@outlook.com
CUST18643,SUSPENDED,439274,INV745432,4729.53,41YE8R8A,999-51-6011,8963687901,loh17c93@yahoo.com
CUST12923,SUSPENDED,237313,INV244727,4366.55,N0Q28F1D,824-43-3699,6611414056,dna58u32@gmail.com
CUST71649,INACTIVE,327,INV251123,4370.05,MKV9WCH9,453-21-6361,9127383651,7njsgv80@outlook.com
CUST45290,INACTIVE,272401,INV404550,333.43,AAGJZ30R,275-51-2316,7435988107,01sfr343@gmail.com
CUST68651,SUSPENDED,91568,INV711542,2101.24,GE66D8T0,246-37-9823,6230817348,o0yfz193@company.com
CUST88760,INACTIVE,351370,INV406461,4882.99,1NAWQT57,480-54-3271,6303488509,dscxfy17@yahoo.com
CUST84196,ACTIVE,93673,INV292718,544.2,E6E3WE68,902-96-5854,7460597596,soq3pl93@outlook.com
CUST35802,ACTIVE,344256,INV969296,3475.52,OTHGSDNI,173-78-6233,6774450687,u4jjh345@gmail.com
CUST41588,SUSPENDED,114048,INV270157,231.4,7YN3LU0C,273-62-8235,8023443627,ptk9hw30@company.com
CUST26663,SUSPENDED,232702,INV716483,349.82,2DBWBC97,986-14-5521,6262647881,571nji19@yahoo.com
CUST40182,INACTIVE,198304,INV340618,2398.18,RIH4C7R9,351-30-4802,9374063233,9jahdq71@yahoo.com
CUST69842,ACTIVE,167426,INV274149,2404.01,YYGPA0VA,682-62-6320,7497434878,8okxhm76@gmail.com
CUST15850,INACTIVE,19443,INV915810,4155.74,JMEA2ELN,898-31-4769,6858858020,0yuc2m26@yahoo.com
CUST25954,INACTIVE,162138,INV812934,1734.83,9GLPNG1I,444-62-6148,8726795712,7zw3ye36@gmail.com
CUST78501,ACTIVE,455590,INV150146,3070.8,XL9PJ7QL,984-17-4183,8987496562,flm4wd88@yahoo.com
CUST92924,SUSPENDED,63950,INV362670,697.24,AQXDD334,524-54-9024,9275564294,s6ukbi10@gmail.com
CUST17130,INACTIVE,229316,INV444081,887.92,19GDDV2W,925-92-3196,9681687138,pg1xf276@yahoo.com
CUST33372,SUSPENDED,257371,INV873927,3733.9,LEWCDCAI,911-58-1740,6785606337,o4xk7a74@gmail.com
CUST66872,SUSPENDED,353214,INV972437,1214.52,72XLU1ND,507-52-4237,8366599163,d56gof26@outlook.com
CUST93187,SUSPENDED,269912,INV692993,2431.86,UU9861ZM,960-53-3663,7348971615,y3f33r76@gmail.com
CUST86047,INACTIVE,158034,INV750656,1960.09,NYHNV7FH,299-30-4981,8390355544,abw9pt19@gmail.com
CUST17527,ACTIVE,222391,INV973207,1556.33,SROSVXSP,397-43-6824,8239694385,tdc81z34@yahoo.com
CUST52889,INACTIVE,161200,INV362240,2872.14,SDOKQW8J,444-45-9744,8420407013,0wou5z69@yahoo.com
CUST86077,ACTIVE,79580,INV168438,3737.32,3MFYB8UF,311-70-3533,7172846436,r7ns4261@gmail.com
CUST14487,ACTIVE,394928,INV199969,1325.7,CJ3QW7KC,815-54-1240,7117443734,9b3nsu41@gmail.com
CUST65768,SUSPENDED,203956,INV933656,4645.51,RF0CYK2V,919-39-7316,9784946827,1zrvtz60@outlook.com
CUST16594,ACTIVE,335438,INV832796,569.44,NTFMYTGZ,730-20-9894,8553242593,imtlg951@yahoo.com
CUST30384,ACTIVE,202888,INV198209,3023.5,SZA4OKCX,291-58-2016,7638870652,j4silh49@yahoo.com
CUST74069,INACTIVE,16005,INV171230,4211.26,T170V2Q3,887-50-4897,6519373824,zl43mh94@company.com
CUST23484,SUSPENDED,334627,INV408200,1828.61,777JGBRY,992-32-3491,6099882960,98h4sd61@yahoo.com
CUST73315,ACTIVE,248922,INV667472,2847.6,3ALS8H1D,400-53-1196,7063906661,mv27e846@outlook.com
CUST11608,ACTIVE,305601,INV535107,4203.31,OK05ZEBI,253-69-8706,7269523205,43q9c342@company.com
CUST78919,INACTIVE,304583,INV641746,923.56,U3MQC9YE,517-70-6015,6665222620,e3hqdk52@outlook.com
CUST90477,ACTIVE,96880,INV131847,4329.94,F4ZZBG93,191-32-5229,8290327233,vpxz8w24@company.com
CUST83593,SUSPENDED,75330,INV864063,4083.0,6XXNAVT1,739-50-9714,6916837351,26l4ma63@outlook.com
CUST40991,SUSPENDED,497427,INV378246,3237.99,MGW7B7BV,269-56-9221,6434927595,vr4b1358@gmail.com
CUST71657,INACTIVE,374787,INV403669,2716.24,Z0POBZJT,732-58-6862,6190468512,e5bd0057@gmail.com
CUST23912,INACTIVE,428047,INV217802,3585.2,MNW850QV,695-31-6339,6652225685,8rs9t786@yahoo.com
CUST53339,SUSPENDED,255222,INV735755,2020.23,L5FT96XE,509-30-1233,7613867271,z2fypp15@company.com
CUST95306,SUSPENDED,304066,INV429909,362.88,T42NCM65,997-82-1405,6852918494,hrqzr494@yahoo.com
CUST52835,ACTIVE,470914,INV354466,104.54,HU70GZVJ,811-70-3966,8205732026,uv4yl730@outlook.com
CUST16240,ACTIVE,54275,INV348520,4817.1,9P7MLHQK,251-24-8440,9622533089,qxf86u74@yahoo.com
CUST21965,INACTIVE,358674,INV622040,4826.36,QY9CX0L7,181-56-3267,9696896691,0jjtu316@gmail.com
CUST30965,SUSPENDED,166864,INV612089,3238.2,F21P2MBU,182-17-2358,8793856600,xvdrgd20@gmail.com
CUST11020,SUSPENDED,469360,INV621592,409.21,4QCML9TA,395-71-1271,9544467255,jjfido74@company.com
CUST95144,SUSPENDED,274023,INV460474,2993.65,G0Y2PB00,659-78-9179,7133397078,z5ilaa72@yahoo.com
CUST82968,SUSPENDED,304458,INV596561,3198.21,PRHC9A1R,302-53-8542,8476254767,hfljag52@company.com
CUST47940,ACTIVE,306791,INV314814,233.05,ONBIIWER,964-44-8619,7428676319,gvirpb61@gmail.com
CUST56427,ACTIVE,71767,INV807079,3806.77,GBSU704B,236-67-7916,7489748125,gzvunb54@yahoo.com
CUST97506,INACTIVE,315247,INV902875,2076.43,0ZUZEB5S,189-37-7548,7090891164,s2f4v585@gmail.com
CUST40423,INACTIVE,460232,INV590705,1672.29,BPC003UZ,320-99-2421,8499203504,41rxc447@outlook.com
CUST76275,SUSPENDED,270376,INV893295,928.08,0US7S476,807-68-3532,8046149274,qwwmt474@yahoo.com
CUST74393,INACTIVE,451556,INV572656,1315.4,BJAGU4DG,225-50-6442,9095047074,7y3u4670@company.com
CUST72900,INACTIVE,194511,INV484957,2503.82,JKE4GXN7,423-78-3111,9708255257,q8dju428@yahoo.com
CUST36966,ACTIVE,154384,INV343961,68.27,MK5X7LSF,690-63-3887,7851362784,yv646458@outlook.com
CUST57472,INACTIVE,101402,INV932392,3565.85,3292EEV2,389-80-2891,6593416174,2i4zi118@outlook.com
CUST92178,SUSPENDED,160388,INV860593,2503.49,F0VP5LRG,493-49-6245,8113026952,555uz887@yahoo.com
CUST92570,SUSPENDED,14382,INV433339,594.77,J2CUNVF1,483-93-5240,7110481355,47vk9a77@yahoo.com
CUST30698,SUSPENDED,232736,INV922386,3359.24,CUQ4SJSL,822-87-1037,8691269754,slp7wb80@outlook.com
CUST83416,SUSPENDED,11536,INV618039,889.04,279N1QUP,892-58-3639,8489465495,lb5sif82@yahoo.com
CUST48569,INACTIVE,401124,INV620059,1589.95,47T55EN4,159-80-5519,8648996736,4yzvdv95@outlook.com
CUST25672,INACTIVE,360849,INV695122,953.99,TMGT5RAG,490-77-8412,8348158380,s7b58m53@company.com
CUST95577,ACTIVE,399552,INV513605,4291.59,13UPTNUL,969-12-8543,7890677864,jvq96g58@yahoo.com
CUST88954,ACTIVE,370871,INV222061,4960.69,1PP6HVWR,143-91-7732,8808649936,qoc9lm38@gmail.com
CUST12506,ACTIVE,63417,INV367098,2190.11,372KSCO9,545-68-3240,6274552504,ahjson42@gmail.com
CUST66255,SUSPENDED,498992,INV374925,794.88,J5FXPCJN,526-54-9664,8117706258,0l7ecz66@gmail.com
CUST80839,INACTIVE,398894,INV314327,490.78,13I5KO00,198-37-3799,7395536460,n3fyr084@yahoo.com
CUST56418,SUSPENDED,184451,INV924939,2018.63,6CII9G7C,441-85-3324,7918598643,l5izpd99@outlook.com
CUST27291,SUSPENDED,427724,INV802993,4104.54,DTCC93F2,599-57-8796,6428684719,7if8rn36@yahoo.com
CUST97932,SUSPENDED,117173,INV207330,3364.26,3KQUJ2YJ,538-47-8299,9351014288,uhp7ep30@gmail.com
CUST88398,ACTIVE,190848,INV857554,3754.76,RPL8F4MX,621-87-6044,9608271411,y88x1g90@company.com
CUST16688,SUSPENDED,302231,INV831817,3202.14,2N2N2LXZ,654-20-2265,8582312325,gb7do729@outlook.com
CUST35364,SUSPENDED,115757,INV916065,3248.18,REPJ330J,228-99-6636,6784074948,ivxygz47@company.com
CUST71103,SUSPENDED,220877,INV973843,1016.13,25ATSQNK,470-34-8349,6775472438,88xj1a91@outlook.com
CUST36142,SUSPENDED,398738,INV783551,4398.13,2IWSFS0C,995-60-2041,6848723328,99mlg186@outlook.com
CUST72840,SUSPENDED,337154,INV691710,4378.36,17GLY04C,545-80-1615,7216108365,ze91zi40@outlook.com
CUST97539,INACTIVE,99361,INV988249,943.45,XRSZDGNC,376-19-6379,6295516892,f1i0sm25@gmail.com
CUST27040,ACTIVE,50595,INV522189,533.25,SVLBFACE,447-42-3362,7941872168,qmw93v33@outlook.com
CUST40815,ACTIVE,248736,INV882594,318.53,GUMI88QW,974-16-3392,7555851013,crbn2m28@outlook.com
CUST60261,INACTIVE,398850,INV444631,3878.65,XKJTVULG,273-68-5370,7854338921,hrdorz82@company.com
CUST40640,INACTIVE,480167,INV944932,2097.09,3BX3WIVG,500-25-3033,8147168813,9b2sh859@company.com
CUST65511,ACTIVE,66428,INV964749,1217.08,ESZ2GML6,910-14-3045,7880326055,k0ugfh43@yahoo.com
CUST86229,ACTIVE,72409,INV360180,4963.99,BH1F38JQ,474-48-5268,7206456779,f64zhx48@yahoo.com
CUST50519,INACTIVE,28029,INV699149,3367.0,I4O184HG,932-12-7836,8785987371,08q3bx62@company.com
CUST44961,SUSPENDED,42097,INV100041,2747.13,J1D2U4CC,135-73-1029,8088275301,f8dq0b86@gmail.com
CUST60289,SUSPENDED,223678,INV642273,1529.78,G0DOG8SE,985-91-1624,7590123582,3nh0cw97@yahoo.com
CUST75235,INACTIVE,296522,INV797327,3064.92,H8RQUON7,309-80-9986,7946185806,127jt291@yahoo.com
CUST49258,ACTIVE,264729,INV970619,2904.89,ULR1BS61,734-87-9481,8578219767,6jq43567@outlook.com
CUST59327,ACTIVE,68632,INV734819,3104.01,3PG90QXT,740-92-4198,6403961341,e9n8r874@outlook.com
CUST64144,INACTIVE,57627,INV876891,1563.6,0JPGEW1M,154-95-7100,7975453583,k6fo0487@gmail.com
CUST58458,INACTIVE,355747,INV464762,245.94,95X2T83K,970-31-2181,9095890574,xdt9wm58@yahoo.com
CUST19705,INACTIVE,489270,INV931975,111.6,XALTFFSN,607-26-1078,8819868503,dm9rg812@gmail.com
CUST16369,ACTIVE,401858,INV193865,4628.17,80OE51UD,981-57-8188,7996223085,z4g3zg70@outlook.com
CUST88043,INACTIVE,85418,INV120322,1379.84,2MZQ6DXR,399-19-5527,7456167598,e6eo9470@yahoo.com
CUST23882,ACTIVE,49277,INV271503,4407.17,465VS3WF,440-11-1415,8251100965,ydpfcq94@outlook.com
CUST20721,SUSPENDED,237490,INV391909,4265.32,47X7Z0KY,959-31-4104,7084053568,xy32eo86@yahoo.com
CUST62229,INACTIVE,254618,INV637860,1908.58,ZGXL1D6N,148-14-8353,7304674566,0wao3468@outlook.com
CUST13795,ACTIVE,450988,INV524266,3533.41,FIV4ONKZ,971-41-4563,8098418120,1g6s4a58@gmail.com
CUST68920,SUSPENDED,376490,INV274744,715.27,HBINJ55T,122-45-9703,9935815959,2m2cu928@yahoo.com
CUST72929,SUSPENDED,384137,INV533436,772.49,YVO4YTT5,167-29-5765,6208101142,tcgjj114@company.com
CUST25288,SUSPENDED,449438,INV596533,4015.55,ZL3ETSP2,681-23-4376,8188760643,91q20c30@company.com
CUST73526,SUSPENDED,232054,INV655228,3686.94,ZC6XKPDA,616-76-8325,8329831872,du3rqt81@gmail.com
CUST38842,ACTIVE,226704,INV328179,4768.19,KK9EOGMH,963-48-1018,7724520055,xhpmiy79@outlook.com
CUST71065,ACTIVE,371512,INV628537,3663.55,QZKBM8ON,124-76-3485,7690116541,3kwahg78@company.com
CUST46414,SUSPENDED,367005,INV794099,3527.59,GVB11OUZ,777-83-8335,8044490462,hhsnxw81@company.com
CUST63926,ACTIVE,316989,INV985266,653.49,9BSAOYJE,985-30-2150,7686483373,uj3nbx60@company.com
CUST10727,INACTIVE,344494,INV217124,4537.68,8IUHU38R,421-76-5164,7129722672,kyrhoy29@gmail.com
CUST23163,INACTIVE,57473,INV461884,3428.66,E224UJMZ,177-47-4701,7892233505,8rf9xl35@outlook.com
CUST26498,ACTIVE,301841,INV584784,3607.94,SPN4SVLW,190-15-4446,7683362897,vxmzne58@outlook.com
CUST32524,ACTIVE,284601,INV910771,2766.15,3HF02ASA,822-68-8111,7855490796,x2qosl91@yahoo.com
CUST51985,INACTIVE,180563,INV240499,4026.47,9WB4IHE1,107-94-4966,7664220061,xy1wcz72@outlook.com
CUST38197,ACTIVE,442439,INV506498,583.86,45USM8C8,119-44-5486,6951331172,gkdiim66@company.com
CUST69212,INACTIVE,252811,INV702093,3708.42,2Q9MISKZ,201-50-3865,6945509533,t894p841@gmail.com
CUST37483,SUSPENDED,87476,INV646023,2894.44,J6G5PQHK,355-14-7500,8343650539,cw550y59@outlook.com
CUST88633,INACTIVE,257915,INV863728,366.88,VYNTW2JG,935-72-8708,7335342341,x87plf97@outlook.com
CUST57252,SUSPENDED,270445,INV648056,2214.16,WNXV26N0,670-13-5764,6272595420,xvmnrb67@yahoo.com
CUST27840,ACTIVE,377018,INV266804,964.15,IWPOO1NV,582-86-9930,8851518150,c2rkps63@company.com
CUST57011,INACTIVE,269521,INV104785,786.83,EZI2NKZE,154-35-9435,9436074433,0ie6to88@outlook.com
CUST60213,INACTIVE,143932,INV589234,1411.43,Z6YLU1NU,350-90-3106,9348131948,9ikxn994@outlook.com
CUST98771,SUSPENDED,27665,INV184966,3909.17,ZW1D08XM,123-91-3195,6584774415,07roq465@outlook.com
CUST16380,SUSPENDED,301120,INV788247,3899.17,92NDW7DJ,739-61-9655,8438751547,dytank65@company.com
CUST34196,ACTIVE,148363,INV446999,1372.27,FJ4YREJR,243-36-1390,6470677606,5hrxuo69@company.com
CUST68963,INACTIVE,202751,INV719384,3672.44,PSJ7M6JO,159-73-8481,9608277847,jh4cwt45@outlook.com
CUST47113,SUSPENDED,81706,INV542214,3868.0,WQ3AWETS,592-59-8246,9572980305,lgymw515@yahoo.com
CUST50650,SUSPENDED,492110,INV453353,3206.15,K9OJDMN7,853-63-2859,8907049131,x4ogon99@gmail.com
CUST41160,INACTIVE,229965,INV798717,2485.08,NR6MZLMG,724-52-6554,8126669480,h64jav32@yahoo.com
CUST50786,INACTIVE,37672,INV244031,4513.95,ENIOVD03,527-51-6170,9760526890,wt5nut88@gmail.com
CUST91195,INACTIVE,378465,INV232235,3495.26,7W4WBSM7,682-85-5302,6854887634,e0ilgs78@yahoo.com
CUST88197,SUSPENDED,49212,INV908525,1407.15,5GARUC5B,132-85-6953,7931695177,tdre3t29@outlook.com
CUST58010,ACTIVE,439359,INV182061,2194.12,SXK6R5X5,566-15-5100,9226552893,8qzsmp28@company.com
CUST44447,ACTIVE,325911,INV314983,2356.84,ZVQNTVXD,264-50-6791,7960685899,ndun0362@gmail.com
CUST99029,SUSPENDED,236144,INV598902,3863.87,HHW4L1PC,410-95-1911,8904879753,ju12ho65@company.com
CUST33017,ACTIVE,21112,INV351071,2142.54,2X55RDNR,919-68-3210,9301144100,67eg7x46@gmail.com
CUST22465,ACTIVE,310561,INV599663,4524.25,JD6PC9S8,810-35-8225,6559999203,xwy6sp46@yahoo.com
CUST93258,INACTIVE,388073,INV896689,3268.81,S159LYS9,230-77-8444,6035473225,2g0x6863@outlook.com
CUST94144,ACTIVE,237170,INV422760,3219.09,OWRF91BM,123-34-4828,9622857727,l38jbd77@gmail.com
CUST14254,INACTIVE,163474,INV439062,2116.03,NK1VYPLH,768-25-2608,7467103589,a7szp646@gmail.com
CUST42714,SUSPENDED,238186,INV610174,3567.95,MJNNPW6B,895-85-3635,9090840078,t73ypi57@outlook.com
CUST47172,INACTIVE,46840,INV921591,2531.87,XOPQ50WL,431-42-7321,8078678669,suyhdh77@outlook.com
CUST72241,SUSPENDED,170886,INV794681,1006.45,K1BM3ZJX,575-92-8617,6326786254,a3a4zd63@outlook.com
CUST57258,SUSPENDED,333735,INV412286,4896.61,Q5GC8F8D,732-90-9447,8113547926,srqun976@gmail.com
CUST36702,ACTIVE,226295,INV923291,1463.8,79AFVTP5,962-75-1269,9987682544,5zhyjw96@gmail.com
CUST10419,SUSPENDED,198115,INV751953,3141.05,8Z77YYKH,562-18-9648,8093675351,8v73fd78@outlook.com
CUST89303,SUSPENDED,32670,INV329121,371.59,23IZJ84U,344-82-2921,6606819730,hd6gdu34@company.com
CUST54464,SUSPENDED,173495,INV637513,2409.21,0UE98FL7,683-69-2188,6976461218,cp5bz169@company.com
CUST63784,INACTIVE,110242,INV627461,2478.74,3SKEV5ZS,672-12-3966,6342692979,o7exsl69@outlook.com
CUST32243,ACTIVE,245130,INV200080,1217.03,OQ2FI0ND,760-31-6502,6159203709,oiznex28@gmail.com
CUST83523,INACTIVE,7472,INV611090,3077.57,WQSNGD3A,836-82-8368,8922600629,ngmsve22@gmail.com
CUST56772,ACTIVE,369194,INV118809,1668.41,GSRNSKGG,474-51-6386,7963581259,nyg3rw66@company.com
CUST96670,INACTIVE,333114,INV993696,702.68,E8VT7TES,555-36-9219,7626428812,i76ypk62@gmail.com
CUST28161,ACTIVE,242160,INV522504,2516.07,EYPUUUWK,653-58-3141,7616390587,13i76l89@company.com
CUST38903,ACTIVE,314611,INV516739,3570.63,4PEQK2YZ,655-37-5417,9552676618,3xfg7383@yahoo.com
CUST58574,SUSPENDED,363523,INV799382,1214.68,HZ2AQ6DS,121-51-8021,9800325576,r1xvok59@outlook.com
CUST62493,ACTIVE,260811,INV917501,3305.6,QU4CEFC0,720-21-4495,7873228974,le4iox47@company.com
CUST48132,INACTIVE,179843,INV883357,4533.86,I28YRDOX,481-32-8705,7982979113,a35whx25@yahoo.com
CUST40999,SUSPENDED,425439,INV375557,3317.57,IEIRG9PE,646-97-7076,6487754940,r5v4u851@company.com
CUST45589,SUSPENDED,470575,INV540049,4712.75,7XNSYIMS,434-58-5118,9755783399,m2mkbm74@gmail.com
CUST18284,INACTIVE,80880,INV911396,3621.61,6LLLR98J,295-59-4813,6640358488,5ez4ys65@company.com
CUST16849,INACTIVE,294853,INV303856,391.87,R9NBC654,173-10-6888,6334536930,8mdhgb38@gmail.com
CUST79345,ACTIVE,271917,INV988137,2976.94,BKFPRBKZ,255-23-6266,7596416656,76rt2559@gmail.com
CUST24006,ACTIVE,236106,INV730612,2292.14,DN5A5G0P,685-72-8663,6366961487,tvqhlw15@outlook.com
CUST12282,INACTIVE,77717,INV935952,846.74,MDD0Q7D5,398-53-7486,7369668386,aa3c5a20@gmail.com
CUST98885,SUSPENDED,188444,INV562541,4321.47,BYYSYR7Y,761-56-7092,9887529478,t5x8ge65@company.com
CUST16011,ACTIVE,180859,INV368467,4338.51,39Y31S55,794-24-9675,6695098224,uw498761@company.com
CUST79725,INACTIVE,269976,INV253644,3203.99,6G4SN4XK,253-19-5455,6305342008,5who6v31@outlook.com
CUST90750,SUSPENDED,153987,INV876576,4281.14,5VW6H06A,908-64-6066,7085063599,pc3wrz54@gmail.com
CUST97972,INACTIVE,117170,INV201827,2264.32,FS7XD141,154-14-7554,8252822171,prmaqb70@outlook.com
CUST95617,SUSPENDED,412241,INV762882,1392.79,7KD4JX70,839-10-4674,8312393236,tdlm8899@yahoo.com
CUST51841,INACTIVE,15423,INV272816,4685.54,54B2M5GG,897-69-6506,9727181018,eq1t3b59@gmail.com
CUST90454,ACTIVE,317602,INV457499,62.63,IZDUMZ2F,117-79-3405,9858003920,gy937735@company.com
CUST40113,SUSPENDED,399907,INV880223,3066.12,W2YEBC9P,834-40-9701,6156961167,2tof6u66@outlook.com
CUST11191,SUSPENDED,405418,INV182953,2918.72,H14U4W9Y,569-34-9445,7393927808,6lyrwv78@gmail.com
CUST12439,ACTIVE,192984,INV582136,141.2,J88V1L40,647-78-1226,6779731546,ns2fxn87@outlook.com
CUST50543,INACTIVE,153813,INV614419,4198.57,A4IP3IQQ,156-18-8223,7321603436,kzbedq93@yahoo.com
CUST85504,ACTIVE,490477,INV460397,3825.44,I55OW3Q9,586-78-7057,8816788849,v5g5ot16@yahoo.com
CUST45648,SUSPENDED,69772,INV678176,1842.54,5DQWVCSY,483-34-8474,6742906724,mdsssi44@company.com
CUST67113,SUSPENDED,386821,INV774604,2389.51,WOZ8NIJE,375-90-8348,9784565108,fbjr9u93@company.com
CUST24889,INACTIVE,462840,INV909217,1938.37,FVRXLPRD,499-63-3439,7129424654,vzn8d470@gmail.com
CUST63093,INACTIVE,319935,INV583200,4779.38,5F5M5MYM,872-90-7703,8186111873,6ard5940@yahoo.com
CUST59977,INACTIVE,232278,INV238099,231.3,C45LYQYJ,961-89-9448,8333181835,kh4skn49@yahoo.com
CUST81685,ACTIVE,151143,INV859389,3652.32,LFPUKGUN,276-51-9440,9431899191,5m61bp56@yahoo.com
CUST41549,ACTIVE,38615,INV640482,1831.15,C1NZ4UK8,940-22-8071,9086678082,ta24s450@company.com
CUST20610,SUSPENDED,333276,INV967736,471.12,9G2Q6VMH,285-65-9013,9380428253,mc99ms19@gmail.com
CUST93018,INACTIVE,339812,INV135013,1392.61,CGBO2DAF,873-69-3973,6692987778,djjj9248@yahoo.com
CUST96884,INACTIVE,307871,INV622568,2629.49,DOSQX1W8,800-72-8668,8322332470,uou27f98@yahoo.com
CUST81411,SUSPENDED,16930,INV977066,2541.21,MXIY622H,794-68-5629,9038800122,8oqzr772@outlook.com
CUST18420,SUSPENDED,329042,INV942710,3279.25,CBJHUCW3,509-67-9549,8146499013,vqcf9684@gmail.com
CUST39306,SUSPENDED,24955,INV183098,2862.96,ZRNFPEBG,479-54-4639,7546947458,jmamt353@yahoo.com
CUST70719,ACTIVE,136982,INV793454,4566.3,KXM6BVZY,653-91-3929,6347248404,lsn7t393@outlook.com
CUST97226,ACTIVE,126070,INV854700,2585.88,G3FQPLSL,956-12-2584,6574987387,fxdyms79@yahoo.com
CUST96510,SUSPENDED,221633,INV108856,95.37,ZYBR0WIY,500-30-1416,9474407433,nd9nug54@outlook.com
CUST53689,INACTIVE,356460,INV669676,1279.22,667L439R,679-74-8896,7694433405,w8gr4472@company.com
CUST94463,INACTIVE,283419,INV476754,1698.56,9SACEXIB,563-52-4539,7740264099,t3xrz592@company.com
CUST69784,ACTIVE,76205,INV531057,2675.11,G9RDMQQI,897-64-2400,6614290211,bkbjgx47@gmail.com
CUST11969,ACTIVE,207556,INV850665,3315.54,TI1B9SX8,270-86-1690,8018302388,r3bgpu72@yahoo.com
CUST36865,ACTIVE,376176,INV538006,4880.85,FK3BCO4B,631-35-8331,9822478636,g6s2ji89@company.com
CUST11017,ACTIVE,184694,INV521068,2592.51,A2NJXI56,612-57-3446,6234861464,7cmf1055@yahoo.com
CUST89642,ACTIVE,251299,INV576413,3889.94,NJEML0H3,814-36-9901,6601699324,nd38xn51@outlook.com
CUST93916,ACTIVE,261065,INV187837,2326.02,18Q12XY3,328-23-4481,8458607867,2gsnzr97@yahoo.com
CUST40667,INACTIVE,18259,INV322679,4927.34,PZKBZJEM,219-94-3625,8421248959,362ydu96@outlook.com
CUST80202,ACTIVE,364911,INV777254,1293.46,YB4TUUCY,434-38-6626,7190195138,fpicub32@outlook.com
CUST23031,SUSPENDED,181159,INV191389,1423.35,U9FBGPI7,760-25-2527,8493293338,jc2ns928@gmail.com
CUST96507,ACTIVE,93947,INV956100,3041.62,8TFEZDU4,705-56-2542,6906039809,l0dnq151@yahoo.com
CUST21873,INACTIVE,460752,INV247048,154.85,NNZPTRI0,726-69-3309,9256592467,da3dkw84@gmail.com
CUST14050,INACTIVE,92770,INV642525,2177.83,9F2G5BYY,386-27-3300,8090940428,h0vjlo74@gmail.com
CUST22072,INACTIVE,35641,INV362166,1270.76,XEBWMK2I,539-13-6093,6428778948,bs1oyf21@outlook.com
CUST65854,SUSPENDED,192108,INV381602,3097.57,3YLIKXM7,499-78-2916,7750467993,ms2r8310@outlook.com
CUST60023,INACTIVE,215152,INV124788,4875.49,S1BS0XJS,669-45-4478,9353133450,tdjizl11@yahoo.com
CUST16744,ACTIVE,204276,INV530833,1902.34,ADQ3C68H,255-59-9481,8737549502,aly9hx18@outlook.com
CUST72924,INACTIVE,398038,INV212666,4603.97,F1SVPSRJ,288-49-8557,7589768127,q3u5u051@yahoo.com
CUST98344,ACTIVE,335823,INV626121,1612.62,GU06PBMS,611-83-6999,8126045144,l9cbzc54@outlook.com
CUST32968,SUSPENDED,352242,INV338179,599.72,61M9649E,506-94-4143,7922363071,merskc94@company.com
CUST72161,ACTIVE,375726,INV239752,696.17,UAGWYO23,168-62-4075,9451788837,n0drff65@outlook.com
CUST96964,SUSPENDED,53840,INV172649,2324.86,THR8Q9US,391-47-4948,8606115267,gc5yto56@gmail.com
CUST65985,SUSPENDED,111266,INV607320,2106.26,HCHZKPW5,309-14-8269,9356968577,6gfwzq47@company.com
CUST18523,INACTIVE,89138,INV631115,352.6,SBUJZBGE,940-77-5159,6303147369,2uy9wb46@company.com
CUST92193,SUSPENDED,141664,INV981622,2805.47,4OVOVESJ,815-33-5357,7654679531,h8766q41@yahoo.com
CUST48488,ACTIVE,449485,INV528969,1671.69,ICX6T4ZX,551-56-9339,9207704011,drv1c345@yahoo.com
CUST81887,SUSPENDED,459847,INV778203,564.02,FSDD3HH1,915-85-4479,8860437491,17m3sl66@yahoo.com
CUST42994,SUSPENDED,247394,INV778478,2819.47,V1K0T83P,698-75-4278,9345837461,cxktm840@gmail.com
CUST97455,SUSPENDED,429253,INV824104,3128.31,WSQESQRF,391-42-8118,6306693020,su2o2487@yahoo.com
CUST77753,ACTIVE,67931,INV615871,2954.29,SRPD2UVG,424-45-7653,9514157644,2wphr944@gmail.com
CUST41768,INACTIVE,128080,INV300371,648.92,FB0WBRL7,221-32-3491,9934672202,s4nsp357@gmail.com
CUST10767,INACTIVE,12326,INV350131,1938.94,THWP10SC,987-63-5583,6340850116,1m6gy232@outlook.com
CUST26991,SUSPENDED,475537,INV606753,1664.49,UEMBIWOL,210-54-9423,8539540350,jcaix728@gmail.com
CUST37635,INACTIVE,36212,INV789921,3290.17,DPKTCOLC,438-79-6942,7137657688,c6dgig71@outlook.com
CUST39702,INACTIVE,12097,INV838170,889.18,J9EAOPPY,223-72-5194,6005479026,ucbsn690@company.com
CUST48093,INACTIVE,456265,INV491921,4252.19,06KG4ROX,432-42-8888,9677193228,xq535o41@company.com
CUST84440,INACTIVE,297457,INV587411,2877.8,TEX16LRE,848-90-6132,7972500926,clqi6376@yahoo.com
CUST64085,SUSPENDED,323898,INV226828,638.26,J3DV991Q,837-32-3576,6553701874,01ikux26@yahoo.com
CUST71113,ACTIVE,302988,INV775084,58.21,1P3O55HA,760-86-4554,8546726839,ti0q4s49@yahoo.com
CUST58555,INACTIVE,354950,INV989619,1355.04,LJF7KJ5Q,443-40-3609,6318567803,axohhn19@yahoo.com
CUST54821,INACTIVE,373091,INV218633,4017.24,RWBN3A4B,336-57-5089,7212359604,vhmvb255@outlook.com
CUST14067,SUSPENDED,433680,INV392408,2879.58,2YMZJBL3,506-32-1800,9480527785,5xtilk77@company.com
CUST18900,ACTIVE,29946,INV120450,4216.4,94BNLHXX,186-21-6919,7547528013,ic3hrz83@gmail.com
CUST71977,ACTIVE,450110,INV135507,922.13,FBLMF59O,822-95-9088,8167649699,yplupf89@company.com
CUST32461,ACTIVE,282900,INV686443,4558.43,6N3C87HT,372-87-4961,9233385929,2alhkk67@yahoo.com
CUST19884,ACTIVE,292181,INV819878,752.62,6KEUEX74,202-27-8470,9540833857,zrll0146@outlook.com
CUST86893,ACTIVE,118260,INV211498,396.1,J99QM8ET,319-88-1594,9372161726,afsxba68@yahoo.com
CUST41755,INACTIVE,210833,INV315410,2189.92,PKA49CIY,238-23-4148,7849133567,nyzu3l49@outlook.com
CUST24715,SUSPENDED,249755,INV268257,1289.07,XU1MQHKK,157-38-2693,8694886317,6dk23s43@company.com
CUST10507,ACTIVE,146956,INV351599,3602.69,WGHHHRYZ,344-53-5283,7079355026,q34k4t52@outlook.com
CUST90757,SUSPENDED,75760,INV352751,438.86,VH5FD3W3,839-81-6930,7218491372,5vsw9y85@company.com
CUST22165,INACTIVE,449789,INV529280,2512.79,2LIIRSXF,491-71-2938,7164115307,srqz8995@outlook.com
CUST53724,INACTIVE,297240,INV809394,4218.53,JK0UBEFK,160-21-2263,8460013807,dywmc517@gmail.com
CUST49094,SUSPENDED,73036,INV778769,1705.94,2JLPGWUF,712-49-6814,7273384203,84gz0a12@company.com
CUST35103,SUSPENDED,306357,INV641119,3761.15,2S80K81B,647-57-8294,6186917316,4v59cx16@yahoo.com
CUST24833,INACTIVE,287223,INV293022,1200.08,CHI5USS0,921-11-3372,7951157774,gmwrq176@yahoo.com
CUST42793,INACTIVE,114980,INV512321,4308.05,IMVR9ICU,337-75-2485,9748283231,uyo4n798@yahoo.com
CUST81360,ACTIVE,1531,INV445424,128.06,IJOYS961,741-65-5446,6183437653,j3wv1141@company.com
CUST91050,SUSPENDED,319461,INV643782,3063.77,RLSLE5HM,429-35-6170,6348321948,i6szn957@yahoo.com
CUST81790,SUSPENDED,36217,INV955464,140.88,88ALR90J,931-14-3037,8926617401,t9xejx82@yahoo.com
CUST27929,ACTIVE,58705,INV629946,197.75,TNABHL9R,135-73-1823,7787181117,l8mlf957@outlook.com
CUST59320,INACTIVE,143883,INV584607,2430.34,PYRARZP9,139-46-4764,7223274333,fotxrf96@outlook.com
CUST56592,INACTIVE,250718,INV101159,3538.4,LQT6YTZJ,646-38-9624,6430009801,4qx4yn22@gmail.com
CUST21322,INACTIVE,404638,INV319947,3059.8,29ZRG6OS,168-98-5152,8264641101,spdxrr42@gmail.com
CUST53975,SUSPENDED,458634,INV201409,3363.64,G6VIBLWS,397-19-4145,7977808798,o0h5eg96@yahoo.com
CUST94708,INACTIVE,119838,INV476629,3061.37,OTTI5VLG,390-93-9857,9037472051,z9i6cn38@yahoo.com
CUST33931,ACTIVE,44005,INV250598,189.68,01JE6III,995-22-1124,7251287002,khqzcm98@outlook.com
CUST56146,ACTIVE,245469,INV434883,1465.07,WDX5459V,241-72-9600,8076366539,8r1chz67@gmail.com
CUST74327,SUSPENDED,126225,INV324166,1798.48,GUHYIOVY,863-38-9722,7137152640,a163i714@company.com
CUST54869,INACTIVE,272110,INV223544,4762.08,DHJ0F249,201-75-9842,8506240796,a0jryd30@outlook.com
CUST47483,INACTIVE,397172,INV907629,2258.28,WKW28MHS,237-70-8487,8264315515,l6oeaz33@outlook.com
CUST58318,SUSPENDED,343802,INV304265,3005.35,HWSEEMZ7,393-14-9395,7470963763,1h0hoh87@yahoo.com
CUST83775,ACTIVE,209524,INV280726,3169.23,Y4IWVFXM,235-38-6618,9800073070,1srxil10@yahoo.com
CUST55517,ACTIVE,227907,INV272588,1289.77,9QG1KINJ,871-16-8438,9699363008,ur7pgt55@gmail.com
CUST73698,SUSPENDED,121887,INV161505,1793.22,OOJVR3A1,887-30-3782,8884695227,ah753173@yahoo.com
CUST94155,INACTIVE,72360,INV541184,2957.22,HVSCBEYS,968-42-6349,9269931425,e1wpi966@yahoo.com
CUST30423,SUSPENDED,27059,INV708964,2076.57,OFNF68ED,851-64-1122,7085823947,2g0rgn44@gmail.com
CUST95405,SUSPENDED,78147,INV945278,4002.17,R5151QNO,333-32-9974,6784556091,iwm44x11@company.com
CUST85971,ACTIVE,310466,INV215571,3258.69,Y19KITBO,505-42-4920,9068072311,38121w88@gmail.com
CUST57573,ACTIVE,36115,INV458896,4671.29,8C9PIZ8V,733-86-5122,8049665329,4ijhxw76@gmail.com
CUST18999,SUSPENDED,1343,INV474106,476.76,5HP61K5G,240-76-5977,9133447492,hv1zjm26@yahoo.com
CUST16278,INACTIVE,304596,INV509256,3044.26,KFYNTGI6,192-95-7644,8776680499,se6wk621@yahoo.com
CUST34849,SUSPENDED,21423,INV607090,2115.96,TCK6QBYB,915-50-3350,8232528157,ujafxh83@gmail.com
CUST76914,INACTIVE,88829,INV961586,249.0,TXTD6W2Z,336-98-7595,8607347678,31y9r648@company.com
CUST89645,INACTIVE,54671,INV961041,2856.22,59RCVDEN,538-38-2813,6122512487,qe21ni72@company.com
CUST81898,INACTIVE,23913,INV429029,1862.15,HCVPB4IK,228-46-7396,7013516761,urhbw511@gmail.com
CUST65677,ACTIVE,360948,INV145101,682.14,0ORRSKKE,365-35-5187,6817909039,9lu37f79@outlook.com
CUST41897,ACTIVE,101178,INV718687,4071.45,8I2LFNVJ,366-91-5012,6517457865,prc64634@company.com
CUST19517,SUSPENDED,174869,INV745243,202.39,4VUVY4PK,512-23-6658,8285137740,kinqua40@outlook.com
CUST31629,ACTIVE,234651,INV582308,3730.75,6GS7ZIWJ,349-82-3161,6193502635,aofbu385@yahoo.com
CUST35101,ACTIVE,161526,INV972284,1273.81,D52CRCNZ,390-82-6056,8008356261,hq7nlc41@yahoo.com
CUST59299,INACTIVE,195151,INV367764,2600.07,O0TH063R,351-93-9702,8745545681,3whmxm24@yahoo.com
CUST84688,ACTIVE,429190,INV899627,2956.8,YV0IBHGZ,442-85-7553,7489816380,2fqnuu85@yahoo.com
CUST47988,SUSPENDED,323567,INV461290,2790.15,O0O876XG,771-38-3311,8639553541,a1szpa80@gmail.com
CUST69364,ACTIVE,249742,INV920700,4918.18,QDHK99K7,933-98-6225,9491376724,ellr1a99@gmail.com
CUST92936,ACTIVE,494432,INV288734,3007.42,JO8PZDCB,126-13-6635,8378319150,44fxca92@yahoo.com
CUST83603,SUSPENDED,341183,INV314885,3110.58,D866RY7Y,823-61-1637,9190822752,u8727l99@gmail.com
CUST37467,ACTIVE,136057,INV790157,4508.74,VW88K6SJ,525-94-4754,8358510499,ruyom538@company.com
CUST49504,SUSPENDED,266977,INV714427,2546.83,T1II3RQ4,596-40-3079,7620808454,pbsd7835@yahoo.com
CUST25654,INACTIVE,368315,INV705024,1661.64,W0H4ZSDD,777-51-9279,9978149779,u8eltb11@outlook.com
CUST34592,INACTIVE,271580,INV924374,2349.39,6CBP3MUU,970-57-7691,6752313927,etduge45@company.com
CUST40620,INACTIVE,142433,INV359875,4195.39,E7QTCU6C,383-67-4291,7115693457,7qkeuu46@yahoo.com
CUST52254,SUSPENDED,14475,INV857288,3509.86,MHNPMIVP,708-58-5471,6092625059,rl6lyl59@company.com
CUST43924,INACTIVE,212296,INV523753,990.03,CEQTOV3W,556-15-7151,6653661301,jzcgzh83@yahoo.com
CUST98888,INACTIVE,496042,INV469936,3229.4,D1Z7JHEG,634-20-8795,9336056996,06rd9y23@yahoo.com
CUST58396,INACTIVE,480261,INV704053,3702.36,L42EN54P,656-49-9093,9571961645,cicqnd19@company.com
CUST54535,SUSPENDED,340224,INV813625,1844.05,PL0P3GLC,787-37-9565,9393354025,l64r2774@outlook.com
CUST22997,INACTIVE,369984,INV155094,1466.22,ZDV8D7BM,470-91-5377,9484892166,rpvupr51@yahoo.com
CUST83459,SUSPENDED,417109,INV365212,2116.33,8AQXYEZE,575-52-8860,7106862633,o29z1s35@company.com
CUST74813,ACTIVE,245291,INV463641,3871.95,WWQJTNUJ,133-51-4407,8298894551,sltdzr50@gmail.com
CUST64367,INACTIVE,369276,INV879616,1686.82,31MUXQLR,751-47-5883,7680605243,84x8qo72@yahoo.com
CUST92235,INACTIVE,450507,INV707855,4750.47,3LJELV9B,478-43-1837,6091115754,z5gp1033@yahoo.com
CUST95430,SUSPENDED,468145,INV843835,4499.18,SJN617J2,830-31-4275,6019209427,rnwcj153@gmail.com
CUST12475,SUSPENDED,321618,INV935427,4432.3,81E1WRS0,334-60-1077,9672512677,r9neqa88@gmail.com
CUST86400,ACTIVE,26575,INV658274,2408.24,GAGJJBKV,221-34-2633,8089825906,9937t682@yahoo.com
CUST72731,SUSPENDED,80355,INV927211,531.58,CZ0MGLEB,733-49-9438,8053849778,5ktzs277@yahoo.com
CUST68005,SUSPENDED,172110,INV267304,1186.22,D4KQNPLU,760-31-7935,6067477351,hycztm27@outlook.com
CUST21888,INACTIVE,435774,INV904021,1458.22,EFP9LSNN,438-38-4434,6599776261,kfxlzg14@yahoo.com
CUST19533,INACTIVE,436748,INV374795,3560.08,SX1XJ8OL,653-12-9418,7023980337,kwvnjg25@company.com
CUST99327,INACTIVE,193129,INV619160,2458.06,WGYNL5HZ,357-64-2250,7751876342,m5163s79@outlook.com
CUST21773,SUSPENDED,426284,INV905635,2777.25,T31L4KGJ,566-54-7414,8791846038,dlsdce28@company.com
CUST70635,INACTIVE,66298,INV541313,206.25,7KUK21VY,873-13-3834,9284186875,2drlnv29@yahoo.com
CUST82390,SUSPENDED,200171,INV335006,2292.1,6FOWHJC9,181-92-3830,8660989483,39eobc60@gmail.com
CUST78537,ACTIVE,453737,INV477671,2606.32,DP94TTM2,184-10-7061,8623739387,6wty1064@outlook.com
CUST81645,INACTIVE,286934,INV652796,515.78,DOLGSBIN,361-35-7799,9504817297,f20xcp98@outlook.com
CUST61326,SUSPENDED,350031,INV976847,361.7,JBEKKX8D,186-58-4911,8813471157,rz5huu13@yahoo.com
CUST58417,INACTIVE,314297,INV753887,2641.42,NIZDH1E3,418-66-5124,8217228409,5prrqv11@yahoo.com
CUST49539,INACTIVE,78262,INV501281,1126.57,ECOHFS57,515-32-2999,6567631150,rxz95q48@gmail.com
CUST39512,ACTIVE,71140,INV903795,4019.8,81D6C6DH,755-23-2299,8935336150,2tfm6b55@company.com
CUST94939,SUSPENDED,338415,INV670717,4631.21,Z2GJKYVV,283-63-3385,6449589663,fqxoxk10@company.com
CUST75932,SUSPENDED,62166,INV433782,4768.0,03GVIAOG,752-53-7043,9594912845,5spf4w71@outlook.com
CUST90878,INACTIVE,321594,INV580397,4889.41,L5M0VFZT,910-16-9938,7566118044,cnw3da94@gmail.com
CUST18571,INACTIVE,122323,INV416508,1619.11,7N30ND9S,965-64-7981,9802406656,xwtsq281@company.com
CUST19135,ACTIVE,51683,INV445341,1631.94,WMRFSKYH,727-67-9835,6835048979,2ual7q32@company.com
CUST62649,INACTIVE,465831,INV825182,3362.82,TIF07EO9,928-33-9015,6213673484,zkbsf067@outlook.com
CUST59412,ACTIVE,77696,INV181724,353.93,9XBCP450,866-24-7844,7818143232,93kt8l63@gmail.com
CUST53365,SUSPENDED,248165,INV156434,4018.43,USX0OPGZ,624-11-1584,7845335092,206xbt17@outlook.com
CUST56611,ACTIVE,339351,INV420520,3841.72,8SK37TF9,334-13-3154,6465409539,6l1s3q79@yahoo.com
CUST20966,INACTIVE,54350,INV795584,1771.59,4C3H9HX7,116-25-5658,8666402151,pmonxw34@company.com
CUST64145,SUSPENDED,480964,INV560479,3083.34,SDH5S2A9,545-32-8994,9288199844,wmr73m65@yahoo.com
CUST26322,SUSPENDED,89908,INV331132,1780.78,3OCVWT0S,766-45-8608,9720614387,qrwx7434@gmail.com
CUST30081,ACTIVE,407177,INV349668,2429.15,X90B3L0Y,350-44-7146,7105066042,g5pr5h51@yahoo.com
CUST23252,ACTIVE,16265,INV783336,3904.61,3ZBARTEE,848-72-6507,7969441194,i1mhwm92@company.com
CUST66617,ACTIVE,222100,INV561169,734.53,TL4Y096I,278-63-3870,9500216727,66pkcz80@company.com
CUST25944,ACTIVE,418891,INV828693,1511.52,5ZHUG1CT,279-43-4164,8805378627,ooy6a145@outlook.com
CUST66170,SUSPENDED,338669,INV392200,4411.02,X04SPOED,898-71-6073,8457122766,4fv3n250@gmail.com
CUST80810,INACTIVE,312872,INV301801,138.34,6UWR5A86,883-74-9838,9568541685,nbue3l40@gmail.com
CUST60020,SUSPENDED,207219,INV107281,3294.34,G9Z0LIR9,113-56-2616,6834763563,kbg83g95@outlook.com
CUST66703,INACTIVE,84081,INV550493,3642.08,57EXITH6,752-25-5085,6634068272,z81kk315@company.com
CUST10158,ACTIVE,108558,INV955948,1593.95,E8EOLXHS,736-99-5958,7163339249,5ud36t44@yahoo.com
CUST55077,SUSPENDED,5707,INV347729,600.14,GP4MVLH0,459-48-3040,9163875602,ril0qh86@gmail.com
CUST86287,ACTIVE,263629,INV322705,440.56,DSKXLROT,106-80-8494,7549792580,mhpeir79@gmail.com
CUST13636,ACTIVE,26510,INV464961,4039.13,VUE7V2RZ,289-73-1621,7177119713,ztw9ot85@yahoo.com
CUST54267,ACTIVE,299739,INV414514,4316.54,XPSREGD1,972-13-2220,6792873794,0hbh3695@yahoo.com
CUST23420,INACTIVE,151288,INV729605,3447.77,3Y56U0ZM,150-72-8770,6609171440,wzehx945@yahoo.com
CUST36062,ACTIVE,47624,INV769147,4594.11,C0CV5SV6,673-30-1061,6271253088,yamn6x24@yahoo.com
CUST56962,SUSPENDED,315116,INV569466,2046.71,3LTS67T7,728-54-7047,8681286430,4r8n7c62@outlook.com
CUST32611,ACTIVE,167231,INV645778,4698.45,OKXF6VLZ,209-53-2762,9215877062,qw0lkx54@yahoo.com
CUST40140,ACTIVE,309161,INV197487,4738.2,FUSLS9MU,208-40-8794,8300816504,vu9ysg30@outlook.com
CUST84207,SUSPENDED,350902,INV679057,2206.87,N4M38KQP,455-56-8043,7035234762,avijtd48@yahoo.com
CUST89823,ACTIVE,446972,INV341711,1678.33,V62W1YXG,793-98-7588,9627725439,j9y5zs85@yahoo.com
CUST63101,INACTIVE,419362,INV602593,1212.05,6G0I2763,720-95-8818,9425810613,sj2e5142@company.com
CUST62959,ACTIVE,85800,INV649747,3603.77,MY2TPYIC,939-20-8860,7918279250,zuxvwk64@company.com
CUST58319,ACTIVE,408854,INV154979,785.03,6KWWQPS3,418-27-2426,6241197471,jmirjd59@company.com
CUST13988,ACTIVE,79561,INV605771,961.23,GWH544ZM,753-15-5988,9220701489,5sb9g294@yahoo.com
CUST41096,INACTIVE,389715,INV656109,3245.26,D260JGBG,569-79-5096,9526024317,pz9dfm76@gmail.com
CUST32097,SUSPENDED,255807,INV736966,2975.31,ZRGYMT03,702-92-9501,8876304485,ubwomm83@gmail.com
CUST63355,INACTIVE,391966,INV747823,2083.49,6SWJ0LJZ,785-15-3196,8797388805,226r8158@gmail.com
CUST99051,SUSPENDED,154941,INV950948,4498.16,KR79Z5UL,277-43-4718,7826039412,dyp0kr65@gmail.com
CUST97577,SUSPENDED,93862,INV646072,3072.19,E9HNXTEW,929-77-9744,7085326516,ih8flv35@yahoo.com
CUST79669,INACTIVE,428708,INV493893,1043.54,HAUMS9NF,502-69-8935,6077016701,ch6c5r81@company.com
CUST21310,ACTIVE,107247,INV264454,2959.6,4RM087D1,915-12-1416,6111503962,f9ti7v25@company.com
CUST42432,SUSPENDED,227409,INV122715,2844.11,Y3HGKGFB,579-36-6267,9180816920,ab7p8k45@yahoo.com
CUST50994,SUSPENDED,2272,INV394511,4132.5,02LIXYJ7,410-10-4376,6931676236,sw9scw84@outlook.com
CUST19105,SUSPENDED,27408,INV877300,1720.86,5TSAGK23,152-83-9448,7678818150,63956j42@yahoo.com
CUST59070,ACTIVE,118243,INV464720,2320.5,017OWS92,841-90-8722,9016180744,5yxqda70@outlook.com
CUST41974,ACTIVE,349240,INV370838,1586.86,BNVWNF1V,564-79-7152,6677695042,twz8eo49@outlook.com
CUST93794,SUSPENDED,34671,INV441894,4607.29,CFNENS02,539-78-2415,6749172540,fhcdtx40@gmail.com
CUST49165,SUSPENDED,152223,INV458700,1211.01,2JQ93S3L,588-72-6497,7471726826,0kjumu45@yahoo.com
CUST45528,ACTIVE,302560,INV214808,602.05,W7C7F8G2,437-99-9565,9709461902,x2f3k993@outlook.com
CUST49712,INACTIVE,29116,INV935451,2983.98,G8B0T4Z6,152-28-3001,7404647036,rgq57v33@gmail.com
CUST65027,INACTIVE,488153,INV998961,4159.21,8R3CEHA0,521-20-5464,7780896094,2c9w8z78@outlook.com
CUST57400,SUSPENDED,44406,INV403085,1571.13,AYVKFD7S,455-56-7201,6224255735,obz49x25@gmail.com
CUST95135,SUSPENDED,67849,INV243671,2328.86,4P166OIV,866-84-7152,9874238461,169azu63@gmail.com
CUST31170,ACTIVE,338876,INV723139,4255.34,BEM726LQ,603-36-9264,7480787231,rc513963@yahoo.com
CUST93518,SUSPENDED,226073,INV873030,4336.32,1GA93YN5,102-55-6288,9041766884,79dkn257@yahoo.com
CUST17715,SUSPENDED,472388,INV233665,887.54,HCI6E3RN,405-20-4438,8358093641,a40m0v48@gmail.com
CUST19736,INACTIVE,90591,INV175067,1171.25,1TUAULT2,437-92-3956,6970201998,iln63812@company.com
CUST63149,ACTIVE,210231,INV411870,942.71,Y4SM18LC,111-94-5691,7200770317,nlsspi27@gmail.com
CUST36470,SUSPENDED,102255,INV644611,3355.61,8309B4OC,949-74-9795,7825120016,tfhf3s71@company.com
CUST53157,INACTIVE,354515,INV372479,2041.83,LIPLJKQP,214-60-4026,9873720559,hu109215@outlook.com
CUST90110,SUSPENDED,406930,INV642492,3600.57,IL1F1J6N,938-79-3428,8057954240,lgvrzt74@outlook.com
CUST18303,INACTIVE,473187,INV615595,1581.11,AZE5HZQT,187-45-8706,8459007265,59a3vk74@outlook.com
CUST66689,SUSPENDED,256190,INV685044,2535.29,1HNHW8MX,623-25-3683,6818678744,aw7uec16@company.com
CUST85456,ACTIVE,23245,INV878509,2825.82,EGKTAYC8,868-13-6054,7340283923,t2zh1c22@outlook.com
CUST56104,INACTIVE,291372,INV260288,2735.43,FN47KUNY,758-47-4796,8712036339,xq06x050@company.com
CUST64563,SUSPENDED,165545,INV525380,187.6,2O7OJ6II,668-63-7967,6150237950,np1h6x37@yahoo.com
CUST20524,INACTIVE,178054,INV635053,3988.45,HRNB65GD,544-55-6539,6387267635,8zcryd38@company.com
CUST80776,ACTIVE,118831,INV697116,994.17,VZ27BZFI,715-79-2938,9013342698,d6j1b796@outlook.com
CUST32443,SUSPENDED,100769,INV719058,2185.34,86FEY82O,455-23-5857,8141721436,pvvltt64@gmail.com
CUST29141,SUSPENDED,149595,INV478465,4827.77,8W8BUPQ4,852-83-8805,6024092017,f4329o37@yahoo.com
CUST53329,ACTIVE,160768,INV751508,3270.58,ZZEO178I,767-56-2471,8726889421,q3bcdj79@company.com
CUST12043,ACTIVE,13463,INV804722,1286.29,H0ZYSG2U,603-77-3469,9323903977,glwzj075@company.com
CUST69017,INACTIVE,13727,INV739545,3160.1,RWR156H8,706-22-5091,9552637682,arvmnu39@yahoo.com
CUST70791,SUSPENDED,458001,INV184171,3597.27,KY8L7SHT,984-32-1674,8055069247,t7nkme36@gmail.com
CUST77704,INACTIVE,246341,INV658122,2301.46,9A7D740K,698-23-5579,9440653489,794xqy65@outlook.com
CUST41569,SUSPENDED,18933,INV410949,315.66,TPTWIEHQ,382-60-2881,9923151359,htrr1874@company.com
CUST60304,ACTIVE,449701,INV676904,1172.52,5UWGE9K2,836-52-4965,7141278304,uni4je42@gmail.com
CUST79117,INACTIVE,431917,INV772372,1276.52,NI1DYBS1,421-51-4715,7423886050,b1lb9y67@yahoo.com
CUST57399,SUSPENDED,206781,INV249488,4832.95,WYA72AAZ,981-98-4480,7835627123,w7aetm49@company.com
CUST25187,INACTIVE,439397,INV637117,227.65,M8BVY2WS,424-15-6714,9359538400,v7lhs063@yahoo.com
CUST69974,ACTIVE,250012,INV433021,2100.55,VYGG1VVL,215-91-8801,8452984658,8svhjf16@gmail.com
CUST86938,ACTIVE,435781,INV921756,3113.84,XMDG8ZAY,182-61-6077,8116908695,clrzdp54@gmail.com
CUST39051,ACTIVE,93543,INV528281,599.82,46OLPTCE,873-22-8414,7948701424,zyxzme97@outlook.com
CUST49480,INACTIVE,66091,INV995581,2585.21,P87195M6,382-81-7825,6076193650,4npobz20@company.com
CUST26872,ACTIVE,166995,INV492125,4077.55,KMT44RVW,941-45-7115,7848584243,5s295r39@company.com
CUST26067,SUSPENDED,246849,INV278612,3406.36,7W7E55NL,229-30-9933,8210788085,hl0sv041@gmail.com
CUST71646,INACTIVE,97410,INV240043,888.16,R0DG4LYW,234-26-7909,7890857062,nyfes730@yahoo.com
CUST88858,ACTIVE,360666,INV495161,793.62,EJIVZ2R6,946-71-4258,7954549960,68udi555@yahoo.com
CUST32142,ACTIVE,400799,INV750400,4049.8,F7OHRIRC,387-24-8797,6048815565,yncvbi92@outlook.com
CUST30205,ACTIVE,45311,INV733323,4158.07,SPYY4N6D,728-97-3024,7559986436,exgffz78@company.com
CUST46998,INACTIVE,306547,INV940151,4187.44,ESNHN9A2,919-56-7399,9387800123,2on4n536@yahoo.com
CUST58674,SUSPENDED,444678,INV816641,2892.58,O82S2EBV,658-88-3990,9076595302,fe1vwj33@outlook.com
CUST95947,SUSPENDED,353279,INV705004,2344.98,WBK38Y61,993-99-2313,8054529144,6w3a6q54@yahoo.com
CUST98473,ACTIVE,325156,INV815169,3140.47,UA4WNXHE,910-73-8137,7491979634,iztuo791@gmail.com
CUST91852,SUSPENDED,108247,INV901086,677.56,L493ODRU,496-73-5962,6047376365,liv5bh50@gmail.com
CUST39705,SUSPENDED,171179,INV900083,2991.96,TSEYR2NJ,973-50-3458,7636500631,tie8qy78@outlook.com
CUST81764,INACTIVE,107572,INV739488,3057.12,1222YNLG,816-59-3475,6990883274,i88oc487@company.com
CUST68226,INACTIVE,139659,INV488059,1275.12,UJO592OO,823-47-4765,6648763243,8xxdoj66@outlook.com
CUST46597,ACTIVE,60509,INV360914,157.4,21AZKTRO,556-24-9249,8020099391,07qke961@outlook.com
CUST20331,SUSPENDED,18297,INV204889,987.55,OCZ08HDG,129-24-5958,9243527357,9wxxvq51@yahoo.com
CUST53870,INACTIVE,97015,INV509394,4519.08,8FMEVDQS,435-40-4125,8662737668,pww2ra55@company.com
CUST92679,ACTIVE,246139,INV326738,4038.59,Y88CKBDB,784-44-2601,6844702754,5m3n6534@company.com
CUST13850,ACTIVE,481192,INV954199,3255.34,1LG4XCF8,765-25-8280,7104034587,jjyo7w97@yahoo.com
CUST14163,ACTIVE,355159,INV391701,3561.18,PCYJVZDH,567-14-8987,7351639195,yyk93631@outlook.com
CUST75068,INACTIVE,484286,INV338021,160.28,1BK58H34,672-41-8825,7662290665,fu1m7650@yahoo.com
CUST18316,INACTIVE,391768,INV224347,4077.88,YWCIC3II,313-54-4887,7713549779,zn0z0g19@outlook.com
CUST19799,INACTIVE,144589,INV538805,3188.49,CJUM3SE2,941-98-6449,7197496496,k699hi23@gmail.com
CUST47141,ACTIVE,426261,INV194738,2830.94,HXW3NQWL,890-35-1221,7107523921,z31w0o50@company.com
CUST19524,SUSPENDED,239859,INV573025,4516.01,14SLXI17,968-39-7058,9684407515,phiiac56@yahoo.com
CUST77974,INACTIVE,379270,INV843288,4422.51,AUNUY4C5,103-78-6735,6193005656,4klnco98@company.com
CUST49224,SUSPENDED,460059,INV240132,2536.26,OGBSCCOA,897-54-4667,9161211370,dvmwfv22@gmail.com
CUST35222,ACTIVE,279088,INV929324,1086.21,FE1VWLIF,104-42-8729,6148739551,ygifpn95@company.com
CUST80329,SUSPENDED,440016,INV784903,3082.29,93MKK97P,725-86-8388,9950875100,5kbbfm76@outlook.com
CUST50038,INACTIVE,369880,INV303188,2666.63,WJW0VPSW,538-34-7194,6635946116,9tjmcy25@outlook.com
CUST25324,INACTIVE,476252,INV907992,2077.73,LXVJTLTT,509-59-6508,9073565125,yeh33685@yahoo.com
CUST89390,SUSPENDED,35579,INV229688,2820.78,KG66M6JJ,911-61-7692,6609893265,ytkc0760@yahoo.com
CUST90955,SUSPENDED,43381,INV294108,2208.46,BIUNXY1G,619-85-2069,8707229927,nd2snn24@company.com
CUST65722,ACTIVE,173287,INV308172,2624.13,EJBKUQFN,448-96-9037,6261057984,wntbbp80@company.com
CUST51705,ACTIVE,400208,INV637043,4514.5,O1N02KGG,508-74-2077,7327430488,pqcnmw47@gmail.com
CUST51944,INACTIVE,19120,INV587476,3672.89,64QSW7LQ,223-67-2906,9811317587,4lw7hq37@yahoo.com
CUST49996,ACTIVE,59567,INV563788,3464.59,OPJJDFCH,614-91-2599,7828174092,har8fb72@outlook.com
CUST90847,ACTIVE,20972,INV580842,1727.68,E0RKOSDN,570-89-1306,8087635319,338jm753@company.com
CUST63605,SUSPENDED,440413,INV276573,3253.07,QJJB1BTC,539-91-2451,7294062328,5scrhm94@company.com
CUST42202,INACTIVE,106703,INV362085,1778.51,WF41VOF7,436-97-1150,9158842337,va4yso14@gmail.com
CUST30320,INACTIVE,323173,INV760256,2005.7,ATP5A4KC,426-90-4352,6846514794,g3wohw34@yahoo.com
CUST37646,SUSPENDED,472450,INV566420,3631.0,UQQ8VFZZ,944-89-4315,8772087552,rfh7m939@company.com
CUST18790,INACTIVE,446803,INV794658,4176.78,9YX7GCI2,917-44-4263,7440477816,59i8po96@company.com
CUST31780,ACTIVE,203443,INV253845,2438.4,8IXKNXKL,448-65-1223,6934034015,kdu3vk18@outlook.com
CUST87345,SUSPENDED,116429,INV380385,1262.24,2YPYTO72,846-90-9838,9924799412,m7di8y73@gmail.com
CUST84005,ACTIVE,172595,INV671727,1666.26,SELF443M,382-62-6483,8557761514,dnlluy75@outlook.com
CUST31853,INACTIVE,184282,INV870137,1751.2,SDLYD34O,181-50-3180,9107322098,u3jkov18@outlook.com
CUST46594,SUSPENDED,282139,INV704841,452.52,O2BO777G,832-32-8491,6242318612,4q21jn84@company.com
CUST77709,SUSPENDED,162883,INV559201,2587.92,6LPM6213,903-23-6994,6063068665,lf3utz91@outlook.com
CUST79538,INACTIVE,397625,INV559709,771.66,5SBOHOQO,151-63-6348,7226354882,jozmko19@yahoo.com
CUST17971,ACTIVE,36803,INV899006,3931.73,D7MR5S6G,604-43-8222,7476884925,bc3alj96@gmail.com
CUST47965,INACTIVE,130999,INV270737,923.86,GMSEN3U9,175-18-3264,6187463506,tfmtms15@yahoo.com
CUST18755,SUSPENDED,479453,INV785359,2955.7,GNAQOX03,549-20-6197,9558879857,monirv95@outlook.com
CUST42132,ACTIVE,289288,INV106674,3312.32,6TPOFJ13,932-37-7400,9083827380,abw4xk25@outlook.com
CUST10615,INACTIVE,181164,INV994192,2112.5,G2WJDE2V,443-65-7063,7058336680,z5xta816@company.com
CUST16033,SUSPENDED,358773,INV340302,4761.29,0VSK6Q7D,428-47-6421,9428154125,t3fg6538@outlook.com
CUST67009,INACTIVE,327935,INV599749,4720.16,L6DWV7C9,904-54-7140,7861608649,0h4p5m64@yahoo.com
CUST54129,SUSPENDED,125856,INV910466,856.77,2JLXZNME,918-61-5175,9822691937,d1l6pk46@gmail.com
CUST55599,ACTIVE,399619,INV367404,1730.36,IUSDKL9L,561-17-9149,9175935457,rgpmwu80@yahoo.com
CUST95197,ACTIVE,247158,INV795033,2807.74,LN35S2SD,434-57-7600,9597967382,3l56ln65@gmail.com
CUST90888,SUSPENDED,121367,INV220162,3979.95,RUVDA6V3,983-30-4568,6076609404,bjdhmw60@yahoo.com
CUST80979,INACTIVE,5763,INV908779,2614.04,XV9OHO9Y,167-40-7129,6358498660,w4eqx229@company.com
CUST64698,SUSPENDED,364221,INV178288,2993.07,M369FMH3,983-18-5460,6331037119,n8pit572@outlook.com
CUST57978,INACTIVE,335390,INV809680,2681.82,LAK7ECCY,352-29-6277,7624703220,xvg5d518@yahoo.com
CUST12226,ACTIVE,159265,INV863512,3897.57,HGZA9CXM,948-75-9428,6192170491,mw3ou688@outlook.com
CUST25196,ACTIVE,96904,INV622592,4564.92,V5U84D0N,972-49-4625,6310957765,amzgom80@company.com
CUST28842,ACTIVE,118309,INV920999,1692.96,JIOFRGCG,733-30-1329,8026560044,v4tbk193@yahoo.com
CUST55504,INACTIVE,185986,INV661410,2963.68,G08K9FWT,447-26-5450,6726929553,5meyuc54@gmail.com
CUST36660,ACTIVE,31420,INV532771,2663.67,2K4TJTE7,670-82-7676,8315610410,6ce1li94@company.com
CUST67419,INACTIVE,329228,INV966680,426.33,JAHG4SID,904-14-2054,6478037202,urgnrv18@company.com
CUST14231,SUSPENDED,130705,INV347021,3889.64,HO9F9TGF,402-35-5892,6428965777,yzybtt96@gmail.com
CUST18089,SUSPENDED,406780,INV265006,4571.88,ZG19S45M,759-73-9626,6370439337,co0yyw91@gmail.com
CUST77561,SUSPENDED,307307,INV907944,4120.17,I0D7QDER,937-81-5293,8422235584,0hxsi476@outlook.com
CUST41591,SUSPENDED,391849,INV351499,377.28,2W29VFJ6,740-47-8718,9620215436,9s0tz693@outlook.com
CUST24983,SUSPENDED,337157,INV612296,4889.16,IV8MRFW5,322-94-4204,6955911245,fy67oy64@company.com
CUST99980,INACTIVE,97704,INV898307,4824.64,QL5N8HQ5,691-10-7417,7736851741,p28par79@gmail.com
CUST81875,ACTIVE,72379,INV156506,3797.04,O16486AD,475-84-5054,7041804754,mduyvc42@gmail.com
CUST13724,ACTIVE,289044,INV317545,2066.44,X3K3ZZJU,299-42-7471,8118461253,uvy8rj80@company.com
CUST97914,ACTIVE,158376,INV203457,4978.39,RQ0FM6I5,904-73-5256,9357609225,p3jmpw46@yahoo.com
CUST24363,ACTIVE,420224,INV511882,4799.39,0J0F8LU8,725-12-3577,8314707062,o4l5mb39@outlook.com
CUST82024,INACTIVE,98500,INV593179,741.04,7SWEDBFA,764-53-3909,8435458569,4fiv6f74@yahoo.com
CUST56731,ACTIVE,53527,INV412121,2621.53,4P5Z71H2,364-25-5317,8528545686,4sgug888@company.com
CUST25593,INACTIVE,48513,INV571218,3720.69,XTRZZSPE,999-26-5023,9931219002,b5mgxe37@outlook.com
CUST10725,INACTIVE,498562,INV455943,4015.64,H4EZ3MVO,224-16-7852,9528826125,zxoxkh40@yahoo.com
CUST49596,INACTIVE,195259,INV102885,755.5,PL5MPGIA,169-94-6702,8782929203,gsdgs827@gmail.com
CUST69483,INACTIVE,479099,INV397472,3576.38,5F0HDPYD,216-75-4011,6342943636,3bzm1i47@gmail.com
CUST98047,INACTIVE,482008,INV365965,2513.2,JCY6FR9U,621-92-5909,9757235307,7usvzm35@company.com
CUST89209,INACTIVE,418907,INV171499,3884.94,O3KB93PX,331-23-2453,6932060076,lxtcbe39@outlook.com
CUST45476,ACTIVE,245718,INV523871,4223.64,TBPMY2S1,823-96-2166,9059353875,m0r3zc41@yahoo.com
CUST83155,INACTIVE,164068,INV929355,1720.66,M1SG8Y4E,128-43-9499,8101296904,3jrqmy59@outlook.com
CUST37127,SUSPENDED,113498,INV562226,1869.95,RSHYATUS,825-16-9071,6146450265,bqwl2a81@outlook.com
CUST32296,INACTIVE,173984,INV775614,1995.48,1OJ936Z8,776-89-5638,7450293822,uuwmgm87@yahoo.com
CUST82836,ACTIVE,292355,INV937722,757.81,FRON81AG,334-45-2096,7565199922,p5173z13@outlook.com
CUST33966,SUSPENDED,357892,INV312007,1324.02,9OD8WV8W,608-54-7217,7163881660,nvgv7e89@gmail.com
CUST56179,INACTIVE,77039,INV755268,311.43,2UX1BL7J,869-30-8269,7954881701,i46s0i33@yahoo.com
CUST58891,SUSPENDED,24393,INV520526,1636.53,QGFWQ2FS,286-22-1057,6302931077,w6q56159@company.com
CUST28605,INACTIVE,4976,INV110044,1561.86,01OEPV8I,106-44-5394,6261948302,4tjtj974@company.com
CUST87907,ACTIVE,196951,INV803161,1648.6,KWV58D47,398-73-9849,6638587611,pjbe5i59@gmail.com
CUST13807,INACTIVE,487169,INV316000,4270.34,QCGMSG1R,478-98-8805,6969965227,umrfut36@outlook.com
CUST63602,SUSPENDED,153744,INV287344,3823.45,NSWQ6ULZ,660-24-9906,8916786124,snqcmz92@outlook.com
CUST60044,ACTIVE,180891,INV250740,4441.47,V29P4HH1,709-69-8827,7682471703,9yxqv249@company.com
CUST21701,ACTIVE,161308,INV354269,2419.89,3QKSQ2B3,479-50-8347,7285940407,m79pt467@gmail.com
CUST86795,SUSPENDED,297929,INV170536,2326.18,FHNMC7F4,485-16-4213,8146272091,iwhcfp27@gmail.com
CUST68830,INACTIVE,294200,INV901815,4418.3,6IIDRJ3B,112-26-7839,9171409993,dgajle53@outlook.com
CUST89275,INACTIVE,159339,INV731931,1944.24,1HUALJ05,956-94-5348,6498741075,ttolfd26@company.com
CUST25170,ACTIVE,207258,INV596933,3502.77,NUVGIBDC,311-38-2102,8685295534,hk19d324@outlook.com
CUST77865,INACTIVE,215695,INV162138,510.76,NFNK3HVS,475-84-4965,9882088325,x67yfh67@yahoo.com
CUST33896,SUSPENDED,410503,INV731800,171.08,3NSLZ5EN,605-13-4162,9595657108,j68zk059@gmail.com
CUST50386,ACTIVE,147228,INV345046,1979.74,DD2IBNQU,707-76-4964,9881260604,lv9z4a65@company.com
CUST22031,ACTIVE,135548,INV348296,755.78,J6WLUO6J,983-63-9344,8839117681,5klk0l73@company.com
CUST16680,INACTIVE,238857,INV368026,70.91,RAYGO5W2,702-57-6342,7053302634,x5eo1q60@yahoo.com
CUST45454,INACTIVE,53753,INV813768,4786.95,FZLG6HPC,754-96-6421,8926432477,716qh441@outlook.com
CUST68842,ACTIVE,45048,INV954148,3800.6,SS1KQS42,112-91-9824,8488992265,rxmsvh79@outlook.com
CUST78681,ACTIVE,382757,INV262900,65.42,LK5TI4VR,508-90-6329,8424397717,ykc85e60@yahoo.com
CUST17836,ACTIVE,141382,INV477778,2426.42,ZYZLS2X5,836-99-2746,6699176357,psqtz096@company.com
CUST88702,INACTIVE,42933,INV477060,2605.32,2K29P9BW,297-38-9260,6332003851,zczbyh98@gmail.com
CUST77627,INACTIVE,109248,INV630712,2353.96,ORODH34F,597-53-6864,9702449897,efmu8131@outlook.com
CUST22078,SUSPENDED,481678,INV456080,4008.64,SSEGBJYL,783-33-7624,7410315601,hs8k4468@outlook.com
CUST57944,INACTIVE,33568,INV670365,2794.56,TO7V1SLB,794-59-3533,6668363575,chz7eb33@company.com
CUST25743,INACTIVE,476766,INV490235,1075.74,9X61DE1S,334-18-2698,7052664783,0jkk9n49@yahoo.com
CUST54380,ACTIVE,157083,INV320578,2903.64,HUI4Q0OR,426-63-2575,8879124694,epo2bo44@gmail.com
CUST68362,SUSPENDED,140142,INV256314,3897.8,HMVEI5E5,622-75-1150,6386083434,rxdirg71@gmail.com
CUST60868,ACTIVE,349017,INV764817,1838.98,VSBE9C3F,195-78-3465,8475730327,1tir8d41@gmail.com
CUST39907,ACTIVE,280719,INV332069,136.75,JZAYPFG8,147-34-7546,7951360732,aw02ch43@company.com
CUST98239,SUSPENDED,270554,INV593500,4729.18,BS2DYJP0,594-81-2750,9633618066,tub0vw17@gmail.com
CUST97903,INACTIVE,382288,INV714523,1675.14,P2PUGLF4,980-75-2217,9632566401,ccmjbf81@outlook.com
CUST88805,ACTIVE,70270,INV368065,1698.71,VQ972EME,593-77-6898,6253369247,s979j876@outlook.com
CUST22774,SUSPENDED,228869,INV260982,1698.75,PFGLFOTF,292-65-9411,7973419908,tqmhs419@gmail.com
CUST56635,ACTIVE,203612,INV249216,4852.32,XALHXLPL,767-21-4630,6953093997,vvj9hg12@gmail.com
CUST15934,SUSPENDED,377741,INV310181,2074.73,8XMT8MQ1,545-85-4705,8768162013,5wiro576@outlook.com
CUST95904,SUSPENDED,470214,INV247433,3656.93,EU60FW3U,329-29-4571,6303680965,bu4d1644@yahoo.com
CUST26640,ACTIVE,68986,INV423118,2539.51,VVEOM1WR,723-23-3918,9722624471,6egrmv20@outlook.com
CUST29641,INACTIVE,223035,INV215613,625.28,4K9BEPGV,622-54-7765,9670251169,sy68bt92@outlook.com
CUST53736,INACTIVE,39360,INV156773,4850.94,YA9Y0VBG,680-65-8438,8300870350,xubhhm12@outlook.com
CUST57587,INACTIVE,373335,INV951766,2529.77,Y8HQXZDH,626-98-6322,9373625311,9pui9h61@company.com
CUST14445,ACTIVE,266800,INV557038,823.2,YC9KGBDE,263-20-1059,9841497766,inf6ix98@outlook.com
CUST73809,SUSPENDED,459414,INV994111,1016.36,JKGXB95C,779-45-1350,8324225451,r0plcn65@gmail.com
CUST17745,ACTIVE,88514,INV264152,2718.4,V6Z5PVLF,192-74-5227,8506392947,us77v146@outlook.com
CUST19742,ACTIVE,216334,INV463697,752.48,RO8M90Z9,642-27-8066,8784167993,v5m8e119@gmail.com
CUST81852,SUSPENDED,472526,INV901581,1794.21,5M9USGJE,552-67-4215,8483399621,3vp68771@gmail.com
CUST52763,ACTIVE,189665,INV369486,3351.6,8ETRF2KI,325-23-3270,8726041332,qgsy6k19@yahoo.com
CUST84568,ACTIVE,225041,INV593414,3916.17,2N61C28N,879-98-8021,6922481057,c6wzr715@outlook.com
CUST28383,INACTIVE,349113,INV332263,820.37,UGWHBDXV,556-47-2744,6214980966,paa6ra69@yahoo.com
CUST80695,INACTIVE,54471,INV484580,309.62,41G8RHEP,432-13-2088,6785409005,4e5ril92@outlook.com
CUST69446,ACTIVE,4770,INV577851,4879.75,0Q0VID8U,429-61-2831,8019024239,7okzwv43@yahoo.com
CUST28610,ACTIVE,67655,INV420047,4404.56,TL14892Z,985-68-2284,7322442099,vu6iyc79@company.com
CUST26461,INACTIVE,17581,INV334620,4845.71,MD2OH2CT,612-12-5601,6463873892,e7hlx779@company.com
CUST37275,SUSPENDED,98847,INV525011,1483.78,ACZU8VLT,938-16-4184,8738154305,de6blu22@outlook.com
CUST88119,ACTIVE,163762,INV695257,1005.95,BWSVRTAX,959-78-5208,9516877203,plh9hh38@gmail.com
CUST72176,SUSPENDED,467678,INV449727,1389.81,Z06AS9FK,873-96-4059,7940747738,8jz4fh21@company.com
CUST38174,ACTIVE,484310,INV176455,1175.98,7VDOCOKC,704-97-4576,6481591363,mncysy70@gmail.com
CUST53315,SUSPENDED,490781,INV874628,4786.65,J0OO1ZA3,942-65-4246,7685587793,cli9oz33@company.com
CUST24178,SUSPENDED,232990,INV353757,491.5,Z3I41ZQY,946-93-5001,9231531213,s2ff0e95@outlook.com
CUST20997,SUSPENDED,381330,INV661440,523.38,9FLDLDKG,242-51-3441,9582475726,r2yaxv67@company.com
CUST63196,ACTIVE,193329,INV299468,642.02,1V7YDUOJ,146-72-3299,9438419547,m86iiw96@company.com
CUST85550,INACTIVE,89239,INV905653,368.25,DK2GRWXW,360-28-2744,8013673980,lmkkba13@company.com
CUST94517,INACTIVE,252876,INV981091,229.26,I2JM2W8O,193-18-5323,7271668401,qmow4m25@gmail.com
CUST51416,SUSPENDED,80359,INV587511,3643.81,04M1AYFQ,830-24-8539,9375626237,hykota68@company.com
CUST96733,ACTIVE,417511,INV673223,1106.32,KX872ENQ,553-70-7924,8440654607,5a7lfi77@outlook.com
CUST67428,INACTIVE,151957,INV677044,3572.97,6JD5LQVN,111-61-5446,7084609614,jfera869@yahoo.com
CUST85030,INACTIVE,465549,INV608886,4369.62,KMN7M9IT,182-48-5766,6534565438,d4dvgo68@outlook.com
CUST69327,SUSPENDED,412734,INV936012,734.34,8S3513U0,399-24-8628,8811821617,18ugrp33@company.com
CUST41020,ACTIVE,262898,INV125467,4008.61,AG45JOZL,822-29-3791,9798483718,bqjh0a96@outlook.com
CUST68173,INACTIVE,91792,INV166014,1191.08,LOGPABOJ,123-72-6914,7111801180,484mgh44@outlook.com
CUST79710,ACTIVE,357444,INV225999,2672.08,FY12HQ8H,875-50-9679,7394117409,1gaw7v41@outlook.com
CUST67616,SUSPENDED,258203,INV265096,4294.09,4USNNOJR,981-64-5459,7689284232,gwkjul43@company.com
CUST72995,INACTIVE,98843,INV605402,3213.43,7T0QQSFX,319-63-4683,6455570534,btxr2d33@yahoo.com
CUST49910,SUSPENDED,274033,INV710654,2129.77,Y7NZTGIJ,385-41-9318,6832226839,94qtso40@company.com
CUST89336,INACTIVE,226538,INV656049,989.21,7DPD5YV0,711-57-8668,7900215974,pqohq887@outlook.com
CUST60949,SUSPENDED,331315,INV961466,4674.56,SZIJK8OH,908-32-7785,7169859164,5hfyi140@yahoo.com
CUST13732,ACTIVE,448544,INV794062,516.91,V14UN8ZY,256-21-4386,7131614167,g71r2842@outlook.com
CUST42115,SUSPENDED,410713,INV944367,1568.47,82T41H5Z,694-52-3868,9243137717,njjcqh65@company.com
CUST39225,ACTIVE,380543,INV791500,3505.63,4Z24L0GO,567-34-8252,8373468621,1dvy3i94@outlook.com
CUST36548,INACTIVE,164728,INV441778,3383.34,D8H58HQA,565-76-5527,7178815520,hapfot15@gmail.com
CUST98187,ACTIVE,379902,INV863962,4355.94,X2GP8WO4,366-24-8400,8878456619,ogkc5w28@outlook.com
CUST39676,SUSPENDED,239980,INV583835,1670.53,R8KZ04CV,130-19-8084,9437234251,lsgi4g71@company.com
CUST59742,ACTIVE,116601,INV569559,1400.85,TGMXSOJI,463-48-1801,9391879620,9zsgdl41@gmail.com
CUST68326,ACTIVE,328459,INV905481,1855.59,ATB7RLIR,416-10-5501,8735608959,mjqlol50@outlook.com
CUST19852,INACTIVE,470138,INV849784,2500.47,W6SDTJUV,928-68-1200,8100177423,qie8rc43@company.com
CUST72442,SUSPENDED,413915,INV728817,1351.25,VS6HB48O,161-25-2052,9153012618,rbj0cu58@outlook.com
CUST29222,INACTIVE,419594,INV439427,4385.34,JQRILX9Y,337-52-4495,7820079813,v9hpeu15@outlook.com
CUST79565,SUSPENDED,238650,INV122398,2226.48,1JF4X4VL,804-22-7201,9026363204,0s8rde56@company.com
CUST80179,SUSPENDED,357305,INV453386,441.69,GSNY4G8Q,758-25-5206,8519378958,lhwdi153@outlook.com
CUST38745,ACTIVE,116066,INV106083,4452.33,1LFC1X66,167-62-1080,9946049999,gu3bnn36@gmail.com
CUST87004,INACTIVE,397,INV915402,2900.37,KH9BKMZ3,607-76-3200,8618174753,jxrdg090@company.com
CUST18734,ACTIVE,316174,INV343889,3758.54,8D99BRP0,940-96-2330,6608826359,bs3mpy24@yahoo.com
CUST81424,SUSPENDED,427594,INV275799,906.15,3C2Q8IW0,257-34-3909,7031520567,q1ateo81@company.com
CUST39254,ACTIVE,262299,INV761755,4903.26,X7PJQ3AE,405-44-7909,7017493994,w9zs9092@outlook.com
CUST37746,INACTIVE,471226,INV103479,4482.08,ZVVEV86F,416-43-9870,6804773123,1lu5xo82@company.com
CUST94098,INACTIVE,314239,INV286907,2690.91,FWQ6VEV6,779-23-7769,8461482874,kloa2883@company.com
CUST13932,SUSPENDED,459055,INV587917,4218.51,HJAQSTI4,968-37-7086,6201998249,9sh8je65@yahoo.com
CUST57679,INACTIVE,231981,INV244428,4179.41,PY93YM2C,831-75-7489,9473257380,m7jja455@outlook.com
CUST52811,ACTIVE,397437,INV165226,2674.41,FHDHLQ59,313-64-4110,6193297069,iu4nna54@yahoo.com
CUST41735,ACTIVE,64222,INV716581,3239.26,7I4G0ILQ,785-99-9937,9501146240,azup1v97@outlook.com
CUST19997,ACTIVE,7757,INV117429,260.13,KKJ55R8Q,885-50-8257,8484076593,1vi7p824@outlook.com
CUST54239,SUSPENDED,417465,INV357655,1780.06,80G0WMHJ,733-12-1707,7029447219,8vzk5296@outlook.com
CUST92841,ACTIVE,310328,INV253980,180.76,NOW9FLW4,237-78-6446,6908413053,ylu37w32@outlook.com
CUST41058,ACTIVE,76809,INV743261,4758.42,DSYYGW4Z,140-57-5998,7031441121,2wh7xc17@outlook.com
CUST55058,INACTIVE,248219,INV396669,2972.08,JEFZNPZV,387-86-8309,8856821849,2pblmp61@gmail.com
CUST76458,ACTIVE,231744,INV124136,690.42,DQMQ06RS,660-29-5918,6092475889,q76p9y97@outlook.com
CUST97285,ACTIVE,317520,INV726089,4635.2,Q1NQPPGV,248-33-6476,6500785575,lx4kdr46@outlook.com
CUST46595,ACTIVE,144579,INV731150,3248.49,GTDVAKYD,347-77-5831,7689615503,3wm0h046@company.com
CUST40015,SUSPENDED,228622,INV369820,1226.08,S87DIAKM,485-40-2172,6257167523,ga90o765@gmail.com
CUST42064,ACTIVE,285904,INV862744,4622.11,CW108QR9,114-49-7284,6774883333,zu28rm68@company.com
CUST55159,INACTIVE,255212,INV704102,4095.28,I84QXZ61,364-77-7788,8836976198,x7o85l51@gmail.com
CUST53506,SUSPENDED,404799,INV797419,3766.6,LEQEKG0Z,949-45-4558,7667706493,n7prlf77@yahoo.com
CUST97086,ACTIVE,479012,INV326854,2296.04,4QI0DMFT,666-81-5894,7854495565,5am9li95@outlook.com
CUST78832,SUSPENDED,209784,INV385502,68.03,WHVPP52B,246-91-1380,6557778630,7wuka115@gmail.com
CUST58012,ACTIVE,383494,INV878979,3184.74,TXZSWVR6,359-50-2459,9280972424,ssx36858@gmail.com
CUST48096,INACTIVE,169464,INV696193,3169.01,4J854QBN,656-26-5444,8765590300,wtsh2m28@company.com
CUST22299,ACTIVE,482915,INV538597,1564.17,4HDWZC26,621-12-3119,6272987586,cdkvf190@yahoo.com
CUST24643,INACTIVE,464322,INV637931,1643.86,1ECA9FVG,184-20-5465,8184683821,sn8oo591@company.com
CUST68442,SUSPENDED,300389,INV274438,1668.65,5LISSF65,642-11-9052,9694918579,71vge967@company.com
CUST97121,ACTIVE,363561,INV391319,157.54,EKN3I3HQ,525-35-6802,7376393515,bf080a78@gmail.com
CUST12257,ACTIVE,180591,INV300536,1120.12,SC7JV8AS,283-72-1986,8986085170,6ytqli64@gmail.com
CUST59120,ACTIVE,230293,INV140144,2037.64,WPG60X7Q,681-59-9205,6023736141,sn3dti17@outlook.com
CUST30751,ACTIVE,204577,INV453828,3321.6,MCRUYWU6,291-51-2068,9991917614,tjs1m259@yahoo.com
CUST62051,ACTIVE,67801,INV565156,2561.76,S652WG8C,738-34-3122,9157724458,6ticek55@company.com
CUST68898,INACTIVE,166019,INV232707,4168.98,FRYJXF3U,115-31-9611,8153826797,nzs9s713@yahoo.com
CUST57310,SUSPENDED,23707,INV251721,666.14,52F7GB2H,307-19-3854,7186535830,hmi8nn58@outlook.com
CUST70362,INACTIVE,197302,INV960784,2145.18,64VOXDBY,683-60-6123,8933234305,b8o9zs17@company.com
CUST87873,INACTIVE,278345,INV293296,2146.65,IWHI2XXT,486-93-1177,8763671633,8gmuc269@gmail.com
CUST96752,INACTIVE,356401,INV639028,3155.53,9ILB33N7,990-54-7319,8763594601,47r3r080@yahoo.com
CUST31722,INACTIVE,322463,INV431695,1069.35,E3CI99GT,165-41-2977,6237861843,b8udhu79@company.com
CUST57823,SUSPENDED,298292,INV170711,4352.49,UF3ZGGFN,777-51-9341,9889701706,iad2xj28@gmail.com
CUST52338,SUSPENDED,184555,INV956911,1154.14,WWDGVSWJ,957-41-7911,6252037781,arbvjz48@outlook.com
CUST34633,SUSPENDED,383048,INV176561,1183.4,8JPRHP9U,475-55-8932,9799284818,d8ygxx30@yahoo.com
CUST82433,INACTIVE,163586,INV733796,1530.71,WTERGYE9,758-19-7553,7307488308,qd8nzc43@company.com
CUST49137,SUSPENDED,209548,INV616546,2305.25,8SCFM0MG,163-58-3620,9911505473,s7pdsr67@company.com
CUST50669,ACTIVE,387832,INV101399,2537.11,7D2787ZD,722-27-8363,7917310872,3rrm4s93@company.com
CUST61562,ACTIVE,6884,INV353684,1168.85,XYLKZO9K,630-91-4971,9132666684,b1oy1l94@outlook.com
CUST66716,INACTIVE,251061,INV296010,578.61,2FTVYNX0,612-30-2301,6898038108,pmp5kr72@company.com
CUST77206,ACTIVE,389597,INV932890,2606.86,K4K04Z9B,285-63-3655,6449918635,3uk84l19@company.com
CUST15527,SUSPENDED,386535,INV928818,1085.99,9P3IEKWB,537-35-8574,9215554728,69debg50@gmail.com
CUST62818,ACTIVE,215970,INV945083,837.94,64CKKGJF,563-44-6256,6591392874,aja05b39@company.com
CUST68865,INACTIVE,459923,INV300823,2496.76,8D27Z9UU,711-41-3288,6605868569,0apb4176@outlook.com
CUST41912,SUSPENDED,221293,INV895260,3150.76,H72PNAQC,979-24-7555,8611916428,aj82u477@outlook.com
CUST87672,INACTIVE,352674,INV420377,803.56,HFHUDWPW,207-99-5463,6380146412,rtv5m291@gmail.com
CUST51189,SUSPENDED,260929,INV834609,1289.16,D99762XJ,379-42-5989,8732108357,u70s5d49@gmail.com
CUST19230,INACTIVE,155516,INV655139,3130.58,VCK1KJXE,623-93-2165,7335350567,e0r65144@yahoo.com
CUST58351,ACTIVE,101128,INV212828,4043.31,RUTUXETY,986-42-3554,9530210022,ysjr5i84@gmail.com
CUST26895,INACTIVE,86854,INV335322,2163.2,5NDMOJII,862-38-5260,7203426918,3zu44e51@outlook.com
CUST29701,INACTIVE,286399,INV126782,4242.59,HRUK23UG,288-46-7780,9510026729,43avuv31@yahoo.com
CUST52844,SUSPENDED,304924,INV675873,4972.49,VF5VWBOI,368-56-8542,9765145777,epp8k989@gmail.com
CUST45930,INACTIVE,32818,INV686446,524.01,WF1C25UB,124-32-1073,9949330358,yxz0t347@company.com
CUST94207,ACTIVE,28269,INV551538,2365.88,BMS7I33T,204-94-6792,8076993916,g94vh711@outlook.com
CUST21967,ACTIVE,81392,INV952643,1906.25,IYAKR3NM,234-40-9368,7952889082,ozupv350@outlook.com
CUST57092,ACTIVE,35986,INV765402,2329.27,70VMY8W9,449-15-7801,9781047173,yaofz468@yahoo.com
CUST97635,ACTIVE,284582,INV684558,4340.18,U7N07GKU,169-67-7740,7693789443,w3jbmx33@company.com
CUST53299,ACTIVE,238531,INV277788,4007.06,W6USFUOO,196-84-1275,6644191845,u1m4ba44@gmail.com
CUST27448,ACTIVE,323044,INV589862,1271.57,X190TRD6,422-92-7944,7917048533,lzbrcl89@gmail.com
CUST47824,SUSPENDED,304425,INV921959,2900.79,ALM7MSZX,650-79-8153,7138673970,x07cl920@gmail.com
CUST55992,INACTIVE,335020,INV660837,1407.52,DZQG8G74,437-97-4073,6877222120,t5mljg32@company.com
CUST95433,ACTIVE,470892,INV435111,1664.87,GOIZ2V4R,412-80-2139,6570702387,nmmywh53@yahoo.com
CUST59621,INACTIVE,174483,INV176376,3238.26,HOFHD5XF,735-60-7088,7104144202,e2qhfa98@yahoo.com
CUST21206,SUSPENDED,360811,INV971580,2365.85,G222P6UN,337-60-2086,6511269140,vxwi4277@company.com
CUST30235,INACTIVE,404941,INV944261,137.48,MYV3MD32,623-61-1715,8865580127,l5tgkl27@outlook.com
CUST53982,INACTIVE,108251,INV368892,2381.02,YJO9G3B3,337-79-5262,6140158941,mkopza20@company.com
CUST55144,INACTIVE,229099,INV682313,2561.97,6IJI974W,602-70-4660,7600719765,9k8ovt93@yahoo.com
CUST23003,SUSPENDED,198881,INV427258,2179.69,TBQWNOZX,168-10-3143,7143790720,si43j874@gmail.com
CUST82433,INACTIVE,325497,INV932985,1221.56,OZVWCRBK,717-60-3018,7787000140,vcvq4x11@outlook.com
CUST10950,SUSPENDED,188269,INV250641,1574.54,KN6GJCXZ,433-84-1631,8322047427,78fbno93@gmail.com
CUST61660,INACTIVE,145199,INV545593,854.46,UE4IVOLR,630-63-7182,6779106050,rp77yu18@outlook.com
CUST78406,SUSPENDED,476731,INV419131,3909.25,2MMEVAMG,189-30-5440,6387274662,c82vjd43@yahoo.com
CUST88139,SUSPENDED,74073,INV905025,52.52,TPSGFN4L,269-10-7505,6755864383,z8fyxy24@company.com
CUST15879,SUSPENDED,494656,INV416774,3755.5,EH6DXNN0,354-89-3346,8512449605,3qxvra21@company.com
CUST39463,ACTIVE,314708,INV838579,4323.03,2LTNIUJV,917-81-8519,7247144651,36w4sg58@outlook.com
CUST41820,INACTIVE,430704,INV939645,3301.53,Y5BCOJHB,127-41-8459,6303528126,bv8w5862@yahoo.com
CUST66694,SUSPENDED,481461,INV361575,713.94,UQ43U2T8,935-57-3352,8143474990,va1mia66@gmail.com
CUST50488,SUSPENDED,281254,INV911884,895.68,9SXASGEA,652-98-4012,8401194617,mqgabe17@yahoo.com
CUST78507,SUSPENDED,45083,INV103016,1797.99,IJI0I464,470-94-7219,9588664005,r5jb8774@company.com
CUST41257,INACTIVE,294253,INV183799,1814.14,UK47LV43,751-68-9800,9342983521,xb040s55@outlook.com
CUST86204,ACTIVE,468246,INV828443,935.93,EZ8T20P3,733-59-9321,9377086168,fs0nhz40@yahoo.com
CUST62764,ACTIVE,84285,INV572025,1883.54,BI99GOQ3,266-98-8818,7449250896,6eyc5c24@gmail.com
CUST81534,SUSPENDED,230538,INV273212,2153.52,BLMXKPUC,911-40-5064,6508108979,qx0rqd65@yahoo.com
CUST79006,SUSPENDED,269843,INV735784,4222.88,R7FI6G68,340-46-3937,8067722586,7jxb7p36@yahoo.com
CUST96473,SUSPENDED,16878,INV968483,3636.2,ZOJBEQNY,392-94-9305,7910876135,8g6rgv93@outlook.com
CUST61491,ACTIVE,400508,INV259065,4680.94,SIZHZWRT,388-66-8394,8789385333,l9n63691@outlook.com
CUST33155,ACTIVE,64598,INV491985,3677.51,7P6ZFUPD,107-58-4593,8983846908,lz6t6n38@outlook.com
CUST92178,INACTIVE,216541,INV399033,4504.55,7IGS0J5A,191-25-9096,9449056438,w3nof255@gmail.com
CUST98038,SUSPENDED,285009,INV343118,1807.28,QNM47VGQ,874-33-8101,7501199476,s4sj5j50@outlook.com
CUST56222,SUSPENDED,270811,INV315492,3725.82,R0145D5B,244-73-8863,6776509936,nfw5gw33@gmail.com
CUST80634,INACTIVE,20114,INV331159,1094.48,L9K651BZ,616-31-6923,7381767465,jep4dr28@gmail.com
CUST75353,ACTIVE,38491,INV982956,3640.81,X4URZFSU,156-68-5859,9633290740,6mebcc80@gmail.com
CUST60641,INACTIVE,183860,INV709142,846.38,WVVPSA39,444-51-6576,9879777050,vvpd5r49@company.com
CUST19775,SUSPENDED,222524,INV242216,2416.97,ZX23WPFC,257-62-7838,6690590533,fb29nl81@company.com
CUST14989,SUSPENDED,298304,INV257267,2152.46,GJ8ZRSJ2,169-44-4610,6639516530,p5gs6k96@gmail.com
CUST99262,INACTIVE,335629,INV430017,3751.58,9LLONJP9,939-99-7252,7917859246,flrrfh12@outlook.com
CUST43505,ACTIVE,216863,INV889791,179.2,V66HM1E8,617-90-6199,8424793495,86tzha75@gmail.com
CUST10874,SUSPENDED,59839,INV393010,2617.72,EYJIM4GL,877-39-4607,9612141806,rvl9r398@outlook.com
CUST88436,ACTIVE,323097,INV118720,2249.88,9E6CO4PA,728-42-6714,6444925619,padm1p81@outlook.com
CUST23676,SUSPENDED,443896,INV571499,1840.78,8XC0EHQH,418-27-4913,6464295371,1mkyth96@yahoo.com
CUST21601,SUSPENDED,127547,INV465952,3509.0,PTVUVJZM,478-29-9860,9745858368,ikaqio22@gmail.com
CUST34989,INACTIVE,259546,INV124094,3462.92,SJSLIFYV,866-62-8758,7986162333,19iaqr38@yahoo.com
CUST24303,INACTIVE,7068,INV317088,3273.48,WTMWX3AF,733-28-4405,9655990786,gpv0jq11@gmail.com
CUST79455,ACTIVE,8019,INV321868,2037.4,VJ27CB6Y,253-16-9232,8831685452,aaajst59@outlook.com
CUST50604,INACTIVE,346220,INV656995,245.53,Z7UNH4C1,809-30-1817,6263071995,21mbjx40@outlook.com
CUST56829,INACTIVE,424423,INV176904,1244.42,XNXVF95S,751-93-5379,9915620452,5lhix489@gmail.com
CUST93379,SUSPENDED,411530,INV402225,4791.57,HF5R0MFR,583-69-7939,6960487462,zfa3nj60@yahoo.com
CUST25545,ACTIVE,342036,INV739635,3178.84,CQDEG1UZ,694-27-6186,9289060363,b8forc45@gmail.com
CUST88007,SUSPENDED,327657,INV377863,4771.48,LI1LSVGH,152-90-8267,8228333155,y020os34@yahoo.com
CUST44964,INACTIVE,327888,INV794666,1305.67,BV1K7YT1,523-70-3289,9121009338,5wd81683@outlook.com
CUST29531,ACTIVE,365050,INV840447,1600.13,C00HE9BU,212-17-7466,8152733559,hmq87i32@gmail.com
CUST41925,ACTIVE,185407,INV978812,4547.51,L9O2QHGX,961-54-3808,9945920029,lkx4vh26@outlook.com
CUST78891,ACTIVE,125090,INV117009,3095.54,K1AM1RST,698-74-1123,8475163523,4cajqz85@outlook.com
CUST21097,INACTIVE,238075,INV614429,2577.9,QISNDW1P,948-12-8529,9020764415,6yswqq50@company.com
CUST68547,ACTIVE,255264,INV377759,2331.24,TBFMOO0P,355-12-3855,9813038674,mop2qy61@yahoo.com
CUST47519,ACTIVE,57732,INV266701,3827.51,VC0BQBXP,686-61-5751,8075914002,mm1fb168@yahoo.com
CUST70960,ACTIVE,464647,INV587526,3596.67,NUOL22J4,394-76-1201,6574857752,vvyvwa13@gmail.com
CUST88534,ACTIVE,366279,INV834310,4282.52,3ZDE0M5B,479-52-4167,6613851063,mub67361@gmail.com
CUST94302,SUSPENDED,445327,INV785693,1531.28,Z5G6WXSD,442-57-5802,9343239211,44w5gj81@gmail.com
CUST23078,SUSPENDED,77183,INV612641,2164.74,Z48Y58QQ,182-37-5936,7918005764,qy89b112@gmail.com
CUST68154,INACTIVE,78701,INV700641,1260.91,K5I0X1XL,453-93-3016,7664131913,rgzcv117@gmail.com
CUST96385,INACTIVE,425375,INV265417,592.94,7C0BZRKC,750-37-4107,8650067857,32fxvl90@company.com
CUST17791,SUSPENDED,417530,INV534113,4843.41,9PO02XSH,632-91-5178,9372323551,q7tn6y70@outlook.com
CUST50575,SUSPENDED,277501,INV650794,3205.87,NQ2I3R2O,118-78-7974,6673678351,rfuqq492@company.com
CUST72798,INACTIVE,355781,INV757195,3908.5,CZ7T7TXP,804-75-4080,6682436249,ma8o1g56@outlook.com
CUST17925,ACTIVE,172886,INV161419,3522.25,SEBIJZK8,444-68-7764,6156985353,ri6j5t99@gmail.com
CUST17260,INACTIVE,478390,INV430639,3164.0,MBF36157,944-89-4716,8737767121,fj4grp51@outlook.com
CUST68777,SUSPENDED,403735,INV844139,4018.15,6O7QTEUZ,153-15-4769,8444616038,ync4b276@yahoo.com
CUST85865,SUSPENDED,323220,INV411995,4399.34,R5M938ZT,699-21-2156,9432331179,h0qki239@gmail.com
CUST11976,ACTIVE,271820,INV585332,2031.04,SN80MT6Q,367-61-4146,6456563070,3eksed96@outlook.com
CUST90452,ACTIVE,484618,INV292121,3527.23,BNFXHVXR,845-70-5908,8774814566,m3y6nx42@yahoo.com
CUST61957,SUSPENDED,64479,INV969847,4396.86,9MR3TW1C,603-45-1070,7779219609,kildxk38@outlook.com
CUST92006,SUSPENDED,495734,INV997105,612.25,MRI7WIXO,366-35-6946,7303599147,g5cqgm77@outlook.com
CUST62965,ACTIVE,474916,INV392104,1538.97,UWTHYOUY,776-93-6270,9806959072,ocu69y50@company.com
CUST43963,INACTIVE,391372,INV184006,1569.95,UZ5P86V3,581-42-1855,7267834355,0nnf2g15@gmail.com
CUST45847,ACTIVE,95218,INV727985,3835.43,7ZRMVSTY,695-39-5957,8133428886,qrfzez26@company.com
CUST68091,SUSPENDED,252672,INV507739,4036.85,IQ4O86MG,923-53-4067,8300458311,ygocfq86@gmail.com
CUST93519,INACTIVE,273719,INV684096,1003.82,DQGMGS6Y,568-70-5799,8925162007,x375er28@company.com
CUST68615,ACTIVE,430329,INV888292,2622.59,5JX7ILUM,629-13-9615,6811354862,7oi25975@outlook.com
CUST91293,INACTIVE,206208,INV831647,2890.9,P3UDREGM,985-75-9461,7303279444,gnhrz782@gmail.com
CUST93138,ACTIVE,59507,INV745697,4109.21,0RXCT8RT,237-13-6395,6834066727,qwk7o114@outlook.com
CUST13299,SUSPENDED,484259,INV704771,322.56,VTV7UKYZ,782-96-6508,9847235047,ds44w783@gmail.com
CUST27647,ACTIVE,189557,INV749203,3634.8,Q2KE5BMZ,162-71-8636,8699259234,24smvg33@outlook.com
CUST11752,INACTIVE,130488,INV165039,3664.32,1IKZPX2X,117-95-3196,8132084061,gyz42d18@gmail.com
CUST24822,ACTIVE,499710,INV412216,4382.78,6ACPW6XA,658-54-3780,6360866027,0lires68@gmail.com
CUST52250,ACTIVE,302219,INV421680,4139.72,ZL6KJB7P,430-74-9026,9878782278,xc1dbz29@gmail.com
CUST23501,INACTIVE,165858,INV287201,1933.9,ZK9DL7UP,328-50-6104,7275961444,37a3sc69@yahoo.com
CUST28997,SUSPENDED,3963,INV649760,3188.72,G5ANCJHT,470-36-2804,8712780773,bmfy3060@outlook.com
CUST64321,INACTIVE,60353,INV135467,2911.7,KMIDQU2N,400-32-2242,8460872897,0loaut80@company.com
CUST44817,INACTIVE,440432,INV651698,4780.37,4TAR9VR3,959-86-7222,9238336944,a0gr9068@company.com
CUST72076,ACTIVE,257768,INV619198,838.1,VO3RJT2X,188-82-1727,8431619137,ut8sxp77@company.com
CUST88818,ACTIVE,238069,INV172150,502.34,SPYUJ2FK,545-95-4914,9815748746,29gl2o98@gmail.com
CUST44458,ACTIVE,17262,INV731933,458.12,EPO6WAD7,460-75-4450,9877975184,s0y7he24@outlook.com
CUST69864,ACTIVE,326778,INV960514,1976.77,K25ATG9E,196-57-3673,8158379269,pbk09z37@gmail.com
CUST77776,SUSPENDED,125463,INV571342,2560.02,9NFHHC0V,242-24-3179,8604388712,bedw2c24@gmail.com
CUST51515,INACTIVE,424477,INV815394,347.05,I4BECQA7,350-42-2324,9986074355,2koe4v74@company.com
CUST41892,SUSPENDED,441387,INV112158,1339.9,G8Z6VQU5,612-26-5391,9368657008,yzq7x624@outlook.com
CUST11263,ACTIVE,331628,INV525833,1679.71,ABA4U8BM,518-79-7202,9945326145,pujnb648@yahoo.com
CUST97330,INACTIVE,498839,INV548205,1455.46,NPFAZJFR,192-51-2069,7453143377,gomr8p75@gmail.com
CUST79251,ACTIVE,401720,INV263875,4853.47,U4EWWPDN,988-45-9848,8947097244,os3aq779@outlook.com
CUST45056,SUSPENDED,145906,INV529356,4119.35,3XFBA7EN,573-39-5088,7367511750,f7qud186@company.com
CUST55812,INACTIVE,227188,INV702680,3599.83,I2SLCGWL,896-49-6049,6282670104,ac4nj244@company.com
CUST93902,SUSPENDED,368281,INV654720,2517.87,9LBUJCWQ,530-22-4999,6894130118,nd1syy71@gmail.com
CUST38057,SUSPENDED,30253,INV161772,2607.4,XQTBNPWX,888-31-2023,8904341643,dm2chs58@company.com
CUST74190,INACTIVE,259160,INV746414,4096.68,K8BIIA48,357-62-2812,9610304889,0g6zpu34@yahoo.com
CUST16517,INACTIVE,98422,INV587927,1001.1,2DR0VJ6Z,838-93-2579,6770653551,q7qy8n88@yahoo.com
CUST77545,INACTIVE,86023,INV255152,3084.37,I0135SUJ,599-10-8407,7085009980,glgn6x65@gmail.com
CUST95231,INACTIVE,441675,INV395312,2376.93,HT2S36L1,555-24-2079,8659364449,kvwdrv46@yahoo.com
CUST27293,ACTIVE,39174,INV796520,3946.87,31UJVGU7,902-27-4674,9134102982,eufe7r95@outlook.com
CUST94265,ACTIVE,97007,INV347467,1197.09,YALKM8AN,337-57-3868,7152491114,xnnod088@company.com
CUST48614,ACTIVE,75410,INV791395,4628.63,P7WVGY5Z,155-99-9180,6434466278,zuc87b29@gmail.com
CUST65314,INACTIVE,392216,INV176251,4665.73,A56VOO53,982-64-8770,8365727678,c3g1h292@outlook.com
CUST56304,ACTIVE,194994,INV601953,108.47,0IZDEDOX,776-16-3310,7338393011,8s1mdb99@outlook.com
CUST20140,INACTIVE,55419,INV452474,3520.89,SE58LVDE,206-98-6244,6985550422,akkvyx50@yahoo.com
CUST59449,INACTIVE,7807,INV824704,872.36,WLQEUMNZ,478-80-8988,7095203900,cay5up72@company.com
CUST44823,SUSPENDED,302902,INV687708,4803.44,VPOV65LM,466-31-9724,8912665971,26u9gp59@gmail.com
CUST40609,SUSPENDED,426277,INV990628,2845.01,B2TO844P,801-43-4697,7931170167,2y0kv598@gmail.com
CUST36760,ACTIVE,481365,INV398619,4965.57,2D1CS12R,595-46-2922,6685582386,50scc767@company.com
CUST79018,ACTIVE,62672,INV479611,2315.94,AJNYJ862,781-69-8281,8508528535,p7scm772@yahoo.com
CUST54217,ACTIVE,450445,INV394008,3098.46,LD1ZRNHW,131-80-7378,7665492118,52q3cw36@gmail.com
CUST63549,ACTIVE,23823,INV728267,97.0,4J6IWP6S,176-86-3689,6636969532,7na1r882@company.com
CUST55556,ACTIVE,261702,INV310446,4702.51,7H5NAEJL,408-93-8908,6250907850,hhm8bj53@yahoo.com
CUST85170,SUSPENDED,268407,INV168871,2157.66,BTZV8WB1,277-90-1046,7743342196,i92s8j50@yahoo.com
CUST48775,ACTIVE,461025,INV852727,4752.01,90Q2EYDJ,314-67-7704,8250552050,3j6ric45@yahoo.com
CUST98643,SUSPENDED,348161,INV863769,967.34,Z5M19NVD,375-17-3320,6877073006,w20zkd50@outlook.com
CUST59588,SUSPENDED,183840,INV979582,1700.82,OPTH59V1,782-60-8879,8887349924,1dhzpr10@yahoo.com
CUST22852,ACTIVE,257609,INV300993,992.96,KWO4NXX0,793-12-5518,8258516444,bqkbyj45@gmail.com
CUST85479,INACTIVE,153186,INV631632,4539.99,8UI0OATJ,199-61-3252,9097915618,ss3jjs74@yahoo.com
CUST99488,SUSPENDED,484020,INV789419,2830.76,6LZEH5UI,528-38-6325,8119458260,9caqyn71@outlook.com
CUST39417,INACTIVE,38098,INV275769,3318.77,OCBR854Z,640-90-7082,7595791957,w6arm422@company.com
CUST80295,SUSPENDED,130302,INV235769,1168.85,XPLO83WE,341-32-6536,6330416141,boues531@gmail.com
CUST55774,ACTIVE,447313,INV274185,1485.41,EBLXFNXR,199-78-4128,9989726763,n3diun19@gmail.com
CUST55447,SUSPENDED,132268,INV672524,2569.3,ID2FEVBF,855-73-5456,6621996969,xhdspf27@gmail.com
CUST12604,ACTIVE,192853,INV743082,2304.68,EQFOJP5X,419-86-3008,6177886430,hmb0ob74@gmail.com
CUST83962,INACTIVE,478201,INV443297,1010.03,WMAWBB68,291-30-3533,6734579125,xwdz5220@gmail.com
CUST22947,INACTIVE,397806,INV838164,2961.96,DE5JD76I,739-33-1893,6062406646,ii1aqa48@company.com
CUST91984,SUSPENDED,189049,INV113984,3222.36,ZKW4LWYI,687-89-7101,6981695429,uu5qmz82@yahoo.com
CUST44128,SUSPENDED,229506,INV473223,1032.42,WSY985TV,822-61-7589,8798334725,5q0pdr78@company.com
CUST76660,INACTIVE,460659,INV888030,2641.49,9WNT2KD4,222-79-8422,9301211995,31weuh53@gmail.com
CUST15038,SUSPENDED,40066,INV987834,821.79,JRG3OSFC,682-12-3043,8448317358,uek8lk14@yahoo.com
CUST22361,SUSPENDED,94062,INV561091,4544.01,EB6W7BRL,510-24-6362,7129062223,snow5983@outlook.com
CUST99767,ACTIVE,437969,INV351699,4729.29,2T7YJEEP,387-97-8679,6450998546,yoxse053@gmail.com
CUST59863,ACTIVE,32670,INV140748,4892.17,CIMLQTCY,283-25-6642,6462464976,q4kbtg27@gmail.com
CUST15633,INACTIVE,414300,INV722779,3817.65,Y685BUZL,317-19-5065,6029106296,epgu3n41@company.com
CUST99211,SUSPENDED,47134,INV948970,3698.56,HTBQNFY9,299-40-7020,7940972898,1e3m0w67@yahoo.com
CUST87341,ACTIVE,396249,INV286734,1251.11,5G6U97AS,532-27-6516,8611087243,qmydno79@yahoo.com
CUST96399,SUSPENDED,181614,INV731934,3495.61,BXTDZ4J3,653-67-6301,7142719072,gycsg419@outlook.com
CUST70649,INACTIVE,138981,INV340975,1786.27,831JERJW,269-91-7100,8437338749,uyeepi46@outlook.com
CUST11936,ACTIVE,51709,INV654902,3843.01,K8GLQBAP,481-51-6135,6423406985,69wkwq82@outlook.com
CUST72591,ACTIVE,396133,INV415950,1616.06,7B14903O,896-80-4512,8219455494,pfw46661@yahoo.com
CUST23604,ACTIVE,166838,INV260024,3322.15,MXB5RS9D,172-13-9556,8101614125,ocrjns81@gmail.com
CUST45466,ACTIVE,33299,INV474735,3543.52,PHHXG0OE,687-48-1850,7961576263,ess53f15@outlook.com
CUST52983,ACTIVE,364485,INV647984,82.0,U78FLUU5,107-79-9381,9341477473,3zu2gn73@yahoo.com
CUST70150,SUSPENDED,499918,INV667627,345.19,NQU8FTSL,569-66-9947,8100505093,xeo5bc61@yahoo.com
CUST65722,ACTIVE,46361,INV170744,4870.46,S61V1C7C,273-41-8543,8100447690,4fdbha56@company.com
CUST95534,SUSPENDED,88816,INV693914,2468.05,NZJPO580,183-74-6591,9923755858,td4zvs79@outlook.com
CUST47041,INACTIVE,369451,INV581679,272.02,ST2FD5LB,536-95-3695,9015498799,w93nj183@company.com
CUST59367,INACTIVE,236914,INV114307,2881.77,0I06PXJA,848-25-6445,8871808310,s8is7232@company.com
CUST13313,ACTIVE,194576,INV165457,4812.48,90AKRB4G,336-39-3668,9951593892,eiypar38@outlook.com
CUST71898,INACTIVE,192517,INV562385,3252.88,NGFV71PK,539-65-5034,8035563830,bqvqjg16@gmail.com
CUST10840,SUSPENDED,406814,INV819585,1803.42,P8SBB27H,560-95-2502,9485362888,42o9tp62@yahoo.com
CUST30286,INACTIVE,82210,INV244196,4849.48,RKTX728O,768-91-1774,8347216042,rhg0fx25@outlook.com
CUST91243,SUSPENDED,194419,INV321246,2622.16,0IRUI8P5,476-37-4199,9809025138,wtg17m46@outlook.com
CUST12338,SUSPENDED,133236,INV928113,4683.48,LQZS8G6B,763-20-8190,8318006451,imw3yb48@company.com
CUST70821,INACTIVE,430379,INV334751,1084.54,BRUBXFTI,216-34-7192,6083732306,ed2sb092@yahoo.com
CUST60060,INACTIVE,121585,INV497228,3558.32,E89CUQTN,361-85-7725,9154664212,xet6fw63@outlook.com
CUST86695,INACTIVE,248771,INV359077,2917.81,HITJT10V,527-62-8592,7602513158,h0su0195@outlook.com
CUST78270,INACTIVE,495872,INV331864,106.11,TZQFY7M9,442-23-1289,6238841894,6evaet15@yahoo.com
CUST57390,ACTIVE,97033,INV664887,1019.44,L7X9U7RJ,452-65-3087,6017136955,knj8dd35@gmail.com
CUST74574,INACTIVE,418142,INV273989,263.74,IQYUU6WB,517-66-4942,8300307590,4xafxo95@gmail.com
CUST29101,INACTIVE,402501,INV819717,1547.44,QB875P14,193-52-9249,7699695691,omo82p89@company.com
CUST77237,INACTIVE,86922,INV776791,4689.06,JFODFCM4,609-60-6737,8114831714,gp4iig69@company.com
CUST54728,ACTIVE,352456,INV735760,1442.4,Q5G3PONO,236-87-6073,7437168564,ifk31y45@yahoo.com
CUST17076,ACTIVE,469251,INV817136,267.75,0DFY7XSQ,406-98-7346,6045281428,tc0dyl75@gmail.com
CUST35520,INACTIVE,292288,INV593886,4382.3,AQ800IEK,143-62-3217,6293388672,26e6a555@yahoo.com
CUST73668,ACTIVE,216022,INV437665,2773.11,J32Y4KMX,711-18-5005,6636033526,anfmj812@outlook.com
CUST32202,INACTIVE,116599,INV871994,2040.04,JVSKL92W,157-40-9930,9287159260,wtyngs29@gmail.com
CUST27525,ACTIVE,250401,INV230319,3897.81,1Q0U18PQ,779-79-6877,6016781046,gov8zq88@outlook.com
CUST25561,INACTIVE,301241,INV759659,4922.75,2R6BNF9J,545-82-3128,8704922297,l69tmk58@outlook.com
CUST95577,INACTIVE,1881,INV186722,2580.65,EY1EG84V,225-41-8425,7482249905,nhuth096@gmail.com
CUST69236,ACTIVE,213365,INV856626,3212.28,1RBA4HV2,588-15-4200,7533458999,o7jw1p61@outlook.com
CUST34876,ACTIVE,278268,INV663686,2834.59,50IKMM5L,796-60-8311,9341205344,urkc5740@outlook.com
CUST29370,SUSPENDED,202604,INV510697,2441.09,ZC7J6BFC,186-60-4174,6027353804,8y6afq30@company.com
CUST97038,ACTIVE,185487,INV505979,3846.26,CS38XJFQ,186-40-5881,9662299787,7as68f66@gmail.com
CUST87233,INACTIVE,435411,INV288705,3713.44,TSV3GGR9,558-54-1851,8246365903,ejwt1513@gmail.com
CUST18628,INACTIVE,405355,INV887815,2484.04,CDTIAI4F,592-30-8075,7788738884,xx3awa78@yahoo.com
CUST62096,INACTIVE,267333,INV116781,2518.93,NNBSOAI7,600-89-7797,9680905672,8b93ck69@company.com
CUST59659,SUSPENDED,239333,INV539970,3613.69,RJMJLOTD,287-36-7348,8379382851,40hsra92@company.com
CUST83496,SUSPENDED,116420,INV867586,4813.39,3BKWI0DI,578-55-4326,9096154085,a1200030@company.com
CUST97631,SUSPENDED,334125,INV120813,1326.4,VOWON0NX,747-39-3793,7192812561,ans32x43@company.com
CUST70962,ACTIVE,311605,INV851562,4464.26,PBDGMOI4,273-87-5461,7002337500,lnbmdm10@gmail.com
CUST32547,SUSPENDED,2235,INV674486,4651.68,N2HRPM2T,946-86-4554,6215957431,ehogxl70@yahoo.com
CUST55392,ACTIVE,212406,INV118212,2502.89,NT72MVDY,340-55-2904,6241878195,9oqu4r85@gmail.com
CUST20397,SUSPENDED,473329,INV299530,3493.98,NK0TQBWH,985-63-7919,6730725000,g5wctd27@gmail.com
CUST75237,ACTIVE,83492,INV471827,3830.55,8N3BJOWO,617-79-3784,8940322503,lvftl519@gmail.com
CUST62367,ACTIVE,499524,INV755367,4762.59,G50RUH6U,526-42-1255,8059864322,s39p0c26@gmail.com
