CUST_ID,CREDIT_CARD_NUMBER,BALANCE,PURCHASES,INSTALLMENTS_PURCHASES,CASH_ADVANCE,CREDIT_LIMIT,PAYMENTS,MINIMUM_PAYMENTS,TENURE,DATE_OF_TXN
C10001,4968-9998-0301-9595,9333.84,3764.56,2280.08,1800.54,7038.37,8863.79,1373.94,4,2023-10-04
C10002,0515-0381-3066-6980,12583.34,1891.28,224.37,607.86,37612.85,696.52,428.2,29,2023-05-09
C10003,1452-6191-9623-3165,14013.07,4346.17,3967.25,1582.43,31252.14,5912.67,1729.45,23,2023-11-28
C10004,3030-0608-6915-3437,12187.69,1944.21,887.57,2131.83,10871.2,1371.79,812.75,32,2024-12-02
C10005,3675-1572-3707-1528,7769.37,2887.81,232.28,1984.06,42277.19,6657.25,4720.9,8,2023-04-03
C10006,0907-3720-5670-6552,17887.32,2388.48,2376.33,944.0,6418.7,11101.27,8291.17,12,2024-10-11
C10007,5219-4172-0211-0713,1282.79,2299.32,2273.44,1113.97,7216.59,229.2,140.25,21,2023-05-21
C10008,1385-3883-5017-0782,18292.15,3706.26,1580.7,2293.03,47758.06,12535.95,10396.35,32,2023-11-18
C10009,5321-4968-3570-9809,9559.18,4146.73,3715.86,683.5,39829.72,3459.12,2704.93,3,2023-04-23
C10010,6150-8290-4456-3290,19067.63,188.92,80.71,2082.48,16711.25,1077.47,189.47,11,2024-12-23
C10011,3738-2444-6071-4941,9605.92,1356.59,956.33,1137.95,16021.35,5070.99,1253.44,24,2023-06-12
C10012,6014-9762-8534-3623,634.06,3360.32,2066.92,747.06,22037.15,134.19,39.08,9,2024-08-24
C10013,8526-4487-4571-4676,4115.63,4945.06,3889.62,1917.64,18399.92,3490.58,885.61,28,2023-01-27
C10014,8888-6544-8683-7337,5206.54,4300.61,2513.88,2753.42,15754.49,3568.22,662.17,17,2024-07-28
C10015,5280-7650-4857-9796,14805.75,147.33,116.03,1915.15,31555.99,1649.68,1227.9,12,2023-10-13
C10016,4328-7287-6730-2532,11695.81,4457.44,189.12,739.06,26362.99,6260.43,285.19,10,2024-03-16
C10017,8856-6363-2169-3002,17195.63,4440.27,2044.79,751.62,38400.19,1462.69,385.6,22,2023-09-18
C10018,8005-3817-4022-0020,6165.25,3290.92,3199.8,753.13,14865.35,4803.73,513.66,15,2023-02-17
C10019,9117-2708-2113-0760,13371.62,4709.09,1929.61,1397.67,12053.07,12021.82,9777.32,8,2023-04-07
C10020,5952-9660-4591-6170,1728.01,1857.62,402.31,2858.51,31131.1,330.74,79.19,10,2023-08-21
C10021,0171-4413-8780-0465,18631.92,4161.51,2358.26,220.78,27850.89,9508.74,4122.8,8,2023-05-24
C10022,6537-9537-5724-7309,7240.17,2288.65,1661.44,1759.88,33402.89,813.86,710.34,9,2023-12-03
C10023,2032-1625-4770-4341,18279.68,4215.49,1526.84,1718.99,48854.56,17295.26,16959.61,25,2023-01-05
C10024,9409-0768-6871-5794,18254.23,2001.18,905.54,2620.92,11641.02,12878.44,2053.78,17,2023-01-15
C10025,5462-7827-3464-2802,6059.45,3719.13,893.3,2323.3,8719.19,1460.91,1104.82,30,2024-01-10
C10026,3106-8389-1553-3660,17555.54,2241.04,466.85,1853.51,25856.24,16337.98,15599.12,4,2023-07-09
C10027,0774-6454-4344-1871,12751.35,1367.16,746.97,2245.19,28534.3,9950.43,4329.99,7,2024-03-03
C10028,4139-9686-1307-6292,13014.97,2842.46,1814.35,1548.64,18498.25,7738.13,5518.58,8,2024-08-14
C10029,4376-6238-4431-8379,1884.55,412.39,242.73,2722.06,25899.17,1292.38,1088.72,7,2023-11-27
C10030,5230-5703-2881-7129,19787.07,2465.02,2184.02,2093.01,16898.35,15346.77,2259.75,14,2023-05-06
C10031,0326-7067-6637-5152,1528.09,2480.26,299.0,1000.94,46829.51,1296.51,852.18,14,2024-11-27
C10032,2045-5247-7023-3247,5553.9,2086.16,655.71,1746.15,25900.76,3852.76,587.36,1,2024-11-24
C10033,5568-4313-1862-1153,2424.39,3155.18,940.24,2221.67,9104.6,1276.48,474.35,14,2024-02-07
C10034,1028-8748-1500-7766,17163.13,4975.45,3135.94,491.47,46804.88,3541.93,3100.58,18,2024-09-04
C10035,2746-7969-6733-9183,1395.8,856.95,220.28,2757.73,36391.36,1174.11,503.61,21,2023-02-26
C10036,6862-6593-2897-4744,12841.39,3058.84,2263.91,1887.05,46408.89,488.67,286.04,18,2024-11-14
C10037,7918-9995-3063-3477,3047.71,4531.09,3355.21,1424.55,49972.08,1867.65,744.87,12,2024-07-26
C10038,8862-8568-0691-8075,9431.35,4207.56,2859.85,271.63,44980.1,6030.71,3577.42,11,2023-01-27
C10039,3614-2867-8228-3012,9705.04,3439.7,2549.75,2933.52,48436.5,6669.6,3727.37,10,2023-07-12
C10040,3337-4467-0856-3757,17957.9,2936.25,2179.54,1827.21,15715.75,2977.1,563.43,5,2023-10-16
C10041,0619-9916-6806-8881,17695.77,602.31,289.53,203.25,11597.72,13761.74,3476.18,22,2024-03-10
C10042,8962-9760-0671-0775,15957.68,2100.86,1440.45,573.34,14919.03,7778.52,1376.39,25,2023-09-01
C10043,3829-9713-2579-4670,14466.41,4163.49,623.4,2140.48,24770.87,10184.88,5042.57,24,2023-04-26
C10044,8056-6243-0994-2246,3488.62,3168.82,765.45,2858.18,19683.74,1210.86,258.06,3,2023-11-21
C10045,4602-6711-7957-9465,17736.66,1963.25,540.56,2763.01,46587.18,11101.62,6951.43,7,2023-12-14
C10046,5027-8573-8905-5361,10806.19,1821.52,1388.39,1260.84,46545.36,8250.1,386.43,14,2023-06-08
C10047,4074-0947-8286-4776,19027.57,4614.27,1771.06,1677.39,16466.27,7402.62,4738.24,24,2024-11-07
C10048,1551-9943-8454-2618,16149.16,1707.39,1602.25,1740.65,47384.74,11676.51,3826.61,22,2023-12-24
C10049,4389-7475-8654-7353,18146.87,3428.77,230.54,1446.01,38000.61,7343.12,2293.02,15,2023-06-21
C10050,1734-0577-2421-7167,1719.1,3669.99,3122.75,1470.85,38232.58,532.25,219.6,24,2023-08-28
C10051,1475-1604-7369-6230,3275.1,3700.33,2280.35,1483.03,31743.94,627.3,316.04,29,2023-06-23
C10052,0777-2067-5786-0475,17040.5,2330.88,387.2,347.28,24913.62,116.04,20.52,27,2023-12-20
C10053,5634-5011-2743-8676,12160.76,383.0,303.22,483.89,11753.03,11125.32,9869.8,11,2023-02-26
C10054,4874-8428-9528-7227,3394.24,3879.26,869.44,180.13,15382.37,2835.73,2743.74,24,2024-07-15
C10055,0327-8084-2771-0964,12658.49,2130.27,1757.65,1117.73,40942.79,12389.96,5613.63,29,2024-06-26
C10056,1307-8368-1110-0031,17523.88,3713.11,511.6,2268.21,24901.76,8484.64,2540.83,31,2023-06-24
C10057,0999-8245-9870-9640,13304.9,1550.55,603.14,2956.24,40602.8,5067.09,3181.64,23,2024-11-17
C10058,5936-8833-2728-5881,8429.39,1391.8,749.43,1808.5,31206.31,7780.64,1597.55,19,2023-12-15
C10059,8105-3429-1880-8906,15712.42,4533.02,2771.36,1030.21,40437.22,5366.78,2496.37,23,2024-04-01
C10060,8910-4165-6923-3638,17510.55,2679.56,1239.3,1957.53,28100.0,12802.59,6052.66,6,2024-06-28
C10061,3388-2021-2340-6478,17274.77,3422.68,1454.14,1550.4,38675.09,16416.28,7971.61,34,2024-11-24
C10062,3068-5905-3524-0729,9974.8,3387.48,2745.84,1558.95,14487.61,5696.2,411.95,12,2023-01-09
C10063,5056-1363-4719-4225,13739.27,403.98,190.29,1195.3,10375.17,1256.04,1052.4,36,2023-06-25
C10064,6913-4431-2503-0490,8899.89,4330.28,3957.67,1782.25,49843.98,6501.33,3579.49,27,2023-12-02
C10065,4845-4488-6811-8293,3234.05,495.22,318.9,2428.97,6654.51,1219.29,509.22,19,2024-08-01
C10066,3997-4710-1610-1576,19643.19,589.74,473.82,1354.31,40938.61,12300.03,3808.52,24,2023-12-25
C10067,1069-9803-5211-7503,16842.03,4172.56,128.58,2889.94,5954.11,4442.16,1228.56,21,2024-02-25
C10068,8607-1947-8365-4436,19499.75,3172.92,2469.82,1463.25,21697.16,1174.07,574.96,6,2024-07-13
C10069,8699-6895-4954-9693,9589.41,1060.95,875.88,2141.96,25252.8,2712.54,2461.45,33,2024-06-29
C10070,8238-6981-1937-3577,15127.72,2270.46,594.42,98.38,22590.62,5407.38,2023.68,28,2024-03-10
C10071,8801-9874-1277-1076,10603.78,2035.26,1403.75,1434.17,36183.17,4003.31,283.73,15,2023-06-05
C10072,3733-1620-8537-2439,5607.1,452.32,94.94,1511.24,35455.67,4574.9,1805.17,28,2023-07-23
C10073,4303-5968-6658-3476,2989.33,1313.33,1200.41,606.86,29227.26,2543.76,54.77,14,2023-10-28
C10074,8672-6628-3592-2242,12494.6,3249.04,1505.24,280.98,15535.73,1050.42,531.73,22,2024-09-23
C10075,1875-1905-4082-0094,17030.85,1849.89,807.88,1698.36,20071.6,8203.05,2516.14,16,2024-11-24
C10076,4536-2555-8965-6882,14434.68,3570.38,3150.63,666.87,35595.55,3692.37,483.41,14,2024-12-31
C10077,2803-8103-9680-2051,8588.63,1028.57,21.55,2078.1,46938.05,2361.55,411.88,34,2023-12-13
C10078,8043-8907-2570-6845,7006.57,1054.42,336.78,1343.48,38081.98,3061.54,143.17,6,2024-05-17
C10079,3581-0355-9236-6355,6770.68,4068.61,3174.06,794.29,36684.59,2495.69,1682.19,9,2024-03-19
C10080,7376-5387-0786-1956,4592.2,1979.69,1713.13,1422.96,17851.25,3612.84,1763.47,25,2024-02-07
C10081,8344-3462-3447-8409,16292.77,3760.06,1972.74,1242.33,18473.99,1758.54,44.09,31,2024-01-03
C10082,5996-2601-6745-4598,14081.13,1088.43,500.12,593.08,43804.01,873.98,409.0,6,2023-10-04
C10083,6699-5093-8995-5238,4940.92,1115.89,209.92,2925.61,32578.6,1614.78,1324.2,21,2024-11-09
C10084,9910-6460-4343-5027,18416.51,2947.15,2827.44,2804.75,5890.07,9302.59,7036.16,33,2023-10-16
C10085,2946-3658-1306-6394,4359.72,1490.68,1080.22,574.16,41544.49,3789.08,2669.62,14,2023-10-16
C10086,0721-8307-6783-9673,16472.89,4329.29,1791.87,1802.69,48530.89,14352.46,4561.17,15,2023-02-18
C10087,8860-6554-4526-6065,18205.89,4586.98,763.67,732.55,30083.32,14850.51,788.67,14,2024-07-02
C10088,9454-3919-4070-5827,11636.76,3371.0,591.96,2724.1,17368.01,4055.19,1784.76,31,2024-05-09
C10089,7739-7200-9791-0009,9567.93,2815.84,1865.21,2308.29,49281.69,7950.96,6604.13,24,2023-08-21
C10090,0047-6728-8968-2858,19860.42,168.09,1.15,1725.35,22562.26,17618.08,11925.71,4,2023-09-02
C10091,0260-5910-5387-3302,5509.24,4871.21,3470.56,291.4,21404.09,1676.32,1568.72,13,2024-12-22
C10092,0395-0619-3314-1175,12692.44,3748.75,1467.35,2889.36,40153.25,10527.93,10254.76,32,2023-10-20
C10093,2501-9497-9810-6861,15857.46,3359.06,853.93,1103.25,31004.11,7002.63,1332.79,1,2024-08-12
C10094,3466-8963-0028-5841,11280.3,2058.32,215.78,1873.1,9617.31,5434.09,1494.09,34,2023-03-13
C10095,7854-1472-4902-9175,3899.67,2077.09,702.0,1530.3,25182.98,127.31,18.73,19,2024-02-27
C10096,7176-8728-5602-3782,13839.67,1220.38,11.09,988.08,34096.01,9331.3,4612.13,25,2024-05-02
C10097,3484-4600-2796-4071,12905.23,1285.93,979.14,264.72,49612.0,4887.39,752.78,34,2024-11-06
C10098,2072-4285-7733-3051,11919.32,4021.06,3914.64,893.73,41529.6,8188.13,3453.17,1,2023-07-20
C10099,5643-1723-3388-0157,10780.29,825.94,597.43,1549.58,25005.4,2631.1,1170.66,26,2023-06-08
C10100,2329-9807-7299-0536,8518.78,824.32,183.37,2899.7,19699.94,705.21,146.28,24,2024-11-09
C10101,6805-6940-3534-3202,1171.66,2710.06,1821.01,2789.8,24965.0,774.71,141.56,4,2023-09-08
C10102,3787-8149-1777-9513,16546.36,4415.27,4028.48,73.54,26960.44,1193.83,247.65,15,2024-05-04
C10103,7784-5559-8057-2072,13077.54,2109.5,379.2,417.65,32901.2,9444.08,8604.49,9,2023-06-20
C10104,2912-7226-6809-4344,7480.59,813.63,308.03,1216.09,19468.86,2857.66,385.4,30,2023-04-22
C10105,7146-9092-3255-2631,19647.34,3814.74,1355.34,2312.51,21284.94,6619.72,4485.85,19,2024-09-08
C10106,2809-5966-5676-9457,12421.63,2643.35,1103.78,1346.97,29372.87,1667.6,1638.36,5,2023-02-28
C10107,2760-7513-3938-0273,7428.85,1351.16,1185.43,904.48,39429.75,299.66,50.91,25,2023-08-29
C10108,1538-9634-9589-9273,2593.16,307.63,278.87,83.48,7045.4,1853.7,249.26,21,2023-09-02
C10109,3659-1060-6861-1946,14566.78,4731.08,4649.73,794.89,47663.4,7337.89,1301.54,3,2024-03-28
C10110,0497-3465-2768-6481,14993.99,542.84,59.02,247.66,43422.15,5152.16,542.23,8,2024-10-18
C10111,3677-8755-9531-7882,10364.59,3193.74,3091.6,1694.87,49155.35,5040.67,1089.84,34,2023-10-19
C10112,1009-9322-7050-3736,1335.2,395.15,290.06,647.92,31728.2,841.75,274.42,7,2024-08-08
C10113,3177-4656-5180-9697,6524.16,4090.17,680.75,998.34,16550.56,6047.75,2906.35,1,2023-07-17
C10114,2706-3902-7441-8823,10715.85,2652.67,708.36,1855.06,36763.79,10159.71,10030.61,19,2023-10-28
C10115,5631-5781-1553-1843,5555.78,242.09,163.03,1956.75,19387.23,1354.75,47.79,13,2024-07-21
C10116,8898-6856-7155-0298,16529.02,2471.13,151.03,443.79,9933.23,3838.64,593.6,7,2024-04-20
C10117,6133-8382-4553-5624,5016.58,3900.07,3677.29,1614.16,42732.69,2560.58,2059.54,10,2024-09-23
C10118,6652-8500-5846-4354,7042.38,541.49,536.43,2430.32,30556.51,6329.03,5503.42,4,2023-12-14
C10119,4618-6758-5220-3706,15624.98,1802.64,537.68,1967.67,42643.69,178.41,117.89,20,2024-01-15
C10120,0576-2392-0522-6440,2612.32,820.44,621.44,2399.08,15052.61,82.13,61.17,15,2023-09-11
C10121,0468-8735-9568-4344,14380.8,3972.98,1310.5,2420.12,38983.07,14118.33,4892.6,32,2023-07-07
C10122,4018-9106-6811-9206,12532.81,736.54,500.19,2084.63,10436.58,10067.25,5614.38,24,2024-03-05
C10123,6881-4700-9468-2011,14128.68,2078.99,1048.18,945.29,40942.96,9220.41,5856.54,15,2024-05-14
C10124,4767-9039-2652-3757,11661.86,4063.43,677.68,1355.48,12229.92,296.05,23.43,8,2023-12-22
C10125,0414-3089-6269-2828,12918.11,4552.48,3178.49,1089.0,6274.86,8355.11,4463.77,27,2023-04-22
C10126,8782-7833-3221-8290,18510.07,771.76,571.51,708.52,45171.61,13750.84,11091.41,1,2023-06-04
C10127,4289-6313-3600-1611,16626.55,803.94,640.54,2343.5,15303.47,7407.95,16.32,30,2024-08-29
C10128,6490-4375-3036-0134,8405.96,2657.33,1518.67,1890.94,43623.18,6136.43,2692.94,30,2023-04-25
C10129,1789-6837-5733-3225,8728.93,3495.62,2475.08,2283.22,28100.07,3506.24,1708.08,9,2023-08-29
C10130,2721-3539-9614-2315,11092.59,3680.52,1133.93,2232.96,40772.81,6360.79,3464.7,35,2023-09-01
C10131,1081-0397-8532-1460,2269.04,333.62,229.14,698.69,31701.29,1495.1,1203.15,32,2024-03-15
C10132,3170-8602-6855-4553,4558.82,2024.85,687.53,572.15,37362.65,1849.66,84.91,31,2024-04-27
C10133,2817-9805-4336-4854,5334.1,1536.63,671.08,1738.14,16704.57,3471.92,2348.74,5,2024-06-13
C10134,7364-6511-8234-4669,11696.24,178.32,105.44,2830.25,5648.9,5802.68,4509.24,22,2023-12-25
C10135,9517-5977-9563-8076,15098.95,2340.05,486.93,1298.42,37876.45,9949.65,1777.92,23,2023-07-14
C10136,4312-4111-7350-4084,8563.82,3090.96,1561.45,395.14,16919.42,6719.72,2114.88,33,2023-04-23
C10137,0685-1975-7061-8837,19656.74,1557.81,176.56,124.44,5700.09,11403.57,10140.48,27,2023-06-09
C10138,0723-4676-3822-9394,10962.58,480.01,313.37,64.32,49621.66,9000.53,1469.05,7,2023-12-05
C10139,0672-2723-0114-4767,15306.35,3523.09,2142.27,2647.91,13616.16,8980.82,4139.39,17,2024-08-02
C10140,4665-1937-6684-3762,1083.2,483.58,290.58,2693.8,20029.11,213.16,26.13,17,2023-02-11
C10141,1785-5832-2987-9444,18632.07,2885.17,2337.18,203.56,41274.23,3331.46,3006.06,2,2024-02-28
C10142,5642-0864-1181-3750,18038.33,3976.96,2535.57,2142.08,15810.0,9750.15,419.05,33,2024-05-25
C10143,7354-3828-1976-7468,1612.09,1238.14,617.34,149.06,11513.42,1522.5,1286.14,15,2023-12-26
C10144,9921-3770-4498-2553,19741.14,637.18,208.43,2427.35,13897.11,14017.8,14000.45,30,2024-07-16
C10145,2946-4840-3511-7626,3977.92,2416.75,1272.62,1940.14,43164.01,3720.85,2924.29,24,2023-12-01
C10146,4548-3021-7102-9342,3091.12,3356.82,2746.01,2189.48,41449.04,588.31,149.56,32,2024-01-29
C10147,1626-7010-2758-0366,4475.58,4954.18,4120.57,711.53,30477.96,1353.89,147.3,11,2024-11-07
C10148,0472-7938-3353-2903,8207.88,1681.55,917.5,1499.57,39775.71,4835.35,2706.56,34,2023-11-16
C10149,9136-5278-0347-8562,9714.78,3118.33,1620.91,952.84,33222.06,834.28,549.11,27,2024-11-19
C10150,2143-6078-5649-3665,9990.09,1141.57,682.75,1826.03,35140.07,2496.61,1729.52,13,2024-06-14
C10151,8057-5493-1720-6455,16515.08,2972.82,163.98,2812.84,24781.3,10864.07,1828.17,36,2023-07-23
C10152,4906-9917-0361-4440,11930.99,584.16,216.62,1553.0,47210.37,2728.22,2327.47,12,2023-03-08
C10153,8791-2829-0238-5105,10592.04,2311.33,1844.29,89.01,13788.65,2042.81,167.61,26,2023-08-29
C10154,5673-5727-8870-9103,14810.48,4724.38,3963.17,2172.5,17275.5,8579.11,1622.94,23,2024-09-02
C10155,5495-7554-9049-1821,18565.9,2074.87,1992.36,2947.05,18393.46,8843.17,256.0,25,2023-07-28
C10156,7500-5643-5711-6723,12372.92,3746.19,2056.84,1839.89,14610.53,6452.88,1052.48,13,2023-12-03
C10157,4796-0122-4481-4869,7380.99,720.1,459.52,2415.7,13597.97,5485.07,1427.81,28,2024-10-28
C10158,8822-4181-1394-3288,2269.14,4686.22,2077.27,144.88,10828.32,1915.67,137.29,31,2024-12-30
C10159,2565-3842-2512-4588,2583.69,1147.04,125.91,2905.38,31691.74,1427.91,785.27,11,2024-04-05
C10160,7507-9565-6879-3068,781.72,4620.55,1362.86,672.67,39403.23,352.24,108.62,22,2023-08-01
C10161,0912-8217-8841-0129,1613.93,1638.59,1532.57,78.33,49355.83,1159.74,17.33,13,2023-08-18
C10162,6940-1651-5158-8116,3201.29,1672.41,743.58,1931.71,26332.59,1646.58,402.67,26,2023-07-15
C10163,7348-9486-2686-0552,14068.0,4872.86,3423.64,1568.92,10791.83,2792.67,1374.51,24,2023-08-16
C10164,5406-4271-0922-0334,12927.67,350.67,73.39,817.65,46061.17,4713.79,209.04,28,2023-07-24
C10165,3516-4062-6171-8255,12608.06,3408.15,2965.75,1858.64,20462.95,9514.95,6335.28,11,2024-02-04
C10166,4588-8701-4226-5775,2689.02,4407.22,2539.53,1522.61,26217.53,1080.4,992.44,36,2024-05-24
C10167,7395-6315-9171-0450,737.04,2343.42,153.41,2308.25,32734.42,520.37,470.48,32,2024-05-27
C10168,5526-1711-5680-3302,8135.17,4065.57,3593.68,1945.63,34237.9,3489.08,1990.43,25,2024-03-31
C10169,3570-8804-7983-9329,17739.57,2552.19,1127.37,1811.86,10399.9,2235.18,348.08,20,2023-02-27
C10170,9662-4312-5166-8093,1499.59,4107.89,739.58,1345.52,18248.14,458.2,88.04,19,2023-04-11
C10171,5189-7523-1822-9968,8490.19,3004.94,1335.99,1070.49,13889.16,4084.9,2708.98,12,2024-03-06
C10172,3853-2890-9239-2394,9962.5,3702.13,1284.61,1299.49,34394.69,7044.96,5223.86,18,2023-05-28
C10173,9565-0385-5846-4028,19790.62,2054.34,891.41,2619.24,12295.63,17840.78,553.23,8,2024-11-21
C10174,3510-8599-7732-9638,2831.0,1507.14,6.4,1641.29,37696.2,2176.53,19.22,26,2023-12-11
C10175,4522-0911-9423-1433,803.39,2868.8,725.33,169.4,22246.98,545.04,206.18,22,2023-05-04
C10176,3503-1137-1820-6979,14669.3,4017.76,2955.75,2354.32,8162.28,698.39,182.34,7,2024-01-08
C10177,5034-3530-3189-3838,14823.7,1917.06,1278.56,1921.91,30125.62,9750.01,2861.3,22,2024-10-08
C10178,1956-2992-3242-0331,5855.65,3296.79,2165.02,302.51,41817.51,2047.55,199.67,2,2024-10-01
C10179,0809-0963-2657-9700,18129.69,3583.19,1329.52,1886.76,15818.17,9284.79,6040.76,23,2023-10-14
C10180,4872-1493-9208-0952,17871.68,3646.69,1758.81,676.4,28475.67,11755.59,3965.75,6,2024-09-27
C10181,0610-7842-3693-0876,6565.45,1179.4,861.39,985.1,41272.47,1313.52,947.68,3,2024-10-27
C10182,9801-3218-4710-8785,7413.76,3751.43,1292.24,1530.41,12619.37,1494.9,542.96,24,2024-07-07
C10183,7383-8815-0626-1272,4686.99,1727.9,442.75,1544.81,8056.37,4558.74,408.63,16,2024-11-13
C10184,9905-6598-1084-6834,6390.93,1221.75,46.75,2393.66,48028.73,2898.24,2689.25,7,2024-09-22
C10185,6592-5304-9309-1188,1289.48,1814.01,1505.52,2970.83,14620.11,328.21,277.57,31,2023-09-12
C10186,6110-3399-4904-3180,5011.77,3585.83,3340.9,2429.37,46627.36,452.38,407.07,21,2023-10-22
C10187,9588-3755-8954-6501,1118.09,4443.91,1482.77,1059.41,6173.88,1055.76,881.71,32,2023-08-09
C10188,7368-7671-7559-9942,17630.76,276.4,144.51,1652.13,27737.18,2633.87,820.88,27,2024-07-12
C10189,1660-4020-4127-5031,14055.35,2566.02,1269.63,2559.23,9593.49,2239.25,1176.09,25,2024-06-07
C10190,2102-1446-3306-2564,9070.74,4625.87,3451.4,2007.61,28081.99,8967.31,4702.64,14,2024-09-25
C10191,4450-7399-6782-5733,10220.31,3212.88,1509.51,25.13,36774.41,5372.69,4557.44,21,2024-11-21
C10192,6225-2220-7332-8356,15593.34,2942.09,2404.01,9.5,18922.36,4360.4,3760.37,1,2024-11-16
C10193,8758-6632-3207-6559,15665.44,2685.2,723.93,2057.17,26328.78,979.47,357.72,36,2023-06-26
C10194,5567-4733-0458-6508,3950.97,1763.53,742.43,2182.69,31067.8,3075.55,2025.57,19,2024-12-21
C10195,5709-9072-4142-2005,14976.54,1887.78,181.44,2133.84,29056.33,2746.28,215.39,29,2023-10-25
C10196,9495-2826-4731-1949,15419.27,1896.45,144.26,391.12,38665.57,4850.2,2790.29,3,2023-03-03
C10197,4234-9505-8282-9591,8482.38,2922.95,445.29,2785.12,49606.34,2176.67,1671.28,5,2023-09-14
C10198,7579-7682-6567-2008,13024.68,615.7,509.04,250.82,28971.52,1229.61,85.02,16,2024-06-10
C10199,0853-8170-5216-2142,10629.46,2445.42,1046.71,1724.05,5063.24,7284.25,6247.43,11,2023-11-11
C10200,0077-0524-6328-7037,8913.6,2340.97,1678.17,2584.19,11199.23,6534.64,2308.27,36,2024-02-26
C10201,5836-4104-5587-5665,8205.52,576.26,451.92,2581.29,22524.21,6627.26,2735.95,35,2024-03-24
C10202,4653-9713-9036-4853,6629.21,4747.45,3400.62,1696.28,20659.81,3963.83,1221.97,29,2023-11-03
C10203,5465-5693-1544-2553,18324.95,4898.06,4780.33,1379.61,49514.22,4008.93,1697.8,26,2023-09-11
C10204,7443-1371-7667-3333,3502.73,4779.22,1488.1,2982.75,41298.07,1440.16,36.85,15,2025-01-01
C10205,1288-9003-3089-7657,7115.91,728.9,39.05,1497.52,28325.71,97.3,26.01,29,2023-01-01
C10206,8399-3865-7038-9548,16339.03,3817.14,142.13,1695.86,7204.7,10422.03,3435.48,2,2024-10-31
C10207,2891-3846-2806-4273,14463.35,1254.68,747.01,2049.69,30941.57,12360.47,4720.74,22,2024-05-09
C10208,6759-3417-5414-7445,8058.23,4949.37,2792.6,2602.99,12912.07,2805.67,530.67,31,2024-01-02
C10209,3402-3373-2830-4176,16751.17,3157.39,95.69,707.89,47842.97,7074.07,3641.54,8,2024-10-14
C10210,0317-1040-3305-1012,7574.87,3722.19,544.26,677.84,41294.36,766.49,165.2,29,2023-06-18
C10211,5341-6162-1304-6044,10426.67,2711.85,1897.96,439.1,46538.45,2713.19,2688.43,3,2023-07-26
C10212,3156-1477-4454-3905,17967.14,3716.32,3077.04,2562.42,25172.25,7323.71,6239.76,9,2024-12-11
C10213,7610-8551-9006-9624,8171.74,4090.89,3359.64,2467.12,27108.97,230.02,31.49,21,2023-04-05
C10214,3079-8434-0458-2496,14989.43,1664.78,136.69,880.77,19068.5,13271.96,1180.77,26,2023-02-01
C10215,0835-9535-3890-9752,7105.71,4410.25,2694.44,1727.77,37468.15,1067.55,953.05,13,2023-03-12
C10216,4744-0725-9854-5299,18926.98,155.89,50.43,2755.64,8302.43,9573.93,5831.71,2,2023-03-18
C10217,6971-4414-4010-3042,14300.56,375.21,360.02,1777.63,22425.03,698.21,533.26,32,2024-05-16
C10218,8706-9929-4098-4614,9106.01,4785.02,4744.49,62.74,20327.34,4893.34,4199.33,20,2023-06-15
C10219,8670-3788-2182-4389,3353.63,2151.57,1535.31,18.11,46446.72,1788.64,1201.43,9,2024-11-28
C10220,3048-8700-5786-1246,12416.12,4792.65,988.48,2901.9,37189.49,329.46,96.68,6,2024-12-05
C10221,0406-9634-0202-8988,15324.77,3742.48,3211.1,1350.13,33138.4,5548.77,5058.34,24,2023-06-24
C10222,0903-6949-3827-7672,2900.15,1229.73,1195.74,2328.45,24086.25,1472.78,1252.71,24,2024-10-01
C10223,0713-3361-6411-3432,10918.04,2081.8,176.61,937.81,28488.03,1725.95,935.33,6,2024-08-24
C10224,8065-2027-9338-1198,4936.19,2182.36,302.16,343.64,38210.09,2395.99,1633.85,35,2023-09-19
C10225,0157-3777-9032-7557,2879.85,4518.62,2438.08,2671.99,12523.17,430.04,35.8,8,2023-06-01
C10226,2566-6881-1423-8701,887.82,1045.67,44.49,350.25,33155.67,686.27,413.45,22,2024-01-23
C10227,9659-3576-1992-0127,19784.62,4201.49,3765.38,2618.39,34371.15,18616.08,15178.31,9,2023-11-25
C10228,6235-3663-7900-9378,19874.68,1323.34,365.58,1770.12,17787.02,127.51,122.53,13,2024-06-08
C10229,0852-5073-0338-9683,5352.35,2364.69,1395.6,302.8,43994.74,2901.7,2238.33,10,2023-12-18
C10230,6915-8902-6391-8253,10013.98,2943.5,2581.33,765.93,35933.77,4308.0,1220.17,25,2023-04-17
C10231,8768-9271-6095-0262,19020.23,3325.59,1762.66,2294.2,44955.82,3753.72,1511.47,31,2023-10-22
C10232,9024-4667-9375-9163,12374.35,1842.09,771.46,2793.95,11100.32,6771.36,2474.91,9,2024-12-14
C10233,3568-2015-2995-6558,17436.74,3633.45,1050.72,1470.76,39692.99,2338.5,31.62,33,2023-07-15
C10234,1320-1854-1127-9478,17740.98,966.51,318.19,1446.64,10932.12,4429.03,3100.39,14,2023-12-13
C10235,0495-5941-5339-2397,12138.23,871.56,703.75,2010.53,39310.99,6866.79,1956.84,32,2024-08-31
C10236,2254-4369-4398-3133,16040.69,1319.4,965.38,388.84,44182.73,2521.25,2154.08,31,2023-06-13
C10237,4914-8544-7289-6927,14466.09,2308.16,683.29,891.39,41758.32,1458.01,1400.2,29,2023-04-24
C10238,3124-2955-1348-1365,3912.72,2311.46,712.79,1937.72,47148.97,1865.91,1100.99,7,2024-06-23
C10239,1919-1772-0347-8803,9539.94,2516.85,78.53,586.53,20080.93,5757.12,580.51,35,2023-04-11
C10240,0316-3477-6907-1211,3362.57,1572.53,1313.07,212.81,15580.38,2615.15,1525.55,35,2024-07-22
C10241,2718-2483-6748-9536,18570.53,4352.9,933.13,2862.96,27444.78,3189.44,2990.74,21,2024-01-03
C10242,5292-0016-8212-6612,18859.22,1800.21,1402.68,2402.74,24644.69,4866.99,3890.06,9,2023-01-10
C10243,3675-0881-2511-4099,16943.65,4721.32,913.64,1404.14,44518.09,13868.48,9156.16,30,2024-07-27
C10244,0112-2688-6446-2734,2397.55,2721.16,294.97,1412.3,44390.29,1765.1,1277.08,32,2023-06-14
C10245,8757-8691-3754-3312,4072.85,1652.16,1583.42,361.83,23854.93,1562.62,656.62,35,2023-07-04
C10246,6804-4679-8033-0837,1419.96,1932.37,1632.32,2902.63,23864.28,1112.08,500.5,28,2024-04-18
C10247,1406-3259-2631-6997,2811.66,2726.83,1137.86,2717.88,39736.29,534.56,41.27,13,2023-01-05
C10248,6582-8082-6919-2136,16270.51,1318.36,1166.88,2986.89,6735.31,14513.02,4964.68,16,2023-10-23
C10249,2513-5666-9096-8549,15352.61,1198.56,1127.26,1817.13,36038.84,12992.79,5296.28,24,2024-03-09
C10250,7519-6642-2345-8299,9442.55,3207.43,267.59,2712.49,31722.02,7685.34,4502.2,27,2024-11-04
C10251,0606-6056-2757-4510,19408.07,3999.22,2172.38,683.29,31458.39,13466.43,11330.25,13,2023-06-19
C10252,2633-7969-9556-4923,6539.29,1332.17,1061.35,1797.16,45311.66,5016.66,1256.69,23,2024-10-12
C10253,5603-6846-2884-8453,15206.27,1885.47,1728.08,636.39,26505.39,11453.41,2175.45,18,2024-07-18
C10254,2015-1936-9472-4040,12527.34,2582.74,1318.95,2198.56,34227.27,6491.17,260.11,34,2024-08-28
C10255,7217-3527-5136-5305,8840.35,1156.93,1012.51,1991.86,34938.98,864.78,761.29,18,2023-01-16
C10256,6681-0997-8031-6441,1607.23,2723.4,1466.05,348.29,13533.9,975.6,645.39,28,2024-05-14
C10257,2156-6389-3540-5494,10756.03,2223.46,1651.63,1107.47,38121.8,9042.99,2730.5,6,2023-06-23
C10258,0247-2876-0878-0632,12573.77,1694.05,1342.21,695.62,27810.91,5137.72,2281.53,17,2024-03-07
C10259,1530-5015-5375-9621,12944.75,1733.96,912.64,17.17,19814.25,9209.7,4917.37,33,2024-06-06
C10260,0730-1332-6151-5415,4424.28,4063.13,1272.78,2363.12,5873.64,1649.37,736.26,20,2024-10-13
C10261,4440-1107-0472-4683,563.05,4840.46,1493.23,228.31,46505.92,408.63,289.78,17,2023-09-04
C10262,6768-8933-3280-2691,19080.99,4205.28,1059.22,2251.46,5331.47,790.82,553.72,16,2024-09-19
C10263,3405-3565-1724-0959,13895.29,2756.94,1414.23,2043.91,11267.2,11974.22,5784.86,3,2024-12-12
C10264,5457-1827-1085-6704,6838.61,233.05,208.16,1868.43,26556.83,3842.58,1109.99,28,2024-02-10
C10265,3078-0007-5423-7901,8279.37,4915.73,4736.34,2022.08,46578.47,2094.78,1456.88,10,2024-01-09
C10266,0065-8240-0554-8824,622.89,2353.79,960.39,1881.85,19530.28,208.32,44.02,17,2024-07-09
C10267,6640-4512-0401-1315,8189.95,2400.82,1128.87,34.28,24697.05,7551.07,3397.54,16,2023-05-13
C10268,0730-7487-2033-2622,8195.88,1045.16,293.62,2584.19,16838.92,856.62,227.45,26,2024-04-12
C10269,7940-9404-8755-1770,12053.96,1768.19,735.44,1207.77,11399.86,9660.35,1222.86,9,2023-06-14
C10270,4574-8629-0506-2696,2116.66,1647.56,1094.48,2155.03,12177.9,274.72,166.21,26,2024-04-19
C10271,4416-8922-3419-9175,9533.77,4640.6,4352.5,2041.92,31386.49,8916.76,511.6,18,2024-11-14
C10272,0911-9867-6101-1262,13297.5,133.74,119.68,1493.27,24072.14,10291.49,1540.14,5,2024-11-17
C10273,9417-4650-4233-6068,9781.18,3101.36,2669.8,692.95,40376.31,1130.54,778.99,19,2023-12-05
C10274,1866-9077-4421-3101,19086.77,2553.29,2270.47,2971.53,8451.3,7142.29,5926.18,30,2023-10-31
C10275,6959-3007-5021-2183,14445.81,3737.03,2242.04,2836.79,5458.33,11624.36,3278.42,5,2023-05-14
C10276,3594-4216-9868-2762,12969.37,3601.74,1245.55,801.72,9148.59,5695.2,3597.05,31,2023-02-10
C10277,3188-2128-6144-5286,11055.71,1965.51,229.52,1606.47,10186.79,2360.64,2151.5,26,2023-07-06
C10278,0302-4485-1948-9084,5821.18,1989.35,1740.07,1681.53,7026.12,1549.69,912.84,6,2023-02-13
C10279,0284-0129-2815-3197,5223.15,771.67,259.95,1056.18,28840.24,3549.5,300.92,6,2023-04-07
C10280,8820-2938-0658-6418,1508.94,188.7,73.27,1540.32,9450.06,1371.98,1131.93,29,2024-12-07
C10281,1251-1793-1424-4707,14458.39,3207.46,839.14,128.09,19095.18,10680.3,9814.99,31,2023-12-07
C10282,5426-1981-4689-0143,11339.58,966.67,825.12,818.97,32589.2,69.01,67.28,32,2024-08-18
C10283,8140-9775-3617-7943,4188.43,3161.45,131.84,26.92,15097.33,1028.56,169.87,8,2023-04-30
C10284,7788-1737-5847-5634,13481.16,155.79,95.39,1432.82,27796.93,9141.65,573.07,12,2023-02-15
C10285,6623-5125-7888-2403,3100.47,3532.86,1743.63,1465.68,39631.79,2931.14,715.79,20,2024-04-14
C10286,2347-2994-1097-9449,15905.47,4448.99,4123.37,1150.61,34187.77,15210.49,11183.57,28,2023-03-14
C10287,9551-3865-1986-4923,2441.78,2088.78,327.56,1982.94,29211.25,1682.99,906.28,12,2024-05-01
C10288,0896-6356-9861-3879,15198.25,219.59,112.09,1738.17,38686.24,13686.26,129.86,22,2023-06-16
C10289,5852-3674-1507-5217,12257.55,3493.46,893.9,537.22,47547.73,3505.83,290.78,14,2023-01-21
C10290,2905-0170-7183-5579,8522.58,2210.16,145.3,1540.22,28066.45,1335.97,167.65,4,2023-06-30
C10291,2954-6965-7344-2444,9039.16,2502.71,1016.13,2542.35,30582.83,8540.62,421.47,4,2023-07-05
C10292,8063-2010-4863-9982,9945.72,2374.18,2017.49,1224.71,6653.0,5227.07,1639.65,17,2023-09-19
C10293,5996-9622-2951-3926,7756.35,2417.73,1286.37,2524.08,44849.85,5620.63,4735.36,24,2024-10-05
C10294,1966-7417-1000-0235,12224.32,317.13,21.81,987.06,34528.72,7838.76,5170.67,23,2023-05-24
C10295,3073-9079-2612-7520,19296.55,3348.5,1209.61,2379.41,12169.89,907.79,119.29,17,2023-12-30
C10296,7196-8737-3834-1655,15486.36,817.8,424.48,1658.83,38318.54,10865.25,10717.2,4,2023-03-28
C10297,6924-3516-2904-7320,11331.59,2602.77,1593.99,2709.27,12703.63,10881.28,9758.1,2,2023-11-08
C10298,9292-8904-9277-3380,13137.16,1236.73,849.96,438.86,14538.79,1220.48,1012.76,4,2024-10-24
C10299,7382-6314-8035-0724,16919.03,494.53,176.07,1255.85,38280.75,346.3,74.24,6,2024-06-28
C10300,0296-9789-7370-9833,17607.84,4827.04,4801.17,2797.29,44378.33,17077.98,13292.97,14,2024-08-06
C10301,6604-6925-9428-2057,4031.45,3076.43,806.56,2797.14,31157.57,2935.99,160.64,34,2024-10-29
C10302,8508-7524-6289-4286,9547.86,2398.01,1151.98,1220.58,18814.53,1665.91,1556.09,23,2023-08-31
C10303,4980-3012-6839-9646,1915.65,1963.25,1497.43,2274.4,27342.86,533.81,52.11,16,2024-09-13
C10304,3908-0022-2604-8679,13717.95,4402.98,3377.92,2186.53,8973.18,5382.55,5317.92,25,2024-12-01
C10305,0335-6969-7870-4796,5458.28,4606.31,104.07,1777.0,31338.08,1319.6,354.24,17,2024-06-05
C10306,9439-4662-8390-9720,18054.05,2617.83,2167.79,1934.6,25715.41,15105.9,5014.67,16,2023-05-18
C10307,2711-3779-6727-7612,4743.96,3660.22,1225.62,2799.51,44295.6,4079.33,3309.15,33,2024-05-15
C10308,9516-8607-6656-1934,9705.61,4053.94,3393.31,2879.57,11586.96,9653.33,1983.22,18,2024-07-28
C10309,4472-9736-7740-9018,791.46,642.08,152.16,2607.75,31143.08,135.51,70.93,29,2024-03-03
C10310,8052-7756-0823-2757,9716.08,4081.23,2231.9,2653.6,15632.31,9418.58,3834.17,13,2023-05-28
C10311,3062-3199-4854-1919,15890.35,2811.8,680.85,2915.77,49560.98,13442.49,1651.25,5,2023-02-09
C10312,6341-9037-3010-0621,11403.68,1263.24,969.42,304.03,43616.58,5856.78,5049.12,5,2024-09-18
C10313,5867-5879-0287-3991,15743.37,3733.39,50.5,2453.33,44446.23,10217.99,1870.18,2,2024-05-31
C10314,7553-2365-5070-7170,1319.15,2063.78,344.91,1777.66,23536.46,63.23,49.77,20,2023-07-18
C10315,1020-4441-4360-0090,6217.24,1641.56,171.58,923.98,27371.79,4228.13,3416.79,2,2024-03-09
C10316,0668-9091-7320-4279,1949.09,4307.1,3688.86,988.72,22371.16,1000.95,938.69,28,2023-11-07
C10317,5112-7538-6173-1102,9317.4,1431.56,818.05,557.26,49475.51,1162.31,288.7,6,2024-08-09
C10318,1074-9052-0552-7295,15511.57,1009.51,440.15,1427.95,37191.56,8862.06,2535.62,10,2024-10-05
C10319,8400-8805-0642-0483,3572.37,392.59,347.78,938.93,44405.34,682.4,669.17,19,2023-02-24
C10320,1216-7856-8064-0802,12904.82,1920.24,555.76,2647.44,32193.38,2364.84,54.62,9,2024-05-18
C10321,7812-3071-9212-2064,7018.53,3264.78,3223.21,2639.32,6529.97,3522.08,2343.15,8,2024-02-27
C10322,3759-8919-6027-7568,4826.87,2331.81,682.67,1651.05,48783.51,833.55,90.04,34,2024-03-24
C10323,1675-4921-4322-5165,4603.71,4064.2,2726.88,2757.54,30792.64,1598.66,139.02,21,2023-04-03
C10324,5982-6827-9133-3729,18359.46,1508.62,810.69,921.02,8825.49,11821.93,2310.49,15,2023-03-22
C10325,5848-2336-1950-3142,7986.95,1196.03,1125.57,20.93,11251.12,4500.53,4400.58,11,2024-07-23
C10326,1545-0452-9998-3712,5392.67,1586.8,445.6,1781.8,30643.07,534.76,166.95,2,2023-05-01
C10327,9240-7855-3211-6425,8385.37,1875.94,1797.5,1823.95,49260.01,739.61,352.54,35,2023-09-01
C10328,7777-8549-4803-2193,14330.57,4509.52,3088.23,95.06,21651.93,14152.82,11066.44,3,2023-12-23
C10329,2842-4829-7420-5581,7218.64,2516.81,2080.91,173.37,47961.19,3462.36,1211.0,9,2023-10-21
C10330,0038-7501-5441-0163,16932.98,348.95,205.07,1149.24,36046.53,2429.59,2416.54,10,2023-02-02
C10331,6914-6819-3947-4229,4330.89,1773.24,1487.4,155.71,12098.82,753.51,123.86,20,2023-10-07
C10332,8079-7110-0338-2398,13337.56,2385.76,1346.18,1776.19,15217.38,6137.91,1120.69,20,2024-04-26
C10333,8867-4186-5165-6604,7519.51,1228.98,415.78,2700.52,29837.38,6388.87,529.14,3,2024-03-28
C10334,2188-2211-2460-2916,4942.22,1481.28,718.46,603.87,44600.6,2921.21,2534.6,32,2023-12-04
C10335,0841-9452-2159-0990,13378.53,746.92,421.1,888.84,42275.24,863.64,509.64,21,2023-10-30
C10336,1840-2114-1516-8587,2228.05,2807.41,249.06,2214.09,38973.35,201.13,139.05,22,2023-03-11
C10337,8207-6842-9696-7778,6542.08,3058.41,2173.99,1477.13,49780.79,2673.87,1415.5,11,2024-04-09
C10338,1732-8591-0862-1159,1088.0,3325.44,1608.36,2470.45,32719.2,1009.53,421.52,6,2024-12-15
C10339,8697-9887-0914-1546,8752.93,433.6,311.27,2781.84,23603.57,3679.61,1256.74,10,2024-06-22
C10340,9163-4836-9347-6871,3011.45,1434.98,652.91,547.76,35650.61,370.05,53.31,19,2023-12-18
C10341,2604-7765-1822-4726,10313.99,389.29,334.82,2512.63,24801.14,8627.2,7312.9,4,2024-07-13
C10342,9556-0533-1050-1119,9562.69,1420.59,773.0,1213.7,45937.9,8651.56,2891.03,30,2023-10-13
C10343,1196-9021-8968-7332,16541.55,3431.16,1454.85,83.8,46779.25,8247.41,383.27,9,2024-01-09
C10344,9686-2865-4921-0315,15188.94,1606.37,1308.0,841.05,47711.96,8301.0,5314.54,3,2023-04-04
C10345,5271-7217-4846-3182,4229.67,2508.0,829.56,2637.73,36271.59,4202.31,2916.0,4,2023-04-21
C10346,9386-3695-0013-1900,10981.32,3143.13,554.47,1835.98,28851.26,2359.86,1837.86,6,2024-04-06
C10347,8358-8429-9977-0434,14930.32,4643.22,2324.99,2508.06,33095.55,9044.12,183.29,33,2023-11-17
C10348,6590-7980-1604-2495,2380.14,3776.25,7.52,508.93,28698.75,69.47,62.2,23,2024-07-16
C10349,7994-5113-9131-1024,842.63,2656.46,479.24,2682.91,36915.5,542.27,168.34,14,2023-10-25
C10350,4205-9273-0228-0033,17052.48,1696.27,146.67,2983.92,8263.75,6021.42,4278.93,32,2023-12-29
C10351,4218-0528-0873-0971,11154.99,4001.03,133.87,390.91,15227.42,840.48,92.25,30,2024-02-12
C10352,0509-3324-5909-5119,15534.89,4872.05,2491.35,2140.25,38353.62,13792.61,10120.16,8,2024-01-26
C10353,0597-4688-7656-4362,8232.09,1797.28,496.52,2244.75,22494.54,911.8,728.29,24,2023-08-05
C10354,8116-6635-2821-6710,14672.3,1411.94,1080.43,2520.29,30563.28,8639.9,2785.66,13,2024-01-28
C10355,7926-5272-4222-9796,13945.77,1657.9,389.92,2200.85,18994.71,3421.17,2841.25,3,2023-05-27
C10356,9058-9231-9007-1273,10599.59,4778.98,3780.26,2924.84,32002.5,238.24,204.82,4,2023-08-07
C10357,7753-3878-6059-0407,13673.7,3725.86,1211.76,323.37,14425.17,3074.96,90.53,28,2024-05-15
C10358,0451-0661-9357-7334,9885.83,3683.08,37.54,1500.38,15367.28,2482.07,1138.03,18,2024-11-21
C10359,1538-2557-5502-5391,18198.36,2127.08,1145.77,2356.24,37896.23,10125.01,5239.27,36,2024-07-07
C10360,4207-4710-0278-0572,5138.5,1197.32,632.93,2735.38,10958.79,1944.37,1767.14,26,2023-06-13
C10361,9487-7914-1102-8954,10573.43,1007.38,367.83,2644.59,24287.8,9475.71,8846.14,3,2024-02-14
C10362,0719-0814-8174-8104,9700.27,4149.33,1542.53,2970.05,45216.4,2125.0,78.31,30,2024-07-12
C10363,0701-1891-2133-1429,19284.21,1450.34,1332.45,2226.24,44742.92,9233.79,6471.86,22,2024-01-28
C10364,0209-1137-6637-6623,19751.83,3299.85,1761.92,1805.34,17074.31,5940.09,4011.46,26,2023-08-01
C10365,4966-7663-8684-3776,14803.04,2861.31,2200.94,1878.06,31482.4,7520.14,4448.73,6,2024-07-07
C10366,0386-7670-2523-2419,10117.67,3651.87,1728.6,148.32,46303.91,7367.77,1758.48,21,2023-07-28
C10367,0083-0687-0738-9313,1661.08,529.22,392.87,2815.84,20222.39,507.24,204.55,11,2023-09-19
C10368,4180-3680-9351-4942,2005.08,1040.45,533.03,1799.52,11705.71,83.87,83.85,31,2023-03-09
C10369,6086-9391-5429-0644,1947.58,1012.03,674.8,1324.03,10303.63,1484.14,981.32,6,2024-04-09
C10370,6888-8950-5951-7523,14376.46,1580.9,305.45,2224.24,14208.23,1527.63,1014.08,14,2024-02-17
C10371,1376-9119-7146-6343,12465.66,4395.57,3069.9,758.77,28511.04,2355.83,1516.56,25,2023-02-09
C10372,3717-2827-9001-7771,12882.31,4977.75,1754.51,249.65,28137.3,4685.39,3332.33,2,2024-11-21
C10373,6942-4792-8114-6064,6458.35,4469.14,773.7,2448.95,49897.17,2304.02,664.27,7,2024-03-30
C10374,4605-6071-5240-0275,19674.1,1740.29,553.03,2302.65,35273.15,10724.81,8390.85,10,2024-01-12
C10375,4313-5025-8159-9810,19407.96,964.33,455.39,1226.15,48972.27,5878.63,3839.09,23,2024-06-09
C10376,3558-5354-2496-8046,16530.57,4221.97,25.24,2345.11,34716.51,12719.07,3984.65,28,2023-04-19
C10377,8984-6912-5582-1562,19621.95,4417.12,3234.18,523.5,35411.42,14534.7,5675.19,1,2023-05-29
C10378,2563-7102-5582-6616,3471.35,4622.57,2951.11,2856.65,35691.58,3011.0,2221.27,32,2023-02-06
C10379,2629-0705-3601-4547,17406.95,1171.05,155.23,1710.27,29139.77,5399.12,1015.12,7,2023-12-05
C10380,4394-1679-1773-9058,1070.26,3999.81,3741.84,670.96,16629.78,323.19,80.83,3,2024-04-22
C10381,5055-8687-1012-7103,9174.63,785.23,631.88,1521.6,43039.71,7913.63,24.93,15,2023-12-08
C10382,0170-8387-8331-9714,19435.83,2923.85,1595.13,2873.77,5542.99,264.31,133.51,4,2023-04-27
C10383,2114-0424-9928-0098,17180.75,258.66,225.44,2424.45,44481.87,9755.19,5405.6,9,2024-04-21
C10384,0810-6838-1262-8484,12012.97,4384.02,3510.88,113.03,20567.27,9418.72,534.66,13,2023-03-10
C10385,0382-7271-0809-1089,3024.95,1553.14,1047.12,2981.68,48206.64,768.9,110.79,15,2024-10-05
C10386,2764-9295-8198-6145,15895.17,2140.53,1779.09,1510.21,49215.91,1398.61,1006.41,2,2024-09-09
C10387,0390-6376-0128-0682,11699.73,4221.87,3297.86,118.35,30709.59,7132.61,2199.12,28,2023-12-21
C10388,5412-3125-8987-5944,17507.26,3373.4,502.65,2000.93,33658.03,10076.63,9513.42,17,2023-12-19
C10389,9497-5248-7305-1072,630.68,2016.03,1569.08,2433.34,49630.3,404.61,57.94,5,2024-05-24
C10390,4492-6079-3995-1686,10767.75,1518.11,1258.79,568.21,49404.57,9652.37,9177.29,7,2023-05-20
C10391,8208-9746-6921-2106,13605.41,4283.91,1034.79,2133.02,41463.45,10052.98,1309.99,2,2023-04-26
C10392,5653-4303-6659-5770,16792.3,4801.99,2485.56,2972.07,20205.37,7932.24,6109.53,13,2024-04-22
C10393,0521-2693-8044-3601,17888.27,1103.8,579.46,287.55,10924.6,11947.4,2693.98,26,2023-07-11
C10394,2727-0009-8469-9994,11784.13,4685.98,2173.71,2826.71,33358.7,8982.58,624.46,28,2023-03-19
C10395,8785-5216-8170-5807,5290.62,637.79,215.8,1843.91,23400.65,1219.4,726.52,22,2024-11-24
C10396,0858-5714-2457-7904,12161.05,4619.79,1023.52,1244.06,38314.61,2607.66,2265.76,25,2024-02-17
C10397,0862-6374-5680-3329,12519.01,261.28,150.51,1020.6,28711.94,9185.74,2675.29,28,2023-07-18
C10398,8551-3525-7273-5071,16959.51,4629.28,2547.25,2885.9,27999.39,4822.08,844.35,35,2024-06-10
C10399,0762-4753-4553-1462,9148.53,3326.56,2730.54,1768.73,48570.42,1979.62,1903.07,30,2023-03-12
C10400,5769-6940-4925-1861,7634.33,1754.86,971.47,1809.91,40690.47,1883.25,520.21,25,2023-09-07
C10401,5627-7645-9659-3275,14836.18,1430.44,1362.58,704.45,13156.51,8467.82,1067.23,3,2024-07-11
C10402,6062-4175-3612-4639,2753.89,2919.84,76.71,330.31,22237.54,895.54,504.57,6,2023-10-08
C10403,6942-0810-1696-6222,13871.47,3200.69,1598.7,2501.15,20516.57,6211.68,2774.98,12,2024-06-23
C10404,8907-6339-7594-9659,5501.51,4614.05,1365.1,2477.7,47404.03,4067.09,2644.5,14,2023-11-11
C10405,8688-2569-6398-2833,4072.45,4342.04,1746.47,2646.7,5754.36,3221.61,1451.5,24,2024-07-21
C10406,1302-7593-4424-1179,13931.99,3864.4,178.54,1307.52,36420.53,5930.27,1263.5,19,2023-08-30
C10407,8361-9195-9694-9791,18069.84,1034.82,230.48,320.1,19958.13,1594.07,762.77,33,2023-09-29
C10408,3904-4235-2541-3789,17009.95,3834.18,1977.43,492.74,19252.33,15582.49,2410.99,20,2023-12-22
C10409,0052-8100-9546-4227,5363.4,676.46,255.12,2630.73,9440.3,5122.51,2301.86,29,2023-01-11
C10410,4203-8005-7941-6668,19642.86,3900.16,105.54,1300.52,38298.69,2513.83,823.09,10,2023-04-02
C10411,8543-0154-9303-4890,2816.2,2204.06,1542.04,699.19,6458.26,479.02,108.76,1,2023-05-12
C10412,7903-8938-2295-9989,9886.05,623.09,407.16,2433.66,28079.75,3315.24,282.31,36,2024-03-22
C10413,6024-8104-5134-0868,17693.44,1691.17,1175.13,2336.11,28364.0,8634.71,1936.93,7,2023-02-12
C10414,4225-5076-9291-2972,13840.97,215.48,28.45,672.62,34359.55,1094.42,108.67,35,2023-05-31
C10415,0267-9603-4336-8476,14359.65,2436.72,1392.91,2580.21,43610.86,7388.04,2206.8,7,2023-11-16
C10416,4855-7001-7870-4410,13812.01,1794.56,122.35,2384.11,20798.47,9687.52,2682.89,24,2024-11-07
C10417,2572-9194-3149-7938,17122.5,4355.95,1046.98,1943.57,20665.34,8254.08,7913.53,25,2023-04-05
C10418,4555-8227-7047-3950,14400.58,2190.83,2069.96,835.61,49053.86,3580.25,1211.47,21,2023-11-05
C10419,6997-5249-5303-7850,10207.72,490.0,330.63,1087.19,30808.12,2463.54,2042.72,4,2024-12-01
C10420,2289-6982-4879-0248,19900.42,207.26,132.41,1151.95,10116.81,574.5,168.74,12,2023-11-21
C10421,9198-1083-0833-9974,10735.65,297.57,169.97,2265.99,15482.29,5462.55,1920.17,10,2023-06-06
C10422,3635-8225-6378-7712,10229.08,4596.05,151.23,2897.44,29206.98,6570.76,3675.6,14,2024-10-20
C10423,0560-1242-2937-2645,10472.63,1766.03,1042.44,1665.56,38451.33,5638.63,2469.17,11,2024-06-19
C10424,1152-7577-6135-2504,7299.66,936.62,817.16,1400.3,6321.21,3000.02,1112.45,25,2024-10-30
C10425,6627-4481-8283-7045,7276.31,1267.88,663.12,1082.78,23343.0,3415.67,633.22,23,2024-10-30
C10426,6686-9620-0861-1254,14388.83,2683.79,786.5,1054.63,33420.06,13876.46,5848.25,23,2024-10-25
C10427,1521-0058-0823-6160,5773.35,885.82,82.74,2870.65,20674.35,2611.74,1079.88,6,2023-06-07
C10428,5700-8571-9678-2738,19712.13,308.66,120.78,755.12,5437.89,14611.03,3029.75,14,2023-03-23
C10429,1832-0069-4682-2073,18040.82,321.9,276.92,866.16,9410.9,3194.69,3174.01,22,2023-06-16
C10430,8044-3646-7736-2491,8067.28,2728.21,564.47,2600.47,24885.36,2698.73,1645.6,4,2023-08-10
C10431,0798-0044-1173-9543,15291.0,2610.38,2345.05,2597.05,26936.99,5475.15,2634.01,24,2024-01-28
C10432,1827-2342-2515-3936,6983.25,3856.28,2565.3,333.79,19868.49,2875.57,705.57,14,2024-04-25
C10433,1671-1658-6604-8246,3206.77,957.71,599.96,1530.99,30535.66,1422.66,1162.31,33,2024-12-27
C10434,0999-2664-2503-4987,15861.7,1309.14,998.93,767.96,49503.77,10275.94,6026.12,10,2024-03-30
C10435,2195-2993-2114-8680,17108.77,1053.04,617.95,958.62,20043.91,9331.75,8419.09,35,2023-03-29
C10436,7189-9285-4938-4557,16591.09,3819.63,1134.52,332.1,9185.67,10511.41,1484.8,13,2024-04-23
C10437,7362-7353-7501-3202,6533.83,1424.72,1044.93,472.16,22422.58,6134.67,2084.77,29,2024-11-15
C10438,1081-0513-2784-7068,7391.3,2771.25,1323.49,217.62,24991.45,2983.17,2944.81,10,2024-03-17
C10439,0220-7057-5071-1318,8316.3,4589.82,2603.06,2055.5,25983.85,6441.5,1185.49,18,2024-10-15
C10440,7819-6998-2736-0106,1044.6,3945.85,3702.68,1851.53,30338.69,1035.45,542.36,32,2024-12-13
C10441,0541-8431-5891-1430,16704.23,898.26,164.39,1044.05,34748.81,6981.22,5562.58,22,2024-02-19
C10442,7154-5825-7975-0284,11988.84,4173.27,2069.0,1183.4,44029.44,6625.24,2541.22,14,2024-04-14
C10443,3430-8038-3663-2849,10972.6,4754.71,1711.26,799.56,7055.71,10208.74,9580.79,12,2024-09-21
C10444,6017-1282-2135-7238,14229.94,1238.8,305.85,2071.86,36898.41,5682.92,3464.71,36,2023-09-01
C10445,0521-9650-5487-1785,14995.57,4469.12,1348.1,2107.53,34491.16,13777.47,11756.52,19,2024-01-29
C10446,1999-8735-1822-5014,19812.8,1249.65,597.25,258.6,26316.43,17818.87,8165.61,31,2024-10-14
C10447,0985-7581-8180-4647,10735.63,1454.99,1057.26,2828.26,42504.73,10507.34,6665.1,25,2024-08-06
C10448,5712-5269-6989-0327,17661.28,4831.35,1967.06,2007.97,19175.32,3032.79,2779.28,15,2023-08-09
C10449,0348-3813-2223-4914,6146.83,142.73,53.12,2784.15,31038.38,2743.31,1484.06,12,2023-12-20
C10450,0263-5988-4565-8286,2747.38,1048.03,924.16,2869.37,14295.09,2149.99,92.57,20,2024-01-09
C10451,0086-2946-3708-0623,16350.35,2352.74,1496.13,2903.36,21641.89,5760.11,4072.11,31,2023-11-27
C10452,5757-7084-5723-3569,12410.57,4126.36,313.56,651.95,45795.25,2823.48,864.14,18,2024-01-22
C10453,9046-2273-7990-3482,6788.67,1362.7,472.63,2707.21,33390.83,5458.47,2937.3,1,2023-09-05
C10454,9790-3083-6553-8536,9206.02,2859.89,1147.48,2299.67,44892.65,7284.46,6474.5,4,2024-04-25
C10455,1995-7838-4390-9052,7722.75,247.18,180.52,2610.08,32391.66,821.66,433.78,31,2023-07-27
C10456,5180-7100-8711-5650,2274.86,4872.51,11.68,2582.04,16551.26,310.73,200.6,28,2023-05-18
C10457,8990-9257-3770-3427,16736.13,3775.18,2029.72,1185.71,28530.86,6743.77,1221.26,20,2024-02-24
C10458,4968-2129-5722-4803,10272.59,724.56,293.04,568.96,35651.16,2524.1,1438.9,11,2023-03-01
C10459,4466-2773-2300-9062,15617.52,2982.94,588.37,1706.14,42727.2,12450.67,11237.5,36,2023-10-18
C10460,6695-8892-1194-8394,11711.45,4426.62,2584.72,1947.52,11750.44,3904.97,3742.84,9,2023-02-28
C10461,6372-8957-0373-5122,14047.34,3641.91,625.98,2300.37,49957.29,189.73,143.2,5,2024-03-07
C10462,6396-9087-6328-4335,2284.0,1552.25,1393.18,2751.9,33590.04,2129.43,1085.61,7,2023-12-27
C10463,7128-8392-3148-5519,4119.77,3503.21,1750.14,2623.02,9588.2,3807.24,2825.09,14,2024-01-11
C10464,1127-3755-5581-3505,6572.48,4578.68,301.04,2376.93,31244.85,1269.55,1010.2,7,2023-09-05
C10465,1677-8861-7899-0323,8499.57,2667.95,421.02,275.4,6283.58,5551.3,3647.41,28,2023-05-17
C10466,9000-0287-6797-6687,2667.39,1618.02,723.28,1776.02,26089.66,270.69,132.39,30,2023-06-01
C10467,6663-6462-7637-5257,8135.5,3602.65,2666.79,503.72,44765.35,3386.15,2905.16,2,2024-12-24
C10468,5699-1593-6247-4411,1040.14,1197.25,852.98,1019.55,24908.14,923.39,771.69,3,2023-12-27
C10469,8626-9713-1324-2449,1758.26,4362.36,726.98,520.55,7214.13,566.25,30.08,15,2023-12-05
C10470,7889-8043-8950-7464,10035.61,1146.21,608.9,2261.56,48262.09,7595.83,2675.53,9,2024-06-03
C10471,7647-2630-5845-0081,12941.06,3048.29,1000.37,40.1,24685.3,3724.81,92.18,12,2024-02-07
C10472,1395-7055-9068-9176,12935.13,695.91,308.4,812.35,22430.53,3580.89,426.98,5,2024-02-29
C10473,6641-1242-8573-5150,5082.51,2893.31,557.06,491.18,7551.53,628.14,437.64,25,2023-04-10
C10474,5462-2655-6979-8221,11315.73,2683.82,2008.96,1608.13,37295.68,2176.18,1500.73,35,2023-02-17
C10475,7136-8127-4282-9581,1720.43,3694.38,707.33,2223.06,47336.3,1151.21,388.37,35,2024-04-16
C10476,3000-2512-1702-8446,7040.32,374.53,0.94,2220.8,10381.72,2380.06,646.58,13,2024-08-16
C10477,5858-3396-9567-6310,19446.87,4491.55,3646.37,1211.6,47009.13,2133.78,722.07,30,2024-11-11
C10478,1187-5224-9537-2811,6215.15,4319.27,3444.68,1696.77,49660.43,4716.05,4668.89,31,2023-06-12
C10479,5106-5910-8123-2817,3037.68,2298.08,904.78,840.66,49725.61,2356.61,1215.31,18,2024-01-09
C10480,0708-8774-7482-4664,7623.89,1568.34,1560.26,1789.29,8177.84,5801.97,3121.53,33,2023-04-30
C10481,0736-3858-9549-5288,6365.2,1075.96,865.78,2795.91,47294.66,1928.93,1080.91,27,2023-02-28
C10482,8690-7584-3499-5868,16863.51,346.99,268.02,462.25,14606.74,6013.4,2847.85,26,2023-04-05
C10483,5636-1409-0108-7892,12297.2,286.09,173.82,2257.75,22139.9,9211.18,8063.18,29,2024-11-18
C10484,5156-6402-8454-9157,12188.26,4419.2,2878.52,1440.95,21241.89,3709.82,1531.04,6,2023-08-12
C10485,5821-8791-3192-8653,12813.28,4862.15,1900.43,2898.98,39137.71,2798.33,1080.64,24,2023-03-24
C10486,4675-6479-1555-2262,8569.11,1335.75,652.98,2391.5,7262.24,4596.47,2111.87,35,2023-10-09
C10487,9686-9065-2313-3433,6072.36,472.6,384.27,1130.21,28004.49,333.17,185.62,5,2024-03-26
C10488,4932-1158-2902-3583,19151.69,889.67,508.54,276.63,35812.52,4904.3,1449.45,18,2023-05-10
C10489,6996-5458-4143-9142,12271.12,3853.31,1447.84,2939.96,36148.21,1520.8,902.31,26,2024-07-20
C10490,5217-4292-3990-3396,7075.16,1495.89,608.58,462.07,24955.64,6434.62,5899.13,30,2023-07-16
C10491,3706-8780-8078-2041,16983.64,454.01,78.09,2454.26,27965.65,8444.47,3739.33,4,2024-02-04
C10492,6874-9515-9156-6094,7703.74,230.7,12.38,1719.99,44137.24,506.18,181.26,18,2024-07-15
C10493,4165-2359-6598-4094,19943.12,3867.61,2942.47,1238.55,5615.84,12992.92,11698.51,9,2024-07-16
C10494,0345-0609-2780-1937,19142.94,3368.6,2339.17,1755.45,11473.41,14387.52,721.24,27,2024-04-03
C10495,1763-0281-7449-3308,12605.87,346.12,144.73,1939.58,47483.09,2661.74,2402.8,13,2024-09-25
C10496,9223-8218-8483-2966,3885.6,1702.25,880.25,2089.91,14467.76,1349.79,413.0,3,2024-01-11
C10497,1748-4245-4138-9001,12348.44,2317.7,1332.06,972.69,19388.08,942.56,337.62,7,2024-04-10
C10498,3879-2576-0192-8637,17788.75,1551.92,1364.49,1122.62,10694.43,13106.04,10295.45,32,2023-09-12
C10499,5145-3147-7889-5579,1928.35,3898.06,738.98,409.27,44156.71,1044.14,1015.68,11,2024-06-12
C10500,2798-6036-2095-3363,9960.93,2625.39,1083.77,2325.21,28683.92,6003.13,823.89,14,2023-01-15
C10501,2990-7888-0984-3766,10656.51,349.89,240.0,1873.68,16902.17,8335.82,319.83,6,2023-01-26
C10502,6770-7809-6881-3029,2657.44,2346.36,320.65,1235.55,24236.66,904.08,396.13,9,2024-12-30
C10503,1648-6152-4936-1805,5532.42,4994.46,2053.04,1100.66,26469.2,1475.52,1049.45,5,2023-06-06
C10504,9222-0139-8331-6705,14148.47,3951.36,1652.88,299.91,30870.23,12901.95,1616.97,34,2023-08-17
C10505,5493-0534-1934-5976,12321.67,2307.3,2266.05,927.02,13894.93,2469.08,1171.37,4,2024-04-07
C10506,2655-5089-9105-7990,14511.82,776.3,442.33,2367.81,8174.05,5808.12,3296.53,9,2024-01-14
C10507,2718-2572-4935-7828,7493.26,1113.13,883.15,2673.29,42171.83,6298.6,4717.78,23,2023-08-10
C10508,4465-7829-0755-8055,5441.63,4827.74,3175.89,50.01,32275.62,1991.99,1654.57,24,2024-09-07
C10509,5113-6444-8223-9322,16604.93,3798.77,1262.32,2251.65,5151.84,15252.73,10580.38,9,2024-10-13
C10510,0987-4845-7399-0663,9030.87,3475.05,1034.08,1653.08,48379.38,522.66,369.77,23,2023-06-17
C10511,2767-6905-7294-5984,18728.4,1297.95,1286.7,2552.14,19265.02,353.34,274.78,9,2023-09-09
C10512,6828-0832-3667-0750,11206.49,4102.27,3271.74,1682.97,5708.32,7538.78,3784.69,5,2023-03-18
C10513,9819-6442-7158-7087,16926.44,1505.32,106.27,2683.71,9436.3,8036.95,3648.28,22,2023-01-27
C10514,3248-4322-2697-6865,7680.21,3584.08,2026.57,1043.72,16794.14,2157.84,407.67,10,2024-10-29
C10515,8360-6469-7079-8129,6617.86,1180.42,35.29,2548.53,21017.2,4059.84,1024.97,20,2024-08-14
C10516,2708-4431-7876-7675,13211.85,636.47,230.11,398.27,39108.38,1618.53,890.16,31,2023-03-19
C10517,1382-0125-3871-4852,9165.83,1244.8,787.23,2950.36,48438.08,2263.22,123.32,9,2023-11-02
C10518,2581-5645-3882-1475,3571.93,2861.71,2461.04,1972.3,33152.13,251.03,118.13,4,2024-07-13
C10519,5276-1818-9851-9222,12472.81,1628.77,234.17,157.23,32404.79,2826.17,615.35,10,2023-02-21
C10520,4235-9211-7283-3762,8134.58,4401.12,1729.17,493.93,12729.21,6002.39,356.93,35,2024-07-10
C10521,4423-3544-0064-8403,9236.75,4945.09,2950.82,905.96,16092.45,1337.53,613.01,14,2024-11-11
C10522,8012-7697-2568-8819,6499.15,2385.67,475.15,1211.49,33766.8,1628.63,321.38,2,2023-11-20
C10523,3736-8717-0919-5083,9466.49,3163.48,2205.19,1026.56,39017.69,6018.11,2529.24,15,2024-05-03
C10524,7235-3398-6969-8181,17672.52,2683.89,671.75,1141.31,26036.51,10918.46,4007.12,12,2023-05-25
C10525,2472-5462-6184-9334,2977.29,3317.03,665.75,2736.42,7737.88,1164.3,1113.28,29,2024-10-15
C10526,4934-9567-9521-7349,3616.92,3876.72,1374.97,2804.57,42473.76,3202.12,2623.14,25,2024-10-03
C10527,1563-7457-5891-1618,9064.36,1447.01,268.9,1301.25,21640.73,8991.88,4806.17,3,2023-06-16
C10528,6507-8253-4085-5056,5818.32,3887.83,2010.11,1433.67,46026.97,1698.22,1048.55,12,2024-08-13
C10529,1291-9075-0989-8448,19630.81,3500.76,2373.62,493.72,34330.22,2885.63,1157.65,19,2024-08-22
C10530,0331-5663-2560-5347,8494.6,132.22,38.87,2871.06,20988.57,827.2,516.99,10,2024-05-04
C10531,2738-0177-6064-6770,10086.48,4163.13,3668.4,2571.56,16010.26,7401.73,554.6,4,2023-10-10
C10532,3546-3309-2023-4155,12486.13,2664.21,483.87,804.08,9373.05,7323.9,5698.73,29,2023-09-25
C10533,0869-4317-9224-0034,9073.12,2166.51,591.19,2629.75,28092.81,3292.54,944.14,5,2024-11-26
C10534,4673-4623-6826-9298,16849.6,4940.94,3722.6,60.17,18073.61,68.99,43.07,27,2023-06-12
C10535,5803-7773-6884-0827,10009.05,3492.98,1302.84,2238.37,28039.23,7423.84,5874.32,1,2023-03-22
C10536,6038-1461-3263-6700,8363.85,2846.88,983.12,1374.91,40357.73,516.98,109.52,31,2023-06-17
C10537,0182-0626-8129-7446,4533.3,3808.16,3120.4,539.63,11835.3,2720.17,2213.84,9,2023-03-11
C10538,9869-9278-1822-2007,13755.9,3394.32,2821.35,2201.61,49782.27,2091.25,1624.85,17,2023-08-27
C10539,5663-9230-8642-1647,14496.58,2055.02,1283.6,1466.11,47226.02,11093.94,1594.88,24,2023-06-21
C10540,1289-1734-0661-9766,17388.54,3922.2,3383.32,723.28,23083.75,3857.4,2360.75,28,2024-04-09
C10541,6196-7669-9947-4583,2293.2,1626.56,1342.0,304.49,21783.81,1017.56,994.79,9,2023-07-16
C10542,5675-3588-3560-6733,959.79,4650.84,1157.66,765.75,41335.23,222.73,22.63,5,2024-04-26
C10543,3247-7084-1535-5635,2718.69,645.22,496.2,1785.86,35751.2,1854.52,648.82,11,2024-12-20
C10544,8668-5286-6530-9391,3675.87,4310.41,3764.27,1723.01,21959.8,475.31,410.34,1,2023-01-13
C10545,4474-1259-0684-8958,14022.51,1971.45,720.73,2034.01,24186.78,2902.08,1466.36,31,2024-10-27
C10546,5193-1957-7160-0996,19476.31,392.2,74.94,2578.65,27379.64,5979.26,4557.92,10,2024-01-13
C10547,9903-2415-7908-5570,10393.81,3013.37,1495.98,2928.03,45494.05,1242.9,1231.29,31,2023-12-09
C10548,5089-3451-9357-1324,16743.15,2129.52,402.29,396.55,20548.2,9611.53,4686.67,30,2023-08-15
C10549,4845-0901-6765-1967,4394.7,1724.55,1393.61,1389.08,16739.14,2633.26,910.82,32,2024-01-18
C10550,0277-5780-3158-0542,4796.22,3831.09,3263.45,1213.46,23959.5,4701.82,3037.28,4,2024-01-09
C10551,0349-3135-8649-5488,19036.06,1443.54,847.97,2538.87,27843.29,5851.15,4062.49,24,2023-01-03
C10552,9947-6488-6354-0421,3101.39,1691.08,879.1,2184.2,46629.95,2036.23,301.25,8,2024-01-10
C10553,3141-5378-7859-6129,577.73,2099.21,869.45,340.61,13555.99,409.12,263.76,1,2024-11-22
C10554,6846-1346-9580-9740,8532.38,719.16,552.39,1734.71,11822.58,6623.71,2808.73,19,2023-12-14
C10555,4263-3406-1293-4399,2157.13,3730.28,2694.32,2420.07,45009.09,2136.8,1268.91,6,2023-03-15
C10556,3317-6154-3421-6955,7761.77,3705.2,2277.19,439.58,6479.4,7404.91,7182.51,18,2023-02-11
C10557,7398-2380-3407-8768,16335.06,4714.4,2980.96,2150.92,39974.87,13232.6,5781.44,20,2023-02-11
C10558,7051-4208-4198-4472,2846.08,1044.6,512.65,633.54,19885.87,925.98,645.0,12,2024-10-25
C10559,8237-1903-1548-9716,2665.09,2439.64,1604.79,2385.8,45493.98,1774.77,984.88,27,2023-03-22
C10560,4607-9871-1281-3993,16105.1,694.33,542.84,1158.72,33017.53,15737.04,13426.59,20,2024-02-18
C10561,8388-3576-9991-5138,8596.63,4825.75,4191.33,2796.25,35303.83,3864.2,372.48,31,2023-06-02
C10562,7100-6436-7118-8088,7241.95,2976.14,917.21,2765.9,26691.97,1356.33,804.64,27,2023-07-18
C10563,0120-4668-0185-1472,7283.87,447.44,403.47,1620.49,36961.24,6724.42,5461.17,1,2024-02-05
C10564,6426-2986-4661-9418,19737.07,784.42,725.5,682.65,43822.39,10385.78,311.51,20,2023-03-24
C10565,3578-8467-6057-0217,8222.95,2617.81,37.06,1219.02,47777.56,857.09,720.1,1,2023-09-13
C10566,2704-5142-1192-3950,16413.05,3117.89,2555.39,2950.15,32090.81,171.38,123.14,17,2023-07-03
C10567,5729-7508-7542-9476,4738.17,2981.15,1361.45,2788.52,9403.88,70.35,23.65,12,2024-01-27
C10568,1434-7820-5898-1349,19304.99,451.64,276.48,353.36,20029.01,16528.43,13359.38,23,2023-03-13
C10569,9692-7947-6329-3958,4139.29,139.45,27.91,2713.83,21624.87,3651.55,1461.41,6,2024-12-03
C10570,2763-5389-3592-0998,13842.82,3312.69,1410.01,1123.78,45139.97,2740.58,2051.27,13,2024-09-09
C10571,8689-2540-0666-1035,7681.94,3618.28,1625.77,626.79,8372.56,5369.55,535.03,9,2023-08-21
C10572,2067-6589-9578-8531,9351.86,1522.76,804.5,2338.31,47524.55,3411.62,2039.63,27,2024-10-10
C10573,6365-0298-5724-8206,12359.01,4809.81,2225.65,2745.6,20103.18,10747.61,10458.25,35,2024-06-13
C10574,3707-1687-3145-7967,1475.79,2711.59,260.35,0.25,22181.53,967.5,462.26,5,2024-06-23
C10575,4362-0462-6865-1745,7641.48,447.21,11.88,2666.02,29727.53,2883.46,2369.43,8,2024-08-26
C10576,5206-2864-3161-5700,10140.59,2490.09,1519.04,2974.88,8351.64,4365.84,1870.08,34,2024-11-27
C10577,1794-2065-8855-4568,12068.42,2893.31,5.94,454.73,25871.24,2300.02,1352.56,1,2023-09-20
C10578,0202-1937-1526-0896,9086.36,3426.45,492.55,632.43,46750.88,1032.69,523.9,22,2024-10-18
C10579,7584-5627-4650-6176,16078.63,247.35,142.29,2134.38,9136.41,4355.46,2279.76,3,2023-11-30
C10580,9662-4195-7208-4528,7749.62,4154.47,2410.43,2762.3,21008.58,1132.24,470.54,5,2024-03-11
C10581,6256-4039-7340-2706,18053.46,3101.3,1435.69,1967.47,18540.02,2071.67,1536.84,32,2024-11-22
C10582,3770-7614-5738-0509,5796.44,4010.35,2227.41,2914.9,28132.71,4356.85,1335.53,18,2024-03-28
C10583,9099-1536-5224-0441,14862.72,3802.2,2962.7,245.74,36370.0,6990.14,598.46,24,2023-02-13
C10584,5785-0909-6963-7860,15549.22,3095.7,1423.96,816.58,48387.21,3288.89,2695.65,10,2024-01-24
C10585,8928-2443-9257-3514,3884.33,4968.7,1043.33,2611.95,41611.32,424.23,179.14,28,2024-04-10
C10586,5988-5117-5317-3589,10564.63,4044.87,2151.78,954.6,34930.76,3525.36,429.74,29,2024-03-04
C10587,6019-0531-8918-8335,5226.82,2351.62,937.98,749.45,8076.78,2864.41,2512.61,21,2024-09-18
C10588,0282-9852-7565-0843,840.17,2930.77,1366.89,2529.42,40554.28,477.15,368.77,6,2023-12-06
C10589,5604-4405-6322-9030,11977.78,729.32,128.14,1041.32,24261.45,3952.05,64.25,25,2023-10-27
C10590,2879-2815-3608-4001,3119.01,1511.07,546.99,1098.16,34420.03,1033.13,79.9,10,2023-09-26
C10591,6687-2762-1804-8448,15756.44,3868.99,3385.98,1789.76,42025.22,11262.43,1369.22,26,2024-07-28
C10592,6689-2956-8856-6539,3249.31,3629.92,2925.96,130.59,39177.92,2617.1,2197.42,5,2024-11-06
C10593,4056-4035-3990-9904,16353.73,4943.19,168.26,1467.39,40216.03,8498.73,5882.1,15,2023-05-20
C10594,3120-9533-9969-4100,775.43,3690.37,1577.61,1351.4,38390.68,248.66,68.31,12,2023-12-07
C10595,9931-4609-7872-9699,9786.32,2828.36,1686.83,2769.99,35244.48,8576.91,8332.15,3,2023-04-17
C10596,1351-8994-8012-5645,13092.3,449.7,118.91,1555.51,43634.82,11089.29,3065.14,35,2024-09-04
C10597,1625-1256-4173-3217,7827.24,4054.5,588.92,1894.36,17298.27,4249.25,3019.91,16,2023-06-20
C10598,6837-1979-5407-1959,11500.01,635.51,575.79,494.55,36314.95,5796.86,4282.31,31,2023-08-09
C10599,1167-2630-1343-8058,18852.98,4568.74,163.04,1864.5,30911.35,14398.87,14078.25,19,2023-08-14
C10600,5941-2886-8663-8504,5693.37,930.86,276.04,834.22,14797.29,4770.16,1420.18,8,2023-11-29
C10601,9293-6964-8051-1590,13829.63,3635.34,3037.46,577.32,34609.03,3433.84,765.06,31,2023-12-08
C10602,7191-0540-3986-3502,2617.9,2096.32,1683.39,2942.26,13615.84,758.79,176.45,5,2024-08-10
C10603,5760-9209-7689-5263,8547.62,535.97,510.79,2001.21,35492.52,7518.66,4569.61,28,2024-09-04
C10604,9457-9381-8724-9522,17339.81,2549.18,271.22,1939.06,8192.59,15543.63,1664.67,22,2024-02-13
C10605,1141-4624-6783-2040,19878.22,1192.83,220.11,743.45,48267.96,135.76,128.5,11,2024-07-18
C10606,8591-1276-6222-3167,17473.05,2183.03,1488.18,1615.4,31511.01,5956.16,2148.74,8,2024-03-11
C10607,6596-6707-9847-7364,9327.35,3544.83,285.04,1970.88,44292.14,6595.6,1418.42,6,2024-12-30
C10608,7990-1815-1553-4679,1886.61,2200.56,1797.45,2758.7,33204.62,1065.14,769.0,26,2023-01-20
C10609,9004-3729-9074-1220,9124.55,3686.34,2897.47,1630.37,19959.86,4754.32,1015.72,31,2023-05-28
C10610,5945-7013-5008-9926,16933.63,1583.73,1393.38,1161.12,15996.41,13940.15,1252.85,32,2023-02-03
C10611,8164-0882-1408-0189,16728.86,3431.11,1552.83,1721.26,32625.53,3533.61,796.41,17,2023-06-24
C10612,5632-4919-1360-7299,4204.58,362.81,41.54,840.52,6748.91,2298.67,834.51,2,2023-08-04
C10613,2887-8941-8275-0825,10560.03,3201.44,758.23,485.19,32589.31,9712.27,5551.78,36,2023-10-05
C10614,5807-3148-5664-1017,13000.29,4294.79,2336.75,1478.13,29403.96,7229.09,3988.89,1,2023-08-21
C10615,6410-3158-4466-9950,7539.6,2809.56,609.86,2845.37,42887.02,4399.18,1537.23,22,2023-11-05
C10616,2096-2953-9856-3542,17509.66,2632.51,1898.02,694.26,31431.7,17085.84,6532.26,8,2023-06-25
C10617,1384-6909-2388-5817,12931.57,2185.22,1952.75,1096.29,37628.31,10055.3,4418.83,18,2023-12-07
C10618,8348-5761-1738-0432,9411.65,3550.27,357.47,2640.13,16707.31,1928.41,1809.41,12,2023-10-02
C10619,0037-3922-8563-2056,11664.18,692.61,353.6,723.66,28643.36,1519.27,105.16,35,2024-10-02
C10620,2104-5247-5998-5560,1118.25,3260.17,1074.31,1625.47,7143.81,155.79,66.2,11,2023-06-05
C10621,5219-6113-2814-7762,10652.11,3799.0,2011.6,2328.08,40429.08,5737.51,3977.52,5,2023-10-16
C10622,8978-1551-1124-2329,12950.53,748.56,521.28,836.95,20883.95,10778.44,3288.76,24,2024-03-27
C10623,6797-7527-5191-0123,19914.66,795.98,153.24,1206.56,21323.88,3016.69,1092.51,4,2024-06-29
C10624,5780-2836-0574-4707,1556.58,602.3,10.7,1281.35,32574.18,311.62,142.3,12,2023-01-28
C10625,6447-5486-3481-3539,4107.79,646.6,156.66,130.58,36062.27,2209.99,1768.63,24,2023-03-03
C10626,5392-0197-4449-6896,6608.88,1550.82,864.3,2779.92,31566.26,2056.33,932.38,15,2023-07-08
C10627,3624-8036-4341-1224,5978.78,4579.62,117.29,1726.09,43610.7,5019.84,3777.99,12,2024-03-16
C10628,8529-7427-3503-4117,11989.16,152.14,104.67,1989.15,46253.66,1726.07,113.2,1,2024-03-29
C10629,1128-7306-0844-8038,13083.66,1429.93,91.87,2433.56,44894.58,7555.19,7022.24,20,2023-02-25
C10630,3466-3281-7949-7034,12794.99,2562.44,424.76,627.79,46774.44,2990.02,1594.72,24,2023-05-20
C10631,0370-8005-4105-2896,703.78,614.6,585.68,2799.11,35842.29,465.04,133.43,32,2024-01-21
C10632,7014-2119-5667-2904,14987.0,1997.77,170.97,1387.52,21331.33,4283.59,277.72,3,2023-09-29
C10633,1347-5972-6383-5903,6095.77,2820.87,1736.78,570.47,12676.0,6041.97,917.97,2,2023-01-27
C10634,7159-4738-8060-5174,4483.37,1387.44,50.84,2725.37,45856.43,837.06,411.76,33,2023-06-23
C10635,8150-2041-6360-7779,13039.95,4962.5,588.48,2867.89,16923.29,12416.78,11728.79,18,2024-03-17
C10636,1488-3168-9734-0129,12099.92,3727.81,1116.07,1246.17,47625.22,3168.92,1020.92,34,2024-11-06
C10637,6750-4178-5261-6004,19266.79,1878.16,1414.52,564.84,43401.71,1025.53,389.08,18,2023-04-30
C10638,5862-9564-7654-3896,849.93,3528.73,136.24,1319.41,7165.8,645.95,268.99,29,2024-02-10
C10639,5649-3375-6792-8825,5899.69,415.1,391.76,115.19,38907.54,998.6,280.13,24,2024-04-14
C10640,9764-4338-0533-3074,18691.06,3108.03,1004.87,791.45,15842.86,14529.27,11073.76,18,2024-08-28
C10641,2422-1512-7295-0928,854.58,1211.35,384.23,436.0,8699.81,61.97,37.55,15,2024-03-29
C10642,8536-4457-1825-3165,7346.69,2474.2,2393.71,2971.41,35629.77,5058.68,2190.14,6,2023-09-09
C10643,5351-6923-4351-6701,4790.77,2042.54,993.53,313.7,46143.04,2147.44,230.85,23,2023-04-30
C10644,4482-1379-8414-2158,9142.46,2645.28,1708.77,1074.36,26172.08,2754.04,113.59,29,2023-09-08
C10645,7584-1829-3699-6017,6524.81,2305.41,1527.8,723.7,10604.76,6180.51,2275.94,3,2023-12-30
C10646,5909-7080-1997-3669,3734.17,3180.0,1447.13,2821.72,14460.53,1894.71,1616.31,19,2024-04-28
C10647,0891-9588-3031-0983,14011.86,312.82,280.82,968.0,13477.73,4628.15,3772.7,36,2023-07-12
C10648,1530-7926-1761-2104,3288.68,3955.44,2667.69,2291.56,30108.42,2183.36,448.78,16,2023-06-03
C10649,6924-5819-6211-2201,12438.94,1650.43,308.02,442.75,42508.05,1148.57,252.83,30,2024-12-24
C10650,4781-8991-5751-8040,8564.91,1613.43,1185.99,1222.22,14680.26,7993.78,111.64,28,2023-03-11
C10651,5791-2324-1527-5163,19420.28,276.15,270.39,1397.46,44190.58,4344.31,3742.01,11,2024-10-28
C10652,0986-3401-9583-1675,5753.87,1891.6,1386.69,414.21,48131.09,4976.17,2228.55,31,2024-04-12
C10653,7451-6658-3760-7234,4331.92,3824.9,3411.71,143.12,39973.46,1284.67,616.35,35,2023-07-15
C10654,9515-4088-3928-9669,14395.99,4283.25,2937.86,2397.78,9300.93,10844.7,1499.43,25,2023-01-11
C10655,8929-8609-2217-9643,6317.86,3484.45,2789.74,2838.87,44716.91,891.88,805.6,1,2023-09-06
C10656,2704-6068-9133-0657,8660.65,997.45,804.75,1761.12,10246.96,3328.99,402.21,24,2024-08-28
C10657,6633-3797-9646-3103,2841.62,3061.8,1429.04,1365.85,8240.28,762.58,139.03,4,2024-07-11
C10658,2295-7942-8770-7905,1640.63,4065.58,3904.46,1359.54,6498.74,1381.0,811.45,18,2023-03-29
C10659,1280-8535-4685-0544,11615.75,2055.98,895.53,2910.09,20928.03,7419.19,2802.75,17,2024-03-02
C10660,2949-0553-6500-5337,4581.85,3579.47,2511.17,1700.69,45709.62,3205.04,2245.04,4,2024-09-27
C10661,0724-4830-3102-4747,8233.44,3780.01,1798.44,2315.37,7400.94,1050.2,505.62,13,2023-07-17
C10662,5484-9735-7296-3170,8303.18,554.7,50.6,2046.93,21264.35,2543.8,49.47,6,2024-09-01
C10663,7909-2351-8269-5596,11521.39,4062.3,540.68,2795.29,6583.1,7979.49,5133.18,27,2024-01-26
C10664,8967-1868-6165-3094,15062.86,4849.69,4842.45,1880.02,22093.54,10065.27,9572.97,22,2023-02-05
C10665,6869-6949-6034-1983,2616.39,3416.7,1426.95,2874.05,30640.12,132.03,59.92,8,2023-06-02
C10666,3394-9285-6027-1357,8229.09,1768.37,1016.42,1133.79,49817.15,2762.37,2192.18,1,2023-10-26
C10667,2854-0735-4445-5085,10125.71,1703.76,820.59,166.26,11869.67,9340.78,6808.2,23,2023-06-14
C10668,7683-2880-0730-2387,13941.8,1706.2,1188.37,2474.36,40090.08,2095.87,1779.83,7,2024-03-17
C10669,5194-9668-2726-5291,4779.26,688.86,435.27,2811.58,48133.87,4444.84,1984.44,4,2023-01-19
C10670,9072-9152-3222-8154,8708.49,2242.57,828.26,1554.0,12537.24,8645.21,3698.1,18,2023-03-06
C10671,5520-1248-2915-2921,3269.92,2529.19,96.04,357.6,46527.34,2468.84,272.37,28,2024-11-05
C10672,4645-0692-3688-9004,14059.54,2465.19,1726.72,171.06,49893.24,1736.07,900.38,33,2023-05-20
C10673,6609-1595-7531-6867,17370.1,1401.53,255.26,2514.3,44136.42,3142.6,2378.72,30,2023-03-03
C10674,7725-1384-8431-8277,8046.6,2078.48,739.92,124.69,39722.93,6813.88,1618.58,17,2024-05-06
C10675,7399-9675-4130-0242,13004.44,1831.05,1821.75,1418.96,40848.25,2810.73,1833.09,13,2023-05-19
C10676,7919-2263-4391-1092,13194.11,3839.66,1253.27,1718.28,47308.45,3711.53,732.57,9,2024-01-14
C10677,0124-5873-2567-6567,5560.76,4820.03,3812.75,1388.37,14916.06,261.16,114.13,12,2023-11-07
C10678,3665-5321-6598-3386,10153.27,1917.0,1372.68,1768.89,33831.46,9971.32,903.75,3,2024-01-23
C10679,1151-7007-9728-5055,12923.88,4999.83,3600.56,2872.38,28605.8,9397.96,2066.48,11,2024-07-12
C10680,7346-0247-2304-1124,5639.86,740.03,197.79,1862.14,28955.01,1359.88,1285.09,29,2023-10-27
C10681,3867-5206-2626-9697,13973.56,2923.85,1356.69,2372.99,27080.03,508.14,311.88,12,2023-10-23
C10682,9142-8026-9576-5606,4698.27,2920.69,1309.79,1147.79,32682.45,994.44,652.06,27,2024-06-25
C10683,4850-8115-7029-1083,13165.42,4670.74,654.75,521.01,29607.3,12498.14,7211.63,32,2023-05-26
C10684,6012-1214-3337-5300,13448.15,1939.83,1414.67,917.66,46504.59,11916.16,5319.08,7,2024-05-16
C10685,8314-0940-3438-7486,16908.94,244.86,69.53,1965.17,19068.8,6516.81,3644.29,16,2024-07-31
C10686,5439-2412-8548-9665,19034.01,3124.91,994.97,2028.01,45253.27,7091.58,3183.82,35,2024-06-13
C10687,8251-3939-5238-2936,3193.19,4114.34,397.43,2382.22,38920.93,2539.5,2212.04,33,2024-03-14
C10688,2141-1008-3373-5014,9877.86,2344.45,1851.56,2592.26,48926.59,7103.61,2715.18,7,2024-02-01
C10689,6017-1204-7166-7876,3700.75,2636.6,302.41,1380.62,33460.87,1770.53,1340.72,35,2023-10-23
C10690,0470-5986-7106-9884,6328.02,786.76,249.11,387.16,7720.98,6019.78,3668.88,15,2024-11-18
C10691,7856-0244-0818-6482,1009.95,988.18,631.03,2896.79,47710.85,375.55,63.91,14,2023-07-16
C10692,6332-9532-9722-9173,1548.19,2114.79,176.35,2433.8,11805.13,1190.96,914.91,13,2024-12-11
C10693,5312-3283-9096-2793,12771.66,3132.02,1600.93,2987.55,5008.41,799.6,653.91,15,2024-09-07
C10694,1216-3459-1558-4838,6159.41,2994.16,2000.71,2146.78,27273.84,5166.98,3256.19,13,2024-07-20
C10695,1920-8260-8623-4015,12112.9,294.03,49.35,2856.55,48894.8,1603.06,320.24,20,2023-05-28
C10696,8352-5583-1951-1682,19980.09,1135.89,183.19,1406.87,44991.3,15744.91,15280.47,23,2023-10-02
C10697,4994-5794-0116-2968,2630.94,3434.59,688.76,2836.34,33320.16,1879.95,1147.31,33,2024-11-18
C10698,7135-6876-5480-0083,4795.27,2771.94,809.35,677.38,6448.23,3295.07,2047.03,14,2023-12-29
C10699,0283-5526-1671-1393,19133.06,1944.0,1880.38,932.28,23869.75,8955.56,2117.96,25,2024-02-17
C10700,9949-7354-0554-6758,3754.0,2471.37,1777.97,292.95,36512.79,1426.38,1087.31,4,2024-09-15
C10701,7280-9357-7830-1763,3211.46,2188.64,909.86,2559.06,28549.73,1422.62,910.28,1,2023-08-10
C10702,4401-7917-5313-4594,3932.18,516.46,497.09,878.09,24163.68,326.91,28.89,13,2024-12-04
C10703,8509-8744-5575-9035,17335.04,3685.34,2273.72,288.71,27930.0,11680.2,5119.23,25,2024-09-21
C10704,1900-5660-2890-4548,13662.49,3177.95,2251.26,2768.2,38938.77,1508.32,804.32,6,2023-01-22
C10705,1460-7783-7592-2449,15144.58,2583.03,685.79,1487.83,40397.76,5548.49,3085.16,13,2024-08-24
C10706,5101-7213-1800-8647,7805.75,3775.44,564.07,2040.38,18231.47,1510.68,111.85,12,2023-07-17
C10707,2203-4413-3264-0272,15183.14,1477.45,433.79,443.63,17646.58,8147.54,5082.57,33,2023-01-28
C10708,7805-5547-5859-7273,14434.97,382.91,306.05,477.17,36423.63,6845.48,136.93,3,2024-03-02
C10709,4222-4224-6537-2168,17141.88,2605.74,1298.47,1255.43,10379.01,11265.92,2981.29,21,2023-04-11
C10710,7238-2226-5334-8003,6168.94,3876.82,354.7,9.75,34005.66,5530.72,512.44,27,2023-04-16
C10711,7913-7882-6875-6579,16409.18,1160.78,401.74,693.01,38328.5,9629.6,8378.74,7,2023-01-04
C10712,8824-9097-0936-8035,18646.85,2376.34,759.11,1698.44,41842.15,3890.25,1226.71,27,2023-08-17
C10713,9421-8929-6064-4260,9840.12,3835.86,2535.53,216.55,20977.32,8725.38,4686.51,7,2024-04-27
C10714,6589-8483-4354-6801,12544.8,4516.19,143.56,1169.47,42867.25,1045.34,941.02,14,2024-06-08
C10715,2355-3359-5717-3762,13959.47,4546.1,4407.78,95.5,11535.97,12832.88,10884.44,27,2024-10-18
C10716,7324-8452-1174-3230,16152.25,2537.69,1999.96,2995.91,46178.29,11357.21,6880.39,29,2023-07-02
C10717,4874-9113-3757-1187,10018.51,3977.13,823.49,2946.82,11680.32,433.66,174.68,4,2024-01-02
C10718,7105-8690-8545-3449,4169.01,2976.12,253.96,97.26,24882.6,1345.98,1279.12,22,2023-01-27
C10719,2722-7262-1840-9973,17830.94,4168.77,3774.03,851.14,32916.99,10261.8,8730.87,32,2023-04-27
C10720,1845-8200-2242-5311,826.86,1469.14,737.03,2506.44,5634.61,129.5,110.27,13,2023-05-01
C10721,0686-0549-7435-2404,7890.68,4064.62,1657.15,1372.65,26422.33,4089.47,3039.77,29,2024-10-21
C10722,6112-6573-8113-4339,3751.81,4926.24,3498.48,2764.69,6013.57,689.41,631.47,23,2024-04-06
C10723,7909-2273-6005-9154,14936.85,2618.96,2384.32,317.64,9576.56,11449.01,8057.27,15,2024-06-24
C10724,0414-6849-1409-2363,14919.78,3266.68,1591.62,276.38,11719.48,12114.85,4060.9,1,2023-10-14
C10725,0318-6991-7462-9138,8362.38,1377.78,851.33,2536.51,41954.05,3203.98,2299.63,3,2023-11-18
C10726,1097-3813-4683-6278,18012.31,1398.93,559.07,1883.11,17539.69,12797.65,2073.23,6,2024-03-04
C10727,5300-9282-0964-8079,4841.41,1122.18,693.5,1107.16,48611.29,4685.81,4666.56,6,2024-02-22
C10728,7847-9261-3535-7028,19877.72,2363.79,1776.47,2012.08,46697.53,5717.58,4175.25,20,2024-02-01
C10729,6124-7243-0824-7092,2760.81,1965.0,1549.2,1533.03,39548.17,79.1,52.42,21,2024-12-20
C10730,5201-4089-0475-2260,2463.34,1280.86,258.07,1007.79,11888.44,1076.66,269.23,22,2023-09-10
C10731,9993-7774-4840-9183,5808.59,3821.23,1561.95,1400.99,20802.02,5655.99,3895.58,36,2023-09-05
C10732,1965-9558-8853-0213,11922.69,2725.93,2021.0,2147.31,25890.01,11345.03,7812.64,1,2024-03-06
C10733,7266-5773-2934-8794,17852.49,1400.8,1052.48,2562.44,14512.98,10058.62,8269.35,11,2023-02-04
C10734,9488-3219-8329-8002,11494.21,3322.12,1544.6,2870.47,35515.4,9033.15,3276.86,23,2024-09-12
C10735,7218-2839-6420-3477,5198.67,3000.68,509.8,2989.6,29230.52,4263.79,2115.33,17,2023-09-14
C10736,2428-8701-6342-8447,14501.64,3297.52,799.11,2271.34,7422.98,13135.68,10897.08,5,2024-03-18
C10737,0289-6980-5572-3628,16609.23,4782.58,978.62,1277.58,7063.25,9309.6,6606.42,30,2023-01-30
C10738,8519-2024-7988-4340,1742.77,3828.35,761.74,1472.33,19185.51,114.72,24.44,4,2023-10-27
C10739,0436-0879-5876-9770,19881.72,2549.08,315.96,2244.99,18861.94,4536.67,488.83,2,2024-08-25
C10740,6048-9847-9372-5444,4036.32,3002.59,2042.42,478.1,5692.14,3267.31,1538.95,20,2023-04-21
C10741,9162-2742-2581-6907,6490.41,3399.85,2078.83,1696.81,41014.18,599.7,469.52,20,2023-08-19
C10742,6690-9969-1844-9835,7537.68,3937.73,72.61,2226.78,43768.31,3929.61,973.49,23,2024-06-07
C10743,9369-3306-6390-8642,6039.31,1707.03,747.2,1954.22,30166.04,3674.27,1985.32,2,2023-03-27
C10744,0633-0248-2191-6378,2189.03,1554.29,89.79,2836.11,21786.12,318.0,164.27,21,2023-03-30
C10745,2008-2122-1068-4314,19429.74,4715.88,1490.23,1746.32,25036.45,9600.41,8011.94,5,2023-09-03
C10746,3221-4717-8063-9132,18638.83,1996.76,375.62,2892.81,30371.19,2250.98,1662.05,1,2024-02-19
C10747,0591-0656-4532-0899,3722.02,2008.08,1493.85,2983.73,47479.17,1997.02,507.21,12,2023-01-31
C10748,1940-0318-1464-5411,4806.3,1750.59,495.24,1767.48,12332.55,3677.18,866.3,6,2024-02-14
C10749,9753-9570-1199-8296,15320.36,4339.67,1263.26,1617.76,12901.24,9280.58,6978.54,12,2024-01-10
C10750,1336-6191-0043-2503,5340.7,3929.46,387.47,1397.17,24361.99,4931.2,4718.01,32,2023-07-02
C10751,4589-4290-0170-2961,7832.61,1034.22,870.89,2141.34,31355.97,2247.43,1677.25,24,2024-10-13
C10752,0587-1863-8372-6282,14195.99,2635.72,257.17,2476.84,47295.13,6947.76,2638.37,22,2023-12-15
C10753,5375-3446-3845-1694,13618.3,1776.57,1719.67,2301.68,27587.88,4326.5,3864.02,22,2023-09-23
C10754,4176-2659-7048-3019,18548.2,430.5,103.65,396.37,5088.57,17499.73,16245.83,4,2023-07-16
C10755,2769-0631-2236-7688,18242.13,1427.77,948.37,453.32,22955.8,12046.1,10757.45,21,2023-03-20
C10756,4604-1956-6583-9295,5749.22,3378.04,325.55,673.04,37103.03,2172.98,206.35,35,2024-10-30
C10757,5665-9196-6713-7295,18050.83,3881.27,3633.02,701.79,37864.46,11324.53,1577.34,18,2024-01-07
C10758,9776-0482-9606-4417,8640.97,1142.04,1139.76,1858.52,6180.4,2406.22,2376.56,17,2023-03-18
C10759,0916-2245-3438-0480,15024.73,4296.37,3372.43,2068.48,10522.39,11732.75,8744.85,10,2024-06-04
C10760,8274-6882-8755-7553,3504.59,1003.92,240.28,2459.99,32978.42,1831.26,416.36,36,2024-03-09
C10761,4354-1020-7876-2119,1039.13,3872.4,2839.0,1992.7,23816.85,1020.3,820.99,36,2023-04-26
C10762,4634-5107-9975-0163,16076.99,2279.63,843.03,2244.46,44192.88,3391.18,1775.53,17,2024-12-08
C10763,6195-0643-5900-7262,6694.31,287.59,95.37,1459.16,32089.11,3097.21,776.93,21,2024-02-01
C10764,0873-5862-8061-0385,17943.55,872.46,684.05,1161.07,36945.56,17882.47,2460.81,5,2023-08-07
C10765,9790-9934-4432-4119,1116.76,3627.71,1367.52,747.42,48548.41,240.85,24.67,33,2023-02-25
C10766,5633-5123-0485-2598,10035.31,4543.47,446.16,1899.45,37865.82,7699.48,6829.81,2,2023-12-04
C10767,2113-0724-6103-0244,6762.81,194.38,44.55,2282.81,37282.01,3227.17,800.86,2,2023-04-29
C10768,8668-2153-0692-6660,11883.02,4904.19,3829.35,412.29,46571.64,4648.69,38.96,31,2023-01-17
C10769,7024-4420-3640-2535,5581.22,1006.11,120.96,439.31,31919.77,3870.88,2952.18,26,2023-07-19
C10770,4016-9653-5033-8489,11861.12,2170.87,495.78,865.86,18114.09,6549.15,5017.76,25,2023-08-04
C10771,5320-6091-6688-2874,1298.25,3252.18,318.53,2618.85,19322.51,672.15,296.63,18,2023-04-19
C10772,2791-9599-6241-0331,18677.08,2596.49,1042.39,1042.45,29564.62,990.1,583.1,8,2024-05-10
C10773,6371-6252-0697-6925,15102.3,3798.1,246.01,2546.31,43468.48,2718.13,2439.35,35,2023-02-02
C10774,1991-0996-0318-0071,10078.09,4892.79,1818.18,2706.47,10811.92,5086.51,1648.36,35,2024-01-20
C10775,3763-5106-0377-7680,3381.35,4545.32,2968.17,1676.89,18535.43,1216.2,384.09,8,2023-06-01
C10776,8608-3678-1494-7334,3800.65,2978.33,1225.36,2798.9,44616.31,638.56,79.22,2,2023-11-10
C10777,1119-4759-4178-9622,5673.84,3292.26,847.05,2880.96,37719.17,4300.12,1017.22,1,2024-10-16
C10778,6949-8147-5884-4931,10324.58,3033.16,1493.51,1552.56,11562.28,9995.52,5773.14,11,2024-01-26
C10779,7720-6569-6526-1144,8072.25,1348.52,847.8,1517.38,40325.23,5619.61,1032.44,14,2023-04-28
C10780,1203-6145-3495-1640,1475.36,497.15,124.44,2033.29,46780.68,494.71,254.53,26,2024-05-20
C10781,5962-2637-6431-1223,4674.15,292.02,191.84,1995.04,41883.56,3422.26,3399.21,15,2023-08-25
C10782,8889-5865-8432-5143,10660.35,2187.78,560.99,1475.88,43188.06,4399.65,822.11,34,2023-04-10
C10783,6517-1627-4455-8239,8084.1,2904.67,493.61,691.84,34424.76,6938.39,769.84,1,2024-09-26
C10784,8247-7490-2180-5220,10245.75,1550.17,1219.97,1267.27,33181.38,3800.99,2182.26,23,2024-11-27
C10785,3320-6169-0490-4249,3791.38,2406.64,2019.71,2445.17,20136.87,2198.8,1222.31,11,2023-04-15
C10786,1858-1795-3069-7263,8912.65,1911.96,976.14,573.12,40122.14,3880.77,1451.56,4,2024-02-03
C10787,8720-7961-0005-1692,14190.08,4238.32,904.49,1965.54,8139.47,5324.34,2573.92,20,2023-03-19
C10788,7092-7298-6105-0318,12739.07,3313.52,345.14,1170.58,19344.13,5298.54,4660.67,3,2023-02-26
C10789,2717-8963-8875-1390,13282.85,4770.83,2328.53,454.93,26207.36,6835.3,2780.86,25,2024-12-17
C10790,3947-9935-1769-3158,8172.69,4701.29,249.83,2854.48,13772.88,3349.39,868.84,2,2024-08-30
C10791,8757-7688-1683-2524,8013.75,1640.25,1002.18,2438.17,49834.34,3817.54,3775.91,8,2023-04-21
C10792,8220-5024-4505-7046,3367.92,265.39,147.94,525.6,41420.73,2441.52,1798.82,30,2023-03-13
C10793,7242-3517-1114-2719,16443.35,1884.63,1514.39,1907.96,6382.89,9743.76,4299.64,7,2023-07-18
C10794,2606-8124-7880-0854,4549.62,4200.56,1711.29,727.13,30257.68,1073.44,561.57,10,2024-05-26
C10795,8682-2550-0354-7106,14135.03,812.03,782.42,1375.15,21332.7,4919.75,724.86,20,2024-08-20
C10796,2214-4504-8277-3835,13853.21,2124.43,1059.87,2019.72,34544.0,5476.18,4181.06,23,2023-03-23
C10797,4122-8193-5299-6029,17364.9,288.49,49.58,1600.49,25852.62,15459.46,6892.6,12,2024-09-01
C10798,9855-0925-7065-5554,19306.56,4130.66,2249.7,2683.37,11969.53,9485.18,3050.91,36,2023-08-04
C10799,8154-3257-8151-6431,11911.91,590.53,458.63,2650.31,21312.0,8047.75,8014.57,3,2023-07-05
C10800,7695-5154-2519-4436,2308.51,1172.15,681.61,222.54,6883.24,392.86,133.05,14,2024-01-12
C10801,6039-1663-2175-9927,8008.84,284.9,224.73,2356.28,25384.86,5543.3,3047.69,3,2023-07-20
C10802,1623-9368-5753-4971,12882.19,2077.37,790.03,2311.77,18767.94,9935.01,6641.9,35,2024-05-24
C10803,3481-1424-8233-6952,3661.68,368.7,92.61,517.94,23798.93,747.35,572.36,1,2023-07-02
C10804,6596-1412-9970-1671,13755.1,3822.4,1268.75,2050.83,26043.3,9472.94,5175.01,9,2023-08-26
C10805,7367-2170-1832-0402,16950.63,4088.49,3061.14,299.22,27388.25,6952.47,1545.17,17,2024-01-08
C10806,1243-1049-0489-9096,1758.47,1600.03,1197.58,385.32,47058.95,547.21,289.45,32,2023-09-29
C10807,9954-1957-9476-5795,19721.08,2088.02,1241.55,1380.69,9046.99,5502.66,1312.05,4,2023-10-07
C10808,0427-8751-7122-2251,12323.89,4640.67,1928.71,1204.38,10791.35,9059.11,3528.63,36,2024-10-20
C10809,2093-6958-4740-7046,15466.23,3394.39,2597.11,485.4,11457.87,10542.41,3074.88,22,2024-11-07
C10810,0691-0678-7981-2872,10622.47,2411.29,2374.8,2139.46,5344.79,8835.45,1410.53,12,2024-02-20
C10811,5811-3726-1173-6280,13393.06,4972.03,4090.36,1502.73,22422.93,7694.31,3421.95,19,2023-11-12
C10812,6907-1444-3370-6246,14965.85,1721.8,846.3,89.61,18876.79,4116.46,890.41,35,2024-12-05
C10813,2524-0371-0765-2659,2903.76,1810.67,1643.68,2575.56,5294.81,2408.2,1692.53,29,2023-11-14
C10814,5892-5049-6013-1255,6048.24,287.75,211.61,666.21,16432.51,3426.45,3332.73,18,2023-08-22
C10815,2296-8510-7706-0645,18333.19,549.96,477.95,2763.63,22072.57,15764.11,12289.2,27,2024-12-14
C10816,0230-1136-2362-4936,18428.84,1539.05,1111.66,195.81,43461.83,1598.63,215.49,26,2023-09-18
C10817,4196-7828-0813-4514,7085.02,3540.8,2762.44,2638.2,41602.98,478.04,472.05,20,2023-06-23
C10818,8591-1522-3772-8218,13701.71,2254.54,961.2,2898.72,26462.95,9071.97,6364.01,9,2023-04-17
C10819,1874-6312-1522-0961,3698.09,3533.57,3393.49,2288.47,34555.03,3661.08,2644.8,28,2023-10-02
C10820,0761-7221-6725-5765,14319.75,4796.28,4443.55,300.01,7255.78,4719.11,2986.5,28,2024-05-23
C10821,4003-3002-2783-8979,19681.79,1827.01,747.72,1149.81,15320.65,14918.51,5187.07,13,2023-05-21
C10822,4037-4693-9486-1630,12528.97,4238.18,2524.36,2765.88,41539.21,2391.8,594.35,28,2024-09-29
C10823,9658-5444-8938-0578,16654.64,4792.47,2556.42,1048.58,33092.47,12376.57,3898.28,10,2023-07-14
C10824,7701-3706-6858-0506,18950.74,4384.76,1567.06,2385.25,19365.41,14609.86,824.02,7,2023-11-02
C10825,5334-9383-9367-0593,5295.0,2200.73,519.93,2629.9,17646.44,4166.0,3754.85,16,2023-12-05
C10826,2385-0825-4370-2487,19413.3,4231.31,1544.06,2504.73,8061.07,1574.23,1048.08,13,2023-09-04
C10827,5670-6178-3702-8125,6336.89,4812.33,4271.87,137.22,32246.29,147.27,59.0,32,2023-12-10
C10828,3434-2058-6453-6449,11791.11,4126.14,1308.02,185.33,31921.57,9260.6,1705.94,17,2023-06-20
C10829,3823-6934-8797-0697,15995.72,3354.93,123.99,2117.43,5105.18,9353.93,782.83,16,2024-10-14
C10830,5620-4073-9453-1810,17132.58,1910.63,781.12,435.09,27416.25,8969.07,1273.9,32,2024-07-26
C10831,6057-5514-7498-1491,11485.66,2654.87,1846.16,436.64,48946.0,8174.61,1279.56,7,2023-06-15
C10832,5412-3787-7908-8878,11907.33,1235.8,697.29,1729.57,34139.41,3557.15,2885.02,9,2023-09-13
C10833,4486-7299-2760-2610,19082.4,4416.43,984.4,541.21,10521.19,10671.28,7906.16,27,2023-05-09
C10834,0740-7485-6117-1318,14352.19,4889.78,3397.83,433.13,24824.29,8804.48,5823.34,36,2024-09-12
C10835,9341-1344-9184-9128,10183.68,4738.39,3335.73,591.94,41350.91,852.22,293.64,7,2023-07-04
C10836,4438-9004-6022-2874,10316.82,1353.04,131.17,2742.5,35433.91,1532.35,1268.34,5,2024-08-16
C10837,5716-5478-8647-6998,19275.84,1997.08,1513.5,427.26,30111.73,2620.15,450.8,15,2024-01-25
C10838,4569-3740-7099-6471,11448.29,3388.45,2131.71,1611.45,34460.95,8819.91,1674.42,27,2024-11-06
C10839,1839-7157-1667-3629,19825.68,1176.83,79.93,2201.09,21418.43,364.48,14.38,2,2023-01-20
C10840,3187-4364-7723-5335,5519.73,2991.01,290.94,199.39,11168.03,5217.46,2436.82,8,2023-08-13
C10841,2486-2809-0116-7391,15523.84,4520.31,205.78,1725.96,18736.05,3776.46,1894.94,28,2024-03-16
C10842,4603-3525-7348-4357,2848.54,383.97,238.5,2817.1,33154.15,2355.07,511.0,14,2023-02-22
C10843,5367-0516-9239-3956,2714.52,3127.21,91.2,2555.82,48789.63,557.62,78.17,9,2023-11-26
C10844,2111-3292-8551-3592,7473.67,3549.93,749.22,958.71,20888.6,5891.25,5805.72,29,2023-10-09
C10845,2467-4446-9324-8654,4029.06,4629.59,3311.39,890.35,32365.67,418.2,21.22,19,2023-10-21
C10846,8838-1424-8588-9755,4269.58,1188.07,575.52,2968.32,5218.71,2145.58,1509.56,32,2023-11-14
C10847,7484-6396-8155-7080,15423.21,177.93,113.72,12.43,40537.14,1921.72,118.73,22,2023-04-18
C10848,9015-9101-8206-7712,17823.78,1863.43,1473.0,2110.53,12510.96,4722.59,273.23,31,2024-01-12
C10849,3728-3642-6828-5397,5843.24,4387.93,2011.24,491.65,35186.49,1832.1,217.57,34,2023-07-27
C10850,4636-2883-7646-5721,6658.71,3252.55,1345.23,2220.12,41344.68,1815.77,1445.69,13,2023-04-17
C10851,5387-6941-1324-7965,5548.59,1040.99,369.26,1386.21,49733.27,3598.77,112.57,35,2024-08-28
C10852,2707-8847-5832-8755,10221.11,3543.84,2099.35,761.61,7214.93,7403.43,6731.56,19,2024-06-22
C10853,3964-5035-9063-9522,1148.78,3372.31,3088.06,455.04,10914.33,590.2,239.87,10,2024-02-27
C10854,8920-8166-7041-8662,6191.33,3926.19,1135.65,286.76,49383.82,3809.18,3061.07,15,2023-11-10
C10855,0299-4593-3951-4174,4962.33,2663.08,977.6,2231.37,36295.38,4731.97,3069.26,20,2023-08-27
C10856,5792-2774-0883-8052,15469.57,4896.4,276.17,893.33,37844.65,7985.32,4267.24,4,2024-06-05
C10857,2964-6000-2464-5472,19391.7,3103.8,1580.08,832.76,44445.59,11661.1,6780.7,2,2023-07-28
C10858,7373-7234-1385-4244,3206.18,4227.41,183.65,259.04,46248.35,2430.22,1822.41,3,2023-09-14
C10859,6827-0467-0034-8829,11740.89,3018.83,384.72,2392.83,31982.69,648.14,190.5,32,2024-04-19
C10860,3025-7308-1653-2566,18298.44,1967.76,1701.98,427.32,21190.3,8975.08,716.85,21,2024-10-09
C10861,9885-5298-4969-7553,13437.84,299.99,3.43,1029.91,43359.37,501.62,427.51,35,2024-11-08
C10862,5593-6156-7097-8794,826.16,2187.51,1209.74,2351.0,39418.44,105.96,75.82,35,2024-07-06
C10863,7154-5945-8302-1401,6823.34,3889.17,1484.08,2223.9,29008.1,1078.15,1064.57,36,2023-07-10
C10864,6370-5572-5100-8958,7214.97,4846.67,3868.35,1842.74,10871.39,6675.5,6181.48,15,2024-01-13
C10865,6003-2219-2098-4588,4756.7,830.91,240.12,158.3,27336.94,2349.89,586.72,19,2024-07-19
C10866,1892-0365-4135-6404,4780.5,3950.19,798.49,1585.46,7664.39,3495.71,868.36,11,2024-03-06
C10867,0481-4698-6255-5849,8021.12,3002.99,1284.14,1313.89,17634.15,1351.67,578.46,28,2023-01-15
C10868,8763-1725-4846-7300,19568.2,4161.0,543.91,2245.23,37799.74,6606.31,1837.35,18,2024-02-01
C10869,1242-6637-1352-4043,15430.12,379.41,8.3,556.07,21683.67,15061.5,3101.68,7,2024-01-20
C10870,4879-8252-4711-6623,2857.14,2530.03,1146.95,2075.57,39987.21,455.97,78.61,15,2023-04-10
C10871,0010-4446-3834-2481,14803.75,4254.96,2529.16,2786.49,23283.15,13688.46,11610.19,35,2024-06-27
C10872,9874-0401-3741-8499,16596.61,4525.16,4058.73,572.63,43169.28,3308.47,1194.86,15,2023-08-23
C10873,6281-3247-8616-0832,6613.79,817.79,622.7,1978.46,44960.65,4072.43,2639.0,34,2024-03-05
C10874,8038-5143-6353-9278,17315.95,2565.73,1680.95,668.89,6589.88,12945.76,10083.34,36,2024-09-24
C10875,9178-6495-0413-9821,10866.3,4280.7,897.03,1554.23,15692.4,9862.15,5977.69,24,2023-01-16
C10876,1273-7652-8150-7353,16727.16,3288.94,2320.8,2716.59,22646.6,15689.85,4861.42,12,2024-09-23
C10877,6303-5043-6312-6069,18505.07,300.96,16.1,2530.57,40571.49,9650.87,3349.27,28,2024-05-12
C10878,5359-8366-0663-8000,8813.44,2482.07,2058.54,862.41,30034.76,5976.85,4829.65,17,2023-08-20
C10879,3901-2532-4881-6117,14498.94,2757.57,1485.92,1632.69,45543.75,7328.13,5538.05,36,2023-01-15
C10880,5652-8646-5919-9786,3583.64,259.0,74.62,2912.35,19984.6,1712.81,1061.87,12,2023-11-28
C10881,9843-7741-8120-3811,4052.13,2796.91,2595.22,2679.19,19871.34,2652.12,1643.26,36,2023-11-24
C10882,6490-0530-1067-2146,13120.93,3190.02,783.03,753.96,11159.35,9549.2,36.91,9,2024-06-11
C10883,0297-3110-3995-6128,10465.46,4343.77,1620.71,1324.77,47444.95,6508.16,2553.28,8,2024-05-18
C10884,9946-8019-5479-2610,11852.01,4778.85,4273.27,2006.96,44741.42,10828.7,3187.32,4,2024-09-30
C10885,9207-9226-5607-2609,6579.68,2820.51,858.16,2925.98,12681.12,4504.72,1918.58,19,2024-07-10
C10886,5573-0154-3744-7121,10583.44,2604.55,2214.79,2907.41,36412.64,8213.18,5156.95,4,2024-02-13
C10887,7722-2060-0668-4322,797.8,373.62,82.19,615.58,38778.19,573.26,276.8,17,2023-08-23
C10888,3258-2715-6551-9215,16919.58,4912.49,444.21,751.0,18359.8,3300.07,1941.3,24,2024-09-17
C10889,3974-6111-6567-2864,4713.05,4234.1,4174.85,2441.72,20254.0,2473.36,2133.7,1,2024-08-23
C10890,4315-1242-1906-4684,4851.65,4163.93,1268.16,160.66,17544.19,2562.45,1600.36,6,2024-04-04
C10891,3957-6079-4562-5792,8732.73,2446.76,378.94,1291.46,6111.94,8587.29,8412.34,16,2024-09-04
C10892,9361-3630-5690-1636,13121.42,4109.04,3987.52,902.81,25847.26,1710.87,1345.22,24,2024-06-26
C10893,2642-4480-2196-4032,10425.26,1266.93,869.44,1448.12,11194.26,9540.06,755.3,11,2023-05-02
C10894,0376-0235-2418-7122,10414.95,419.41,257.87,2548.42,25902.9,8042.77,4517.92,1,2024-11-29
C10895,6541-3911-0303-0375,6206.35,2445.38,1816.81,2649.01,30114.78,5663.95,3106.03,17,2023-11-11
C10896,8368-6209-6462-6181,9522.64,4797.57,4448.65,2002.3,29053.06,2060.66,1046.57,24,2024-08-31
C10897,3844-0775-6866-7392,5390.32,1345.28,749.04,1336.96,39570.36,1698.2,865.55,11,2024-03-26
C10898,3076-7253-7864-8811,4924.6,1900.42,605.8,1572.64,5401.19,3315.46,1742.22,5,2024-09-01
C10899,0546-2592-0376-1513,11140.86,2765.15,1699.91,2530.62,14674.86,5681.11,360.79,33,2023-03-08
C10900,8418-9648-1306-0383,3143.18,1578.52,678.0,389.36,12895.27,1231.55,825.14,14,2024-08-28
C10901,4813-7274-3789-6437,9376.6,3228.51,2540.37,1716.01,8859.62,2222.86,1952.38,19,2024-06-16
C10902,9818-4596-5320-3473,5028.74,1203.07,79.56,2942.89,27986.92,4717.48,2649.2,9,2023-06-22
C10903,2072-0009-7712-9950,19965.38,890.44,48.52,1568.29,10026.88,11798.73,9456.12,10,2024-08-17
C10904,6991-2529-7040-8740,6717.09,3808.24,13.94,1094.52,9809.98,3540.45,1018.58,8,2023-05-18
C10905,8554-1146-4999-5553,11551.99,4828.68,1373.62,96.58,9345.09,1021.42,239.61,20,2023-08-17
C10906,3712-2210-3279-0318,19611.11,2564.58,1534.76,2477.59,39291.53,14012.26,8967.94,5,2024-12-16
C10907,8579-4695-8978-8977,12869.8,3725.84,3153.93,1515.72,21251.33,7554.14,1211.7,22,2023-01-21
C10908,0733-9018-0545-0381,8469.6,1876.89,430.61,1070.97,16587.18,1500.3,1120.6,25,2024-04-28
C10909,0393-5710-5897-3678,4470.32,3421.41,2826.8,1030.47,35232.37,2442.78,2038.58,8,2023-05-01
C10910,9525-0135-4302-1500,874.88,3204.66,1206.92,1344.3,25067.13,654.04,488.63,2,2024-07-14
C10911,6544-9115-9237-6564,12309.14,722.53,366.13,1792.72,27994.08,141.4,136.69,6,2024-06-04
C10912,8358-0998-2748-1973,785.61,4195.58,3245.22,2494.9,27939.1,435.11,103.41,18,2023-04-25
C10913,6742-0629-1678-4318,8182.73,1055.81,160.42,581.13,8563.87,7428.25,4114.47,31,2023-03-28
C10914,7498-9924-3493-5911,14598.19,3612.66,1578.6,2395.01,21195.64,6187.03,2956.41,28,2024-02-16
C10915,2002-6795-2271-5757,13414.74,438.74,341.17,2621.69,22728.01,7912.27,1782.34,9,2024-09-23
C10916,5506-1511-7031-5705,7448.36,2690.61,2326.09,530.08,30053.05,6588.07,4291.5,31,2023-09-02
C10917,2550-5914-7116-1454,6357.45,115.13,62.28,182.48,37627.4,1110.88,924.91,32,2024-05-15
C10918,0531-2445-3292-2508,13495.43,3343.62,2822.22,1024.48,44205.89,6141.65,3426.42,26,2023-02-16
C10919,9455-8517-9105-6070,9960.4,3099.25,2093.22,1839.88,9066.33,4434.88,759.18,3,2024-11-07
C10920,9973-3874-3564-8005,14311.0,4863.53,4207.48,1055.57,24890.93,12769.0,2544.39,14,2023-12-01
C10921,8027-7050-4259-1195,18162.83,2189.55,1017.06,1003.55,39912.44,4978.63,3827.48,4,2023-04-19
C10922,7354-3540-0226-2942,8671.98,4296.4,63.77,2030.67,29292.17,1360.42,384.99,20,2023-05-28
C10923,0291-3453-6378-1452,19534.89,2674.86,1203.73,379.6,27306.23,12782.18,9775.69,32,2024-08-16
C10924,3334-8905-1080-7926,5955.55,3242.19,2431.62,209.17,32410.08,1223.91,1023.92,1,2024-04-15
C10925,4737-3612-4571-9996,15946.33,1737.09,1617.63,2744.44,8536.36,6446.69,5853.24,9,2024-09-04
C10926,0836-7781-3037-3089,13176.0,576.79,459.64,1926.83,25449.89,2979.36,1734.08,16,2024-01-25
C10927,3403-4406-1596-3240,6565.19,3845.06,760.25,2079.38,14593.48,575.46,232.13,22,2023-11-06
C10928,3824-7302-0648-0129,19138.17,1032.37,450.03,2020.75,31197.6,16213.26,11308.59,34,2023-07-08
C10929,0878-7280-3208-2347,10378.02,154.15,124.44,925.92,45925.11,7401.3,6931.05,1,2024-06-21
C10930,4447-5075-4068-8515,14143.92,661.3,509.56,917.36,42279.84,13397.57,3448.53,18,2023-05-07
C10931,8287-1536-2978-4052,5337.69,2801.47,1924.08,1272.25,16026.88,4894.8,4394.5,9,2023-07-11
C10932,0127-4454-1867-0852,12369.06,271.75,88.73,2940.61,45778.75,9758.67,9465.29,7,2023-08-28
C10933,5017-8234-3579-6870,2819.28,2055.63,1242.51,2655.32,42868.09,1637.33,93.12,12,2023-06-27
C10934,1004-9128-3404-7395,5021.04,1701.89,1379.29,1790.81,40008.25,197.4,61.28,10,2024-08-18
C10935,8388-0048-3631-9510,10751.11,1871.59,1490.11,491.15,31111.27,4985.5,4204.71,17,2023-09-18
C10936,5754-4459-3027-1434,8346.34,1847.82,529.71,590.74,16777.36,5310.03,3009.93,16,2024-10-29
C10937,0515-2513-4040-3699,13744.63,2214.41,1820.23,2599.16,19714.23,236.6,30.75,28,2024-02-17
C10938,9449-2455-2399-4428,18562.09,3065.5,1950.89,1153.81,29860.06,13739.64,3397.54,17,2023-05-10
C10939,8673-5071-4830-3011,12960.37,4628.1,2150.04,669.28,38441.81,3077.43,1774.0,25,2024-06-14
C10940,2658-2213-5879-5098,18233.56,1561.59,877.77,552.08,21813.82,10157.07,4179.39,21,2024-12-31
C10941,6018-4694-9050-0359,19292.08,1644.37,1555.83,864.83,22848.87,4956.02,476.15,36,2023-03-14
C10942,9564-8137-6771-3015,5622.8,4218.89,3436.26,2724.97,11031.76,112.5,107.53,15,2023-04-10
C10943,6990-5088-9201-2059,2974.69,3832.91,747.38,858.18,37968.37,731.74,13.22,24,2024-08-22
C10944,6505-7364-8356-0948,12920.74,3326.03,2042.48,2658.93,49885.31,4961.37,4724.96,32,2023-12-02
C10945,6507-8635-5428-6868,13030.09,3116.25,1105.17,1240.0,43365.13,12688.63,8963.45,6,2023-11-22
C10946,7527-0096-2558-3248,6191.7,2448.37,1797.77,784.63,30201.2,2546.09,2544.43,29,2024-10-18
C10947,0168-3567-4020-9312,9471.98,4781.32,492.96,2663.49,32004.37,7162.91,1255.28,16,2023-04-11
C10948,4522-0235-4673-1739,4883.48,2854.56,252.99,1068.37,49016.77,1685.24,1104.3,32,2023-02-07
C10949,0197-2882-0749-2992,1977.23,3731.31,3361.3,103.62,11857.15,1815.35,300.0,22,2023-11-30
C10950,9476-3941-5737-1281,18326.91,999.71,281.9,2691.89,29955.3,5463.29,1288.41,32,2024-11-11
C10951,0973-0107-6001-4243,3470.33,2704.51,1339.0,2822.49,28265.42,919.15,331.65,8,2024-04-04
C10952,9941-1691-6538-5160,9330.38,2509.93,1967.01,199.69,7084.35,3074.07,1070.5,10,2024-02-01
C10953,8330-5238-9167-1859,19108.92,1813.45,1221.83,626.19,46674.11,10014.49,7713.44,22,2023-01-13
C10954,6709-2822-5432-2420,11170.72,4965.94,3932.5,1465.18,18435.82,1630.69,558.17,33,2023-06-20
C10955,3337-0933-3613-1995,5777.0,248.23,168.53,1495.19,30217.55,2072.7,159.9,35,2023-06-30
C10956,6666-1949-9058-8580,15607.09,395.21,284.88,2300.39,31447.54,15365.22,10168.34,31,2023-02-15
C10957,7167-3874-4552-5338,4170.38,3644.01,415.41,334.28,42293.9,72.26,12.13,24,2023-04-15
C10958,8011-9645-2433-7505,13146.66,1693.58,60.64,1247.32,21351.55,7899.5,1148.97,33,2023-02-18
C10959,6990-4458-3353-1351,11155.75,249.74,31.19,2923.31,30609.81,9210.75,6205.04,16,2023-08-30
C10960,0085-8620-2375-4180,3861.59,3593.21,1194.2,1779.8,35571.13,2961.71,2302.25,31,2023-05-08
C10961,9188-5772-3248-8910,19425.25,4469.52,1714.61,2678.66,17697.03,3773.58,2251.39,12,2024-06-04
C10962,1086-1627-9133-5772,9002.47,4107.63,2433.05,979.41,20428.97,3570.15,2792.8,17,2023-05-24
C10963,0710-7202-7751-6058,5730.69,104.07,58.54,134.35,15606.78,4689.42,4503.78,25,2023-10-18
C10964,2910-1213-8198-7835,19757.56,2553.63,252.45,2470.08,18585.71,13882.06,1926.57,11,2024-06-05
C10965,7387-6862-6004-8403,5129.75,3833.49,2635.2,289.2,32203.87,2347.18,2181.74,22,2023-02-28
C10966,0375-1041-9360-6212,8925.07,2848.19,2739.71,278.73,10844.59,2810.73,1815.31,1,2024-12-10
C10967,1600-0720-5858-5908,18221.03,4222.31,3784.26,972.92,7903.56,15187.41,8083.33,34,2023-07-22
C10968,1142-2973-5449-6492,10240.27,4410.4,2035.21,2787.55,26099.47,5095.22,3526.36,14,2024-07-19
C10969,0768-7313-3195-0474,17389.68,4784.26,1083.71,38.39,32477.98,16962.45,5732.93,12,2023-03-29
C10970,6720-4435-7478-8690,14027.21,1413.59,409.64,702.84,39433.62,5129.04,1453.13,12,2024-11-12
C10971,8360-7182-1181-7579,11870.56,278.61,14.64,2654.31,34371.73,7023.34,464.84,6,2024-10-13
C10972,2412-1477-1345-0886,13304.55,1164.19,53.63,2571.32,5836.89,867.04,574.96,1,2024-05-09
C10973,2429-9823-6459-6022,711.72,4970.98,4204.59,2836.56,43646.46,691.39,322.64,8,2024-06-07
C10974,9386-7555-7728-2984,9484.87,4515.48,1742.25,1760.03,10308.14,3748.2,2806.62,17,2024-01-18
C10975,5175-4720-5308-0772,17349.82,4763.85,2783.36,2831.97,16295.7,15244.02,4077.51,24,2023-12-29
C10976,0156-0508-1679-3532,10456.18,772.9,111.5,1794.68,6568.61,6182.58,5900.18,36,2024-01-07
C10977,0424-9086-1016-6021,1616.51,4461.36,2145.19,1418.17,13338.57,627.67,229.88,12,2023-02-01
C10978,4735-0769-9420-9749,10036.58,3166.29,3047.92,2875.45,36835.91,9095.69,1774.59,22,2024-04-22
C10979,9229-0179-6695-7827,15188.73,447.74,32.96,2947.78,13151.84,1508.19,1409.26,29,2023-03-10
C10980,6637-4746-4721-9159,16432.13,1857.37,1501.82,2673.59,18159.13,14272.66,11079.98,14,2024-12-31
C10981,1719-4171-2192-0487,19677.4,4444.04,2973.95,1712.22,27574.25,19465.21,16320.28,2,2024-12-03
C10982,7676-7698-9879-7711,15260.7,3265.82,2204.43,959.32,34049.91,13053.43,10575.31,17,2024-12-27
C10983,3572-9638-2247-2592,3374.38,1910.1,861.98,834.08,43414.75,2805.76,2054.88,22,2023-01-13
C10984,6189-6570-3381-1324,16784.67,592.59,215.21,1114.55,30868.99,2855.71,2361.35,1,2023-02-03
C10985,8977-4751-6797-9152,5218.74,349.71,329.59,2049.32,35351.14,810.67,119.54,16,2023-02-21
C10986,0244-0908-5225-9112,16886.9,362.33,181.77,346.37,43581.91,7823.6,212.34,31,2024-06-20
C10987,1293-2015-1519-0615,8898.51,2828.42,1694.37,1069.77,32977.19,5452.74,1383.54,2,2024-03-23
C10988,0527-5136-7469-6721,18331.44,4876.29,640.72,277.11,7120.62,13189.49,3998.89,6,2023-10-17
C10989,5855-2408-3082-4492,10617.41,3272.77,2039.1,645.92,14916.51,2137.8,141.47,13,2023-02-23
C10990,4640-1488-2459-3367,18992.51,3107.13,1557.41,506.84,9608.32,9729.07,7450.69,26,2023-04-02
C10991,8262-3530-6096-9326,7029.07,4186.59,1167.92,2747.19,30004.03,4445.16,1884.91,3,2024-08-09
C10992,0522-6181-2450-6779,4283.78,4077.35,3982.0,2391.54,31914.96,2726.65,447.1,1,2024-07-19
C10993,6401-3528-3097-7047,7139.45,2324.22,1994.99,1309.79,46271.88,659.76,528.81,25,2023-09-27
C10994,1473-0490-4083-9069,7988.35,2127.65,1513.31,1884.64,36009.09,7672.7,6699.81,35,2024-05-25
C10995,8468-4846-7239-6119,13233.62,2129.44,574.54,1757.76,12803.14,1860.17,1745.39,30,2024-12-14
C10996,1638-4297-6514-9130,2610.63,1232.51,717.17,1075.62,25479.17,334.59,322.96,11,2024-08-08
C10997,9840-1184-8360-7668,4557.74,4060.02,3207.51,1321.97,15845.22,1587.03,105.83,10,2023-07-16
C10998,3476-3688-2078-4182,13906.16,3942.05,660.38,388.28,23031.29,4270.81,591.09,18,2023-10-12
C10999,9554-4493-2511-3209,13792.97,2405.73,1699.66,1922.09,33539.18,13646.39,5167.74,11,2024-03-02
C11000,7727-0613-3348-1833,8935.27,4690.32,1962.23,1287.7,22182.87,1838.8,1218.88,12,2023-06-25
